projectId,hostRegionCode,cityId,hostRegion,category,categoryName,phase,areaId,areaShortCode,exactAreaName,latitude,longitude,analysisRadiusM,geometryType,lengthM,widthM,heightM,bearingDeg,zOffsetM,colorHex,opacity,renderEnabled,designDescription,implementationStatus,spatialPrecision,evidenceClass,sourceUrl,allocationCents
atlanta-service-TMP,1,atlanta,Atlanta,service,Extra transit service,temporary,atl-vine-city,ATL-VC,Vine City Station–Northside Drive approach,33.7565,-84.4038,250,animated_route,1500,2,0.5,29,0.05,#F59E0B,0.55,Yes,extra rail/bus vehicle-hours; standby operators; event timetable,concept_only,planning_anchor ±25–100 m,engineering_assumption,https://www.itsmarta.com/Vine-City.aspx,176000000
atlanta-service-PERM,1,atlanta,Atlanta,service,Extra transit service,permanent,atl-vine-city,ATL-VC,Vine City Station–Northside Drive approach,33.7565,-84.4038,250,animated_route,1500,2,1,36,0.1,#2563EB,0.85,Yes,recurring major-event service plan; fleet and stabling readiness,concept_only,planning_anchor ±25–100 m,engineering_assumption,https://www.itsmarta.com/Vine-City.aspx,44000000
atlanta-buslane-TMP,1,atlanta,Atlanta,buslane,Transit-priority lanes,temporary,atl-sec-district,ATL-SEC,GWCC/CNN Center–Andrew Young International Boulevard approach,33.7564,-84.3986,300,line_extrusion,3200,3.5,0.1,46,0.05,#F59E0B,0.55,Yes,cone- and paint-defined bus lane with enforcement,concept_only,planning_anchor ±25–100 m,engineering_assumption,https://www.mercedesbenzstadium.com/stadium-maps,48600000
atlanta-buslane-PERM,1,atlanta,Atlanta,buslane,Transit-priority lanes,permanent,atl-sec-district,ATL-SEC,GWCC/CNN Center–Andrew Young International Boulevard approach,33.7564,-84.3986,300,line_extrusion,3200,3.5,0.1,53,0.1,#2563EB,0.85,Yes,dedicated or peak-period transit-priority lane,concept_only,planning_anchor ±25–100 m,engineering_assumption,https://www.mercedesbenzstadium.com/stadium-maps,59400000
atlanta-signals-TMP,1,atlanta,Atlanta,signals,Signal timing plans,temporary,atl-sec-district,ATL-SEC,GWCC/CNN Center–Andrew Young International Boulevard approach,33.7564,-84.3986,300,point_model,1,1,3,63,0.05,#F59E0B,0.55,Yes,police/manual traffic control and temporary timing plan,concept_only,planning_anchor ±25–100 m,engineering_assumption,https://www.mercedesbenzstadium.com/stadium-maps,9000000
atlanta-signals-PERM,1,atlanta,Atlanta,signals,Signal timing plans,permanent,atl-sec-district,ATL-SEC,GWCC/CNN Center–Andrew Young International Boulevard approach,33.7564,-84.3986,300,point_model,1,1,6,70,0.1,#2563EB,0.85,Yes,adaptive controllers and transit signal priority,concept_only,planning_anchor ±25–100 m,engineering_assumption,https://www.mercedesbenzstadium.com/stadium-maps,27000000
atlanta-hub-TMP,1,atlanta,Atlanta,hub,Hub-to-stadium shuttle package,temporary,atl-sec-district,ATL-SEC,GWCC/CNN Center–Andrew Young International Boulevard approach,33.7564,-84.3986,300,polygon_extrusion,90,60,3,80,0.05,#F59E0B,0.55,Yes,pop-up shuttle zone; temporary shelters and dispatch,concept_only,planning_anchor ±25–100 m,engineering_assumption,https://www.mercedesbenzstadium.com/stadium-maps,30000000
atlanta-hub-PERM,1,atlanta,Atlanta,hub,Hub-to-stadium shuttle package,permanent,atl-sec-district,ATL-SEC,GWCC/CNN Center–Andrew Young International Boulevard approach,33.7564,-84.3986,300,polygon_extrusion,90,60,6,87,0.1,#2563EB,0.85,Yes,permanent multimodal mobility hub,concept_only,planning_anchor ±25–100 m,engineering_assumption,https://www.mercedesbenzstadium.com/stadium-maps,45000000
atlanta-parkride-TMP,1,atlanta,Atlanta,parkride,Park-and-ride package,temporary,atl-sec-district,ATL-SEC,GWCC/CNN Center–Andrew Young International Boulevard approach,33.7564,-84.3986,300,polygon_extrusion,220,150,0.2,97,0.05,#F59E0B,0.55,No,leased intercept lots and temporary signing,concept_only,planning_anchor ±25–100 m,engineering_assumption,https://www.mercedesbenzstadium.com/stadium-maps,0
atlanta-parkride-PERM,1,atlanta,Atlanta,parkride,Park-and-ride package,permanent,atl-sec-district,ATL-SEC,GWCC/CNN Center–Andrew Young International Boulevard approach,33.7564,-84.3986,300,polygon_extrusion,220,150,0.2,104,0.1,#2563EB,0.85,No,permanent park-and-ride with charging and transit access,concept_only,planning_anchor ±25–100 m,engineering_assumption,https://www.mercedesbenzstadium.com/stadium-maps,0
atlanta-ped-TMP,1,atlanta,Atlanta,ped,Protected pedestrian corridor,temporary,atl-vine-city,ATL-VC,Vine City Station–Northside Drive approach,33.7565,-84.4038,250,line_extrusion,1600,6,0.15,114,0.05,#F59E0B,0.55,No,barricaded protected corridor; marshals and lighting,concept_only,planning_anchor ±25–100 m,engineering_assumption,https://www.itsmarta.com/Vine-City.aspx,0
atlanta-ped-PERM,1,atlanta,Atlanta,ped,Protected pedestrian corridor,permanent,atl-vine-city,ATL-VC,Vine City Station–Northside Drive approach,33.7565,-84.4038,250,line_extrusion,1600,6,0.15,121,0.1,#0F766E,0.85,No,widened sidewalk; lighting; drainage and separation,concept_only,planning_anchor ±25–100 m,engineering_assumption,https://www.itsmarta.com/Vine-City.aspx,0
atlanta-bike-TMP,1,atlanta,Atlanta,bike,Protected bicycle access,temporary,atl-vine-city,ATL-VC,Vine City Station–Northside Drive approach,33.7565,-84.4038,250,line_extrusion,3200,3,0.1,131,0.05,#F59E0B,0.55,No,pop-up protected lane and attended bike valet,concept_only,planning_anchor ±25–100 m,engineering_assumption,https://www.itsmarta.com/Vine-City.aspx,0
atlanta-bike-PERM,1,atlanta,Atlanta,bike,Protected bicycle access,permanent,atl-vine-city,ATL-VC,Vine City Station–Northside Drive approach,33.7565,-84.4038,250,line_extrusion,3200,3,0.1,138,0.1,#0F766E,0.85,No,protected bikeway and secure long-term parking,concept_only,planning_anchor ±25–100 m,engineering_assumption,https://www.itsmarta.com/Vine-City.aspx,0
atlanta-tnc-TMP,1,atlanta,Atlanta,tnc,Managed rideshare hub,temporary,atl-sec-district,ATL-SEC,GWCC/CNN Center–Andrew Young International Boulevard approach,33.7564,-84.3986,300,polygon_extrusion,70,45,0.2,148,0.05,#F59E0B,0.55,Yes,staffed geofenced pickup with temporary lane control,concept_only,planning_anchor ±25–100 m,engineering_assumption,https://www.mercedesbenzstadium.com/stadium-maps,20000000
atlanta-tnc-PERM,1,atlanta,Atlanta,tnc,Managed rideshare hub,permanent,atl-sec-district,ATL-SEC,GWCC/CNN Center–Andrew Young International Boulevard approach,33.7564,-84.3986,300,polygon_extrusion,70,45,0.2,155,0.1,#2563EB,0.85,Yes,off-street rideshare hub with accessible bays,concept_only,planning_anchor ±25–100 m,engineering_assumption,https://www.mercedesbenzstadium.com/stadium-maps,20000000
atlanta-wayfinding-TMP,1,atlanta,Atlanta,wayfinding,Multilingual wayfinding,temporary,atl-vine-city,ATL-VC,Vine City Station–Northside Drive approach,33.7565,-84.4038,250,point_model,1,1,2.5,165,0.05,#F59E0B,0.55,Yes,portable signs; digital messages; multilingual ambassadors,concept_only,planning_anchor ±25–100 m,engineering_assumption,https://www.itsmarta.com/Vine-City.aspx,27000000
atlanta-wayfinding-PERM,1,atlanta,Atlanta,wayfinding,Multilingual wayfinding,permanent,atl-vine-city,ATL-VC,Vine City Station–Northside Drive approach,33.7565,-84.4038,250,point_model,1,1,4,172,0.1,#2563EB,0.85,Yes,fixed multilingual physical and digital wayfinding,concept_only,planning_anchor ±25–100 m,engineering_assumption,https://www.itsmarta.com/Vine-City.aspx,33000000
atlanta-station-TMP,1,atlanta,Atlanta,station,Station-capacity package,temporary,atl-vine-city,ATL-VC,Vine City Station–Northside Drive approach,33.7565,-84.4038,250,glb_model,120,45,6,182,0.05,#F59E0B,0.55,Yes,temporary gates; queue barriers; portable fare equipment,concept_only,planning_anchor ±25–100 m,engineering_assumption,https://www.itsmarta.com/Vine-City.aspx,50000000
atlanta-station-PERM,1,atlanta,Atlanta,station,Station-capacity package,permanent,atl-vine-city,ATL-VC,Vine City Station–Northside Drive approach,33.7565,-84.4038,250,glb_model,120,45,18,189,0.1,#2563EB,0.85,Yes,"platform, entry and circulation expansion",concept_only,planning_anchor ±25–100 m,engineering_assumption,https://www.itsmarta.com/Vine-City.aspx,200000000
atlanta-toc-TMP,1,atlanta,Atlanta,toc,Integrated traffic operations,temporary,atl-sec-district,ATL-SEC,GWCC/CNN Center–Andrew Young International Boulevard approach,33.7564,-84.3986,300,glb_model,60,40,4,199,0.05,#F59E0B,0.55,Yes,unified incident command and temporary sensor feeds,concept_only,planning_anchor ±25–100 m,engineering_assumption,https://www.mercedesbenzstadium.com/stadium-maps,37500000
atlanta-toc-PERM,1,atlanta,Atlanta,toc,Integrated traffic operations,permanent,atl-sec-district,ATL-SEC,GWCC/CNN Center–Andrew Young International Boulevard approach,33.7564,-84.3986,300,glb_model,60,40,12,206,0.1,#2563EB,0.85,Yes,integrated operations center and adaptive dispatch,concept_only,planning_anchor ±25–100 m,engineering_assumption,https://www.mercedesbenzstadium.com/stadium-maps,112500000
atlanta-access-TMP,1,atlanta,Atlanta,access,ADA/microtransit access,temporary,atl-vine-city,ATL-VC,Vine City Station–Northside Drive approach,33.7565,-84.4038,250,line_extrusion,800,3,0.1,216,0.05,#F59E0B,0.55,No,accessible shuttles; temporary ramps and staffed assistance,concept_only,planning_anchor ±25–100 m,engineering_assumption,https://www.itsmarta.com/Vine-City.aspx,0
atlanta-access-PERM,1,atlanta,Atlanta,access,ADA/microtransit access,permanent,atl-vine-city,ATL-VC,Vine City Station–Northside Drive approach,33.7565,-84.4038,250,line_extrusion,800,3,0.1,223,0.1,#2563EB,0.85,No,ADA ramps; tactile guidance; accessible first/last-mile network,concept_only,planning_anchor ±25–100 m,engineering_assumption,https://www.itsmarta.com/Vine-City.aspx,0
boston-service-TMP,2,boston,Boston,service,Extra transit service,temporary,bos-foxboro-station,BOS-FXR,Foxboro Station platform and stadium underpass,42.0889,-71.2597,250,animated_route,1500,2,0.5,58,0.05,#F59E0B,0.55,Yes,extra rail/bus vehicle-hours; standby operators; event timetable,concept_only,planning_anchor ±25–100 m,engineering_assumption,https://www.mbta.com/stops/place-FB-0191,132000000
boston-service-PERM,2,boston,Boston,service,Extra transit service,permanent,bos-foxboro-station,BOS-FXR,Foxboro Station platform and stadium underpass,42.0889,-71.2597,250,animated_route,1500,2,1,65,0.1,#2563EB,0.85,Yes,recurring major-event service plan; fleet and stabling readiness,concept_only,planning_anchor ±25–100 m,engineering_assumption,https://www.mbta.com/stops/place-FB-0191,33000000
boston-buslane-TMP,2,boston,Boston,buslane,Transit-priority lanes,temporary,bos-patriot-place-gate-a,BOS-GA,Patriot Place north plaza and Gate A,42.0916,-71.2648,300,line_extrusion,3200,3.5,0.1,75,0.05,#F59E0B,0.55,Yes,cone- and paint-defined bus lane with enforcement,concept_only,planning_anchor ±25–100 m,engineering_assumption,https://www.gillettestadium.com/,64800000
boston-buslane-PERM,2,boston,Boston,buslane,Transit-priority lanes,permanent,bos-patriot-place-gate-a,BOS-GA,Patriot Place north plaza and Gate A,42.0916,-71.2648,300,line_extrusion,3200,3.5,0.1,82,0.1,#2563EB,0.85,Yes,dedicated or peak-period transit-priority lane,concept_only,planning_anchor ±25–100 m,engineering_assumption,https://www.gillettestadium.com/,79200000
boston-signals-TMP,2,boston,Boston,signals,Signal timing plans,temporary,bos-patriot-place-gate-a,BOS-GA,Patriot Place north plaza and Gate A,42.0916,-71.2648,300,point_model,1,1,3,92,0.05,#F59E0B,0.55,Yes,police/manual traffic control and temporary timing plan,concept_only,planning_anchor ±25–100 m,engineering_assumption,https://www.gillettestadium.com/,6750000
boston-signals-PERM,2,boston,Boston,signals,Signal timing plans,permanent,bos-patriot-place-gate-a,BOS-GA,Patriot Place north plaza and Gate A,42.0916,-71.2648,300,point_model,1,1,6,99,0.1,#2563EB,0.85,Yes,adaptive controllers and transit signal priority,concept_only,planning_anchor ±25–100 m,engineering_assumption,https://www.gillettestadium.com/,20250000
boston-hub-TMP,2,boston,Boston,hub,Hub-to-stadium shuttle package,temporary,bos-patriot-place-gate-a,BOS-GA,Patriot Place north plaza and Gate A,42.0916,-71.2648,300,polygon_extrusion,90,60,3,109,0.05,#F59E0B,0.55,Yes,pop-up shuttle zone; temporary shelters and dispatch,concept_only,planning_anchor ±25–100 m,engineering_assumption,https://www.gillettestadium.com/,90000000
boston-hub-PERM,2,boston,Boston,hub,Hub-to-stadium shuttle package,permanent,bos-patriot-place-gate-a,BOS-GA,Patriot Place north plaza and Gate A,42.0916,-71.2648,300,polygon_extrusion,90,60,6,116,0.1,#2563EB,0.85,Yes,permanent multimodal mobility hub,concept_only,planning_anchor ±25–100 m,engineering_assumption,https://www.gillettestadium.com/,135000000
boston-parkride-TMP,2,boston,Boston,parkride,Park-and-ride package,temporary,bos-patriot-place-gate-a,BOS-GA,Patriot Place north plaza and Gate A,42.0916,-71.2648,300,polygon_extrusion,220,150,0.2,126,0.05,#F59E0B,0.55,Yes,leased intercept lots and temporary signing,concept_only,planning_anchor ±25–100 m,engineering_assumption,https://www.gillettestadium.com/,22500000
boston-parkride-PERM,2,boston,Boston,parkride,Park-and-ride package,permanent,bos-patriot-place-gate-a,BOS-GA,Patriot Place north plaza and Gate A,42.0916,-71.2648,300,polygon_extrusion,220,150,0.2,133,0.1,#2563EB,0.85,Yes,permanent park-and-ride with charging and transit access,concept_only,planning_anchor ±25–100 m,engineering_assumption,https://www.gillettestadium.com/,22500000
boston-ped-TMP,2,boston,Boston,ped,Protected pedestrian corridor,temporary,bos-foxboro-station,BOS-FXR,Foxboro Station platform and stadium underpass,42.0889,-71.2597,250,line_extrusion,1600,6,0.15,143,0.05,#F59E0B,0.55,No,barricaded protected corridor; marshals and lighting,concept_only,planning_anchor ±25–100 m,engineering_assumption,https://www.mbta.com/stops/place-FB-0191,0
boston-ped-PERM,2,boston,Boston,ped,Protected pedestrian corridor,permanent,bos-foxboro-station,BOS-FXR,Foxboro Station platform and stadium underpass,42.0889,-71.2597,250,line_extrusion,1600,6,0.15,150,0.1,#0F766E,0.85,No,widened sidewalk; lighting; drainage and separation,concept_only,planning_anchor ±25–100 m,engineering_assumption,https://www.mbta.com/stops/place-FB-0191,0
boston-bike-TMP,2,boston,Boston,bike,Protected bicycle access,temporary,bos-foxboro-station,BOS-FXR,Foxboro Station platform and stadium underpass,42.0889,-71.2597,250,line_extrusion,3200,3,0.1,160,0.05,#F59E0B,0.55,No,pop-up protected lane and attended bike valet,concept_only,planning_anchor ±25–100 m,engineering_assumption,https://www.mbta.com/stops/place-FB-0191,0
boston-bike-PERM,2,boston,Boston,bike,Protected bicycle access,permanent,bos-foxboro-station,BOS-FXR,Foxboro Station platform and stadium underpass,42.0889,-71.2597,250,line_extrusion,3200,3,0.1,167,0.1,#0F766E,0.85,No,protected bikeway and secure long-term parking,concept_only,planning_anchor ±25–100 m,engineering_assumption,https://www.mbta.com/stops/place-FB-0191,0
boston-tnc-TMP,2,boston,Boston,tnc,Managed rideshare hub,temporary,bos-patriot-place-gate-a,BOS-GA,Patriot Place north plaza and Gate A,42.0916,-71.2648,300,polygon_extrusion,70,45,0.2,177,0.05,#F59E0B,0.55,Yes,staffed geofenced pickup with temporary lane control,concept_only,planning_anchor ±25–100 m,engineering_assumption,https://www.gillettestadium.com/,40000000
boston-tnc-PERM,2,boston,Boston,tnc,Managed rideshare hub,permanent,bos-patriot-place-gate-a,BOS-GA,Patriot Place north plaza and Gate A,42.0916,-71.2648,300,polygon_extrusion,70,45,0.2,184,0.1,#2563EB,0.85,Yes,off-street rideshare hub with accessible bays,concept_only,planning_anchor ±25–100 m,engineering_assumption,https://www.gillettestadium.com/,40000000
boston-wayfinding-TMP,2,boston,Boston,wayfinding,Multilingual wayfinding,temporary,bos-foxboro-station,BOS-FXR,Foxboro Station platform and stadium underpass,42.0889,-71.2597,250,point_model,1,1,2.5,194,0.05,#F59E0B,0.55,Yes,portable signs; digital messages; multilingual ambassadors,concept_only,planning_anchor ±25–100 m,engineering_assumption,https://www.mbta.com/stops/place-FB-0191,13500000
boston-wayfinding-PERM,2,boston,Boston,wayfinding,Multilingual wayfinding,permanent,bos-foxboro-station,BOS-FXR,Foxboro Station platform and stadium underpass,42.0889,-71.2597,250,point_model,1,1,4,201,0.1,#2563EB,0.85,Yes,fixed multilingual physical and digital wayfinding,concept_only,planning_anchor ±25–100 m,engineering_assumption,https://www.mbta.com/stops/place-FB-0191,16500000
boston-station-TMP,2,boston,Boston,station,Station-capacity package,temporary,bos-foxboro-station,BOS-FXR,Foxboro Station platform and stadium underpass,42.0889,-71.2597,250,glb_model,120,45,6,211,0.05,#F59E0B,0.55,No,temporary gates; queue barriers; portable fare equipment,concept_only,planning_anchor ±25–100 m,engineering_assumption,https://www.mbta.com/stops/place-FB-0191,0
boston-station-PERM,2,boston,Boston,station,Station-capacity package,permanent,bos-foxboro-station,BOS-FXR,Foxboro Station platform and stadium underpass,42.0889,-71.2597,250,glb_model,120,45,18,218,0.1,#2563EB,0.85,No,"platform, entry and circulation expansion",concept_only,planning_anchor ±25–100 m,engineering_assumption,https://www.mbta.com/stops/place-FB-0191,0
boston-toc-TMP,2,boston,Boston,toc,Integrated traffic operations,temporary,bos-patriot-place-gate-a,BOS-GA,Patriot Place north plaza and Gate A,42.0916,-71.2648,300,glb_model,60,40,4,228,0.05,#F59E0B,0.55,Yes,unified incident command and temporary sensor feeds,concept_only,planning_anchor ±25–100 m,engineering_assumption,https://www.gillettestadium.com/,37500000
boston-toc-PERM,2,boston,Boston,toc,Integrated traffic operations,permanent,bos-patriot-place-gate-a,BOS-GA,Patriot Place north plaza and Gate A,42.0916,-71.2648,300,glb_model,60,40,12,235,0.1,#2563EB,0.85,Yes,integrated operations center and adaptive dispatch,concept_only,planning_anchor ±25–100 m,engineering_assumption,https://www.gillettestadium.com/,112500000
boston-access-TMP,2,boston,Boston,access,ADA/microtransit access,temporary,bos-foxboro-station,BOS-FXR,Foxboro Station platform and stadium underpass,42.0889,-71.2597,250,line_extrusion,800,3,0.1,245,0.05,#F59E0B,0.55,No,accessible shuttles; temporary ramps and staffed assistance,concept_only,planning_anchor ±25–100 m,engineering_assumption,https://www.mbta.com/stops/place-FB-0191,0
boston-access-PERM,2,boston,Boston,access,ADA/microtransit access,permanent,bos-foxboro-station,BOS-FXR,Foxboro Station platform and stadium underpass,42.0889,-71.2597,250,line_extrusion,800,3,0.1,252,0.1,#2563EB,0.85,No,ADA ramps; tactile guidance; accessible first/last-mile network,concept_only,planning_anchor ±25–100 m,engineering_assumption,https://www.mbta.com/stops/place-FB-0191,0
dallas-service-TMP,3,dallas,Dallas,service,Extra transit service,temporary,dal-att-way-east-plaza,DAL-EPL,AT&T Way east plaza approach,32.7479,-97.0909,300,animated_route,1500,2,0.5,87,0.05,#F59E0B,0.55,Yes,extra rail/bus vehicle-hours; standby operators; event timetable,concept_only,planning_anchor ±25–100 m,engineering_assumption,https://attstadium.com/stadium-info/parking/,176000000
dallas-service-PERM,3,dallas,Dallas,service,Extra transit service,permanent,dal-att-way-east-plaza,DAL-EPL,AT&T Way east plaza approach,32.7479,-97.0909,300,animated_route,1500,2,1,94,0.1,#2563EB,0.85,Yes,recurring major-event service plan; fleet and stabling readiness,concept_only,planning_anchor ±25–100 m,engineering_assumption,https://attstadium.com/stadium-info/parking/,44000000
dallas-buslane-TMP,3,dallas,Dallas,buslane,Transit-priority lanes,temporary,dal-miller-litehouse,DAL-MLH,Miller LiteHouse pickup at North Collins Street and Cowboys Way,32.7506,-97.0915,350,line_extrusion,3200,3.5,0.1,104,0.05,#F59E0B,0.55,Yes,cone- and paint-defined bus lane with enforcement,concept_only,planning_anchor ±25–100 m,engineering_assumption,https://attstadium.com/stadium-info/parking/,64800000
dallas-buslane-PERM,3,dallas,Dallas,buslane,Transit-priority lanes,permanent,dal-miller-litehouse,DAL-MLH,Miller LiteHouse pickup at North Collins Street and Cowboys Way,32.7506,-97.0915,350,line_extrusion,3200,3.5,0.1,111,0.1,#2563EB,0.85,Yes,dedicated or peak-period transit-priority lane,concept_only,planning_anchor ±25–100 m,engineering_assumption,https://attstadium.com/stadium-info/parking/,79200000
dallas-signals-TMP,3,dallas,Dallas,signals,Signal timing plans,temporary,dal-miller-litehouse,DAL-MLH,Miller LiteHouse pickup at North Collins Street and Cowboys Way,32.7506,-97.0915,350,point_model,1,1,3,121,0.05,#F59E0B,0.55,Yes,police/manual traffic control and temporary timing plan,concept_only,planning_anchor ±25–100 m,engineering_assumption,https://attstadium.com/stadium-info/parking/,9000000
dallas-signals-PERM,3,dallas,Dallas,signals,Signal timing plans,permanent,dal-miller-litehouse,DAL-MLH,Miller LiteHouse pickup at North Collins Street and Cowboys Way,32.7506,-97.0915,350,point_model,1,1,6,128,0.1,#2563EB,0.85,Yes,adaptive controllers and transit signal priority,concept_only,planning_anchor ±25–100 m,engineering_assumption,https://attstadium.com/stadium-info/parking/,27000000
dallas-hub-TMP,3,dallas,Dallas,hub,Hub-to-stadium shuttle package,temporary,dal-miller-litehouse,DAL-MLH,Miller LiteHouse pickup at North Collins Street and Cowboys Way,32.7506,-97.0915,350,polygon_extrusion,90,60,3,138,0.05,#F59E0B,0.55,Yes,pop-up shuttle zone; temporary shelters and dispatch,concept_only,planning_anchor ±25–100 m,engineering_assumption,https://attstadium.com/stadium-info/parking/,90000000
dallas-hub-PERM,3,dallas,Dallas,hub,Hub-to-stadium shuttle package,permanent,dal-miller-litehouse,DAL-MLH,Miller LiteHouse pickup at North Collins Street and Cowboys Way,32.7506,-97.0915,350,polygon_extrusion,90,60,6,145,0.1,#2563EB,0.85,Yes,permanent multimodal mobility hub,concept_only,planning_anchor ±25–100 m,engineering_assumption,https://attstadium.com/stadium-info/parking/,135000000
dallas-parkride-TMP,3,dallas,Dallas,parkride,Park-and-ride package,temporary,dal-miller-litehouse,DAL-MLH,Miller LiteHouse pickup at North Collins Street and Cowboys Way,32.7506,-97.0915,350,polygon_extrusion,220,150,0.2,155,0.05,#F59E0B,0.55,Yes,leased intercept lots and temporary signing,concept_only,planning_anchor ±25–100 m,engineering_assumption,https://attstadium.com/stadium-info/parking/,45000000
dallas-parkride-PERM,3,dallas,Dallas,parkride,Park-and-ride package,permanent,dal-miller-litehouse,DAL-MLH,Miller LiteHouse pickup at North Collins Street and Cowboys Way,32.7506,-97.0915,350,polygon_extrusion,220,150,0.2,162,0.1,#2563EB,0.85,Yes,permanent park-and-ride with charging and transit access,concept_only,planning_anchor ±25–100 m,engineering_assumption,https://attstadium.com/stadium-info/parking/,45000000
dallas-ped-TMP,3,dallas,Dallas,ped,Protected pedestrian corridor,temporary,dal-att-way-east-plaza,DAL-EPL,AT&T Way east plaza approach,32.7479,-97.0909,300,line_extrusion,1600,6,0.15,172,0.05,#F59E0B,0.55,No,barricaded protected corridor; marshals and lighting,concept_only,planning_anchor ±25–100 m,engineering_assumption,https://attstadium.com/stadium-info/parking/,0
dallas-ped-PERM,3,dallas,Dallas,ped,Protected pedestrian corridor,permanent,dal-att-way-east-plaza,DAL-EPL,AT&T Way east plaza approach,32.7479,-97.0909,300,line_extrusion,1600,6,0.15,179,0.1,#0F766E,0.85,No,widened sidewalk; lighting; drainage and separation,concept_only,planning_anchor ±25–100 m,engineering_assumption,https://attstadium.com/stadium-info/parking/,0
dallas-bike-TMP,3,dallas,Dallas,bike,Protected bicycle access,temporary,dal-att-way-east-plaza,DAL-EPL,AT&T Way east plaza approach,32.7479,-97.0909,300,line_extrusion,3200,3,0.1,189,0.05,#F59E0B,0.55,No,pop-up protected lane and attended bike valet,concept_only,planning_anchor ±25–100 m,engineering_assumption,https://attstadium.com/stadium-info/parking/,0
dallas-bike-PERM,3,dallas,Dallas,bike,Protected bicycle access,permanent,dal-att-way-east-plaza,DAL-EPL,AT&T Way east plaza approach,32.7479,-97.0909,300,line_extrusion,3200,3,0.1,196,0.1,#0F766E,0.85,No,protected bikeway and secure long-term parking,concept_only,planning_anchor ±25–100 m,engineering_assumption,https://attstadium.com/stadium-info/parking/,0
dallas-tnc-TMP,3,dallas,Dallas,tnc,Managed rideshare hub,temporary,dal-miller-litehouse,DAL-MLH,Miller LiteHouse pickup at North Collins Street and Cowboys Way,32.7506,-97.0915,350,polygon_extrusion,70,45,0.2,206,0.05,#F59E0B,0.55,Yes,staffed geofenced pickup with temporary lane control,concept_only,planning_anchor ±25–100 m,engineering_assumption,https://attstadium.com/stadium-info/parking/,60000000
dallas-tnc-PERM,3,dallas,Dallas,tnc,Managed rideshare hub,permanent,dal-miller-litehouse,DAL-MLH,Miller LiteHouse pickup at North Collins Street and Cowboys Way,32.7506,-97.0915,350,polygon_extrusion,70,45,0.2,213,0.1,#2563EB,0.85,Yes,off-street rideshare hub with accessible bays,concept_only,planning_anchor ±25–100 m,engineering_assumption,https://attstadium.com/stadium-info/parking/,60000000
dallas-wayfinding-TMP,3,dallas,Dallas,wayfinding,Multilingual wayfinding,temporary,dal-att-way-east-plaza,DAL-EPL,AT&T Way east plaza approach,32.7479,-97.0909,300,point_model,1,1,2.5,223,0.05,#F59E0B,0.55,No,portable signs; digital messages; multilingual ambassadors,concept_only,planning_anchor ±25–100 m,engineering_assumption,https://attstadium.com/stadium-info/parking/,0
dallas-wayfinding-PERM,3,dallas,Dallas,wayfinding,Multilingual wayfinding,permanent,dal-att-way-east-plaza,DAL-EPL,AT&T Way east plaza approach,32.7479,-97.0909,300,point_model,1,1,4,230,0.1,#2563EB,0.85,No,fixed multilingual physical and digital wayfinding,concept_only,planning_anchor ±25–100 m,engineering_assumption,https://attstadium.com/stadium-info/parking/,0
dallas-station-TMP,3,dallas,Dallas,station,Station-capacity package,temporary,dal-att-way-east-plaza,DAL-EPL,AT&T Way east plaza approach,32.7479,-97.0909,300,glb_model,120,45,6,240,0.05,#F59E0B,0.55,No,temporary gates; queue barriers; portable fare equipment,concept_only,planning_anchor ±25–100 m,engineering_assumption,https://attstadium.com/stadium-info/parking/,0
dallas-station-PERM,3,dallas,Dallas,station,Station-capacity package,permanent,dal-att-way-east-plaza,DAL-EPL,AT&T Way east plaza approach,32.7479,-97.0909,300,glb_model,120,45,18,247,0.1,#2563EB,0.85,No,"platform, entry and circulation expansion",concept_only,planning_anchor ±25–100 m,engineering_assumption,https://attstadium.com/stadium-info/parking/,0
dallas-toc-TMP,3,dallas,Dallas,toc,Integrated traffic operations,temporary,dal-miller-litehouse,DAL-MLH,Miller LiteHouse pickup at North Collins Street and Cowboys Way,32.7506,-97.0915,350,glb_model,60,40,4,257,0.05,#F59E0B,0.55,Yes,unified incident command and temporary sensor feeds,concept_only,planning_anchor ±25–100 m,engineering_assumption,https://attstadium.com/stadium-info/parking/,37500000
dallas-toc-PERM,3,dallas,Dallas,toc,Integrated traffic operations,permanent,dal-miller-litehouse,DAL-MLH,Miller LiteHouse pickup at North Collins Street and Cowboys Way,32.7506,-97.0915,350,glb_model,60,40,12,264,0.1,#2563EB,0.85,Yes,integrated operations center and adaptive dispatch,concept_only,planning_anchor ±25–100 m,engineering_assumption,https://attstadium.com/stadium-info/parking/,112500000
dallas-access-TMP,3,dallas,Dallas,access,ADA/microtransit access,temporary,dal-att-way-east-plaza,DAL-EPL,AT&T Way east plaza approach,32.7479,-97.0909,300,line_extrusion,800,3,0.1,274,0.05,#F59E0B,0.55,No,accessible shuttles; temporary ramps and staffed assistance,concept_only,planning_anchor ±25–100 m,engineering_assumption,https://attstadium.com/stadium-info/parking/,0
dallas-access-PERM,3,dallas,Dallas,access,ADA/microtransit access,permanent,dal-att-way-east-plaza,DAL-EPL,AT&T Way east plaza approach,32.7479,-97.0909,300,line_extrusion,800,3,0.1,281,0.1,#2563EB,0.85,No,ADA ramps; tactile guidance; accessible first/last-mile network,concept_only,planning_anchor ±25–100 m,engineering_assumption,https://attstadium.com/stadium-info/parking/,0
houston-service-TMP,4,houston,Houston,service,Extra transit service,temporary,hou-stadium-park-astrodome,HOU-SPA,Stadium Park/Astrodome Station–Fannin Street approach,29.6852,-95.407,250,animated_route,1500,2,0.5,116,0.05,#F59E0B,0.55,Yes,extra rail/bus vehicle-hours; standby operators; event timetable,concept_only,planning_anchor ±25–100 m,engineering_assumption,https://www.ridemetro.org/riding-metro/houston-attractions/reliant-park,88000000
houston-service-PERM,4,houston,Houston,service,Extra transit service,permanent,hou-stadium-park-astrodome,HOU-SPA,Stadium Park/Astrodome Station–Fannin Street approach,29.6852,-95.407,250,animated_route,1500,2,1,123,0.1,#2563EB,0.85,Yes,recurring major-event service plan; fleet and stabling readiness,concept_only,planning_anchor ±25–100 m,engineering_assumption,https://www.ridemetro.org/riding-metro/houston-attractions/reliant-park,22000000
houston-buslane-TMP,4,houston,Houston,buslane,Transit-priority lanes,temporary,hou-kirby-nrg,HOU-KIR,Kirby Drive and NRG Parkway west gate,29.6846,-95.4141,300,line_extrusion,3200,3.5,0.1,133,0.05,#F59E0B,0.55,Yes,cone- and paint-defined bus lane with enforcement,concept_only,planning_anchor ±25–100 m,engineering_assumption,https://www.reliantpark.com/maps/,64800000
houston-buslane-PERM,4,houston,Houston,buslane,Transit-priority lanes,permanent,hou-kirby-nrg,HOU-KIR,Kirby Drive and NRG Parkway west gate,29.6846,-95.4141,300,line_extrusion,3200,3.5,0.1,140,0.1,#2563EB,0.85,Yes,dedicated or peak-period transit-priority lane,concept_only,planning_anchor ±25–100 m,engineering_assumption,https://www.reliantpark.com/maps/,79200000
houston-signals-TMP,4,houston,Houston,signals,Signal timing plans,temporary,hou-kirby-nrg,HOU-KIR,Kirby Drive and NRG Parkway west gate,29.6846,-95.4141,300,point_model,1,1,3,150,0.05,#F59E0B,0.55,Yes,police/manual traffic control and temporary timing plan,concept_only,planning_anchor ±25–100 m,engineering_assumption,https://www.reliantpark.com/maps/,9000000
houston-signals-PERM,4,houston,Houston,signals,Signal timing plans,permanent,hou-kirby-nrg,HOU-KIR,Kirby Drive and NRG Parkway west gate,29.6846,-95.4141,300,point_model,1,1,6,157,0.1,#2563EB,0.85,Yes,adaptive controllers and transit signal priority,concept_only,planning_anchor ±25–100 m,engineering_assumption,https://www.reliantpark.com/maps/,27000000
houston-hub-TMP,4,houston,Houston,hub,Hub-to-stadium shuttle package,temporary,hou-kirby-nrg,HOU-KIR,Kirby Drive and NRG Parkway west gate,29.6846,-95.4141,300,polygon_extrusion,90,60,3,167,0.05,#F59E0B,0.55,Yes,pop-up shuttle zone; temporary shelters and dispatch,concept_only,planning_anchor ±25–100 m,engineering_assumption,https://www.reliantpark.com/maps/,60000000
houston-hub-PERM,4,houston,Houston,hub,Hub-to-stadium shuttle package,permanent,hou-kirby-nrg,HOU-KIR,Kirby Drive and NRG Parkway west gate,29.6846,-95.4141,300,polygon_extrusion,90,60,6,174,0.1,#2563EB,0.85,Yes,permanent multimodal mobility hub,concept_only,planning_anchor ±25–100 m,engineering_assumption,https://www.reliantpark.com/maps/,90000000
houston-parkride-TMP,4,houston,Houston,parkride,Park-and-ride package,temporary,hou-kirby-nrg,HOU-KIR,Kirby Drive and NRG Parkway west gate,29.6846,-95.4141,300,polygon_extrusion,220,150,0.2,184,0.05,#F59E0B,0.55,Yes,leased intercept lots and temporary signing,concept_only,planning_anchor ±25–100 m,engineering_assumption,https://www.reliantpark.com/maps/,22500000
houston-parkride-PERM,4,houston,Houston,parkride,Park-and-ride package,permanent,hou-kirby-nrg,HOU-KIR,Kirby Drive and NRG Parkway west gate,29.6846,-95.4141,300,polygon_extrusion,220,150,0.2,191,0.1,#2563EB,0.85,Yes,permanent park-and-ride with charging and transit access,concept_only,planning_anchor ±25–100 m,engineering_assumption,https://www.reliantpark.com/maps/,22500000
houston-ped-TMP,4,houston,Houston,ped,Protected pedestrian corridor,temporary,hou-stadium-park-astrodome,HOU-SPA,Stadium Park/Astrodome Station–Fannin Street approach,29.6852,-95.407,250,line_extrusion,1600,6,0.15,201,0.05,#F59E0B,0.55,No,barricaded protected corridor; marshals and lighting,concept_only,planning_anchor ±25–100 m,engineering_assumption,https://www.ridemetro.org/riding-metro/houston-attractions/reliant-park,0
houston-ped-PERM,4,houston,Houston,ped,Protected pedestrian corridor,permanent,hou-stadium-park-astrodome,HOU-SPA,Stadium Park/Astrodome Station–Fannin Street approach,29.6852,-95.407,250,line_extrusion,1600,6,0.15,208,0.1,#0F766E,0.85,No,widened sidewalk; lighting; drainage and separation,concept_only,planning_anchor ±25–100 m,engineering_assumption,https://www.ridemetro.org/riding-metro/houston-attractions/reliant-park,0
houston-bike-TMP,4,houston,Houston,bike,Protected bicycle access,temporary,hou-stadium-park-astrodome,HOU-SPA,Stadium Park/Astrodome Station–Fannin Street approach,29.6852,-95.407,250,line_extrusion,3200,3,0.1,218,0.05,#F59E0B,0.55,No,pop-up protected lane and attended bike valet,concept_only,planning_anchor ±25–100 m,engineering_assumption,https://www.ridemetro.org/riding-metro/houston-attractions/reliant-park,0
houston-bike-PERM,4,houston,Houston,bike,Protected bicycle access,permanent,hou-stadium-park-astrodome,HOU-SPA,Stadium Park/Astrodome Station–Fannin Street approach,29.6852,-95.407,250,line_extrusion,3200,3,0.1,225,0.1,#0F766E,0.85,No,protected bikeway and secure long-term parking,concept_only,planning_anchor ±25–100 m,engineering_assumption,https://www.ridemetro.org/riding-metro/houston-attractions/reliant-park,0
houston-tnc-TMP,4,houston,Houston,tnc,Managed rideshare hub,temporary,hou-kirby-nrg,HOU-KIR,Kirby Drive and NRG Parkway west gate,29.6846,-95.4141,300,polygon_extrusion,70,45,0.2,235,0.05,#F59E0B,0.55,Yes,staffed geofenced pickup with temporary lane control,concept_only,planning_anchor ±25–100 m,engineering_assumption,https://www.reliantpark.com/maps/,40000000
houston-tnc-PERM,4,houston,Houston,tnc,Managed rideshare hub,permanent,hou-kirby-nrg,HOU-KIR,Kirby Drive and NRG Parkway west gate,29.6846,-95.4141,300,polygon_extrusion,70,45,0.2,242,0.1,#2563EB,0.85,Yes,off-street rideshare hub with accessible bays,concept_only,planning_anchor ±25–100 m,engineering_assumption,https://www.reliantpark.com/maps/,40000000
houston-wayfinding-TMP,4,houston,Houston,wayfinding,Multilingual wayfinding,temporary,hou-stadium-park-astrodome,HOU-SPA,Stadium Park/Astrodome Station–Fannin Street approach,29.6852,-95.407,250,point_model,1,1,2.5,252,0.05,#F59E0B,0.55,Yes,portable signs; digital messages; multilingual ambassadors,concept_only,planning_anchor ±25–100 m,engineering_assumption,https://www.ridemetro.org/riding-metro/houston-attractions/reliant-park,27000000
houston-wayfinding-PERM,4,houston,Houston,wayfinding,Multilingual wayfinding,permanent,hou-stadium-park-astrodome,HOU-SPA,Stadium Park/Astrodome Station–Fannin Street approach,29.6852,-95.407,250,point_model,1,1,4,259,0.1,#2563EB,0.85,Yes,fixed multilingual physical and digital wayfinding,concept_only,planning_anchor ±25–100 m,engineering_assumption,https://www.ridemetro.org/riding-metro/houston-attractions/reliant-park,33000000
houston-station-TMP,4,houston,Houston,station,Station-capacity package,temporary,hou-stadium-park-astrodome,HOU-SPA,Stadium Park/Astrodome Station–Fannin Street approach,29.6852,-95.407,250,glb_model,120,45,6,269,0.05,#F59E0B,0.55,Yes,temporary gates; queue barriers; portable fare equipment,concept_only,planning_anchor ±25–100 m,engineering_assumption,https://www.ridemetro.org/riding-metro/houston-attractions/reliant-park,25000000
houston-station-PERM,4,houston,Houston,station,Station-capacity package,permanent,hou-stadium-park-astrodome,HOU-SPA,Stadium Park/Astrodome Station–Fannin Street approach,29.6852,-95.407,250,glb_model,120,45,18,276,0.1,#2563EB,0.85,Yes,"platform, entry and circulation expansion",concept_only,planning_anchor ±25–100 m,engineering_assumption,https://www.ridemetro.org/riding-metro/houston-attractions/reliant-park,100000000
houston-toc-TMP,4,houston,Houston,toc,Integrated traffic operations,temporary,hou-kirby-nrg,HOU-KIR,Kirby Drive and NRG Parkway west gate,29.6846,-95.4141,300,glb_model,60,40,4,286,0.05,#F59E0B,0.55,Yes,unified incident command and temporary sensor feeds,concept_only,planning_anchor ±25–100 m,engineering_assumption,https://www.reliantpark.com/maps/,37500000
houston-toc-PERM,4,houston,Houston,toc,Integrated traffic operations,permanent,hou-kirby-nrg,HOU-KIR,Kirby Drive and NRG Parkway west gate,29.6846,-95.4141,300,glb_model,60,40,12,293,0.1,#2563EB,0.85,Yes,integrated operations center and adaptive dispatch,concept_only,planning_anchor ±25–100 m,engineering_assumption,https://www.reliantpark.com/maps/,112500000
houston-access-TMP,4,houston,Houston,access,ADA/microtransit access,temporary,hou-stadium-park-astrodome,HOU-SPA,Stadium Park/Astrodome Station–Fannin Street approach,29.6852,-95.407,250,line_extrusion,800,3,0.1,303,0.05,#F59E0B,0.55,No,accessible shuttles; temporary ramps and staffed assistance,concept_only,planning_anchor ±25–100 m,engineering_assumption,https://www.ridemetro.org/riding-metro/houston-attractions/reliant-park,0
houston-access-PERM,4,houston,Houston,access,ADA/microtransit access,permanent,hou-stadium-park-astrodome,HOU-SPA,Stadium Park/Astrodome Station–Fannin Street approach,29.6852,-95.407,250,line_extrusion,800,3,0.1,310,0.1,#2563EB,0.85,No,ADA ramps; tactile guidance; accessible first/last-mile network,concept_only,planning_anchor ±25–100 m,engineering_assumption,https://www.ridemetro.org/riding-metro/houston-attractions/reliant-park,0
kansas-city-service-TMP,5,kansas-city,Kansas City,service,Extra transit service,temporary,kc-blue-ridge-gate3,KC-BRC,Blue Ridge Cutoff Gate 3 and bus zone,39.0471,-94.4806,350,animated_route,1500,2,0.5,145,0.05,#F59E0B,0.55,Yes,extra rail/bus vehicle-hours; standby operators; event timetable,concept_only,planning_anchor ±25–100 m,engineering_assumption,https://www.arrowheadstadiumkc.com/plan-your-visit/parking-tailgating/maps-directions,132000000
kansas-city-service-PERM,5,kansas-city,Kansas City,service,Extra transit service,permanent,kc-blue-ridge-gate3,KC-BRC,Blue Ridge Cutoff Gate 3 and bus zone,39.0471,-94.4806,350,animated_route,1500,2,1,152,0.1,#2563EB,0.85,Yes,recurring major-event service plan; fleet and stabling readiness,concept_only,planning_anchor ±25–100 m,engineering_assumption,https://www.arrowheadstadiumkc.com/plan-your-visit/parking-tailgating/maps-directions,33000000
kansas-city-buslane-TMP,5,kansas-city,Kansas City,buslane,Transit-priority lanes,temporary,kc-west-plaza,KC-WPL,Arrowhead west parking and plaza approach,39.0491,-94.4871,400,line_extrusion,3200,3.5,0.1,162,0.05,#F59E0B,0.55,Yes,cone- and paint-defined bus lane with enforcement,concept_only,planning_anchor ±25–100 m,engineering_assumption,https://www.arrowheadstadiumkc.com/plan-your-visit/parking-tailgating/maps-directions,64800000
kansas-city-buslane-PERM,5,kansas-city,Kansas City,buslane,Transit-priority lanes,permanent,kc-west-plaza,KC-WPL,Arrowhead west parking and plaza approach,39.0491,-94.4871,400,line_extrusion,3200,3.5,0.1,169,0.1,#2563EB,0.85,Yes,dedicated or peak-period transit-priority lane,concept_only,planning_anchor ±25–100 m,engineering_assumption,https://www.arrowheadstadiumkc.com/plan-your-visit/parking-tailgating/maps-directions,79200000
kansas-city-signals-TMP,5,kansas-city,Kansas City,signals,Signal timing plans,temporary,kc-west-plaza,KC-WPL,Arrowhead west parking and plaza approach,39.0491,-94.4871,400,point_model,1,1,3,179,0.05,#F59E0B,0.55,Yes,police/manual traffic control and temporary timing plan,concept_only,planning_anchor ±25–100 m,engineering_assumption,https://www.arrowheadstadiumkc.com/plan-your-visit/parking-tailgating/maps-directions,9000000
kansas-city-signals-PERM,5,kansas-city,Kansas City,signals,Signal timing plans,permanent,kc-west-plaza,KC-WPL,Arrowhead west parking and plaza approach,39.0491,-94.4871,400,point_model,1,1,6,186,0.1,#2563EB,0.85,Yes,adaptive controllers and transit signal priority,concept_only,planning_anchor ±25–100 m,engineering_assumption,https://www.arrowheadstadiumkc.com/plan-your-visit/parking-tailgating/maps-directions,27000000
kansas-city-hub-TMP,5,kansas-city,Kansas City,hub,Hub-to-stadium shuttle package,temporary,kc-west-plaza,KC-WPL,Arrowhead west parking and plaza approach,39.0491,-94.4871,400,polygon_extrusion,90,60,3,196,0.05,#F59E0B,0.55,Yes,pop-up shuttle zone; temporary shelters and dispatch,concept_only,planning_anchor ±25–100 m,engineering_assumption,https://www.arrowheadstadiumkc.com/plan-your-visit/parking-tailgating/maps-directions,90000000
kansas-city-hub-PERM,5,kansas-city,Kansas City,hub,Hub-to-stadium shuttle package,permanent,kc-west-plaza,KC-WPL,Arrowhead west parking and plaza approach,39.0491,-94.4871,400,polygon_extrusion,90,60,6,203,0.1,#2563EB,0.85,Yes,permanent multimodal mobility hub,concept_only,planning_anchor ±25–100 m,engineering_assumption,https://www.arrowheadstadiumkc.com/plan-your-visit/parking-tailgating/maps-directions,135000000
kansas-city-parkride-TMP,5,kansas-city,Kansas City,parkride,Park-and-ride package,temporary,kc-west-plaza,KC-WPL,Arrowhead west parking and plaza approach,39.0491,-94.4871,400,polygon_extrusion,220,150,0.2,213,0.05,#F59E0B,0.55,Yes,leased intercept lots and temporary signing,concept_only,planning_anchor ±25–100 m,engineering_assumption,https://www.arrowheadstadiumkc.com/plan-your-visit/parking-tailgating/maps-directions,45000000
kansas-city-parkride-PERM,5,kansas-city,Kansas City,parkride,Park-and-ride package,permanent,kc-west-plaza,KC-WPL,Arrowhead west parking and plaza approach,39.0491,-94.4871,400,polygon_extrusion,220,150,0.2,220,0.1,#2563EB,0.85,Yes,permanent park-and-ride with charging and transit access,concept_only,planning_anchor ±25–100 m,engineering_assumption,https://www.arrowheadstadiumkc.com/plan-your-visit/parking-tailgating/maps-directions,45000000
kansas-city-ped-TMP,5,kansas-city,Kansas City,ped,Protected pedestrian corridor,temporary,kc-blue-ridge-gate3,KC-BRC,Blue Ridge Cutoff Gate 3 and bus zone,39.0471,-94.4806,350,line_extrusion,1600,6,0.15,230,0.05,#F59E0B,0.55,No,barricaded protected corridor; marshals and lighting,concept_only,planning_anchor ±25–100 m,engineering_assumption,https://www.arrowheadstadiumkc.com/plan-your-visit/parking-tailgating/maps-directions,0
kansas-city-ped-PERM,5,kansas-city,Kansas City,ped,Protected pedestrian corridor,permanent,kc-blue-ridge-gate3,KC-BRC,Blue Ridge Cutoff Gate 3 and bus zone,39.0471,-94.4806,350,line_extrusion,1600,6,0.15,237,0.1,#0F766E,0.85,No,widened sidewalk; lighting; drainage and separation,concept_only,planning_anchor ±25–100 m,engineering_assumption,https://www.arrowheadstadiumkc.com/plan-your-visit/parking-tailgating/maps-directions,0
kansas-city-bike-TMP,5,kansas-city,Kansas City,bike,Protected bicycle access,temporary,kc-blue-ridge-gate3,KC-BRC,Blue Ridge Cutoff Gate 3 and bus zone,39.0471,-94.4806,350,line_extrusion,3200,3,0.1,247,0.05,#F59E0B,0.55,No,pop-up protected lane and attended bike valet,concept_only,planning_anchor ±25–100 m,engineering_assumption,https://www.arrowheadstadiumkc.com/plan-your-visit/parking-tailgating/maps-directions,0
kansas-city-bike-PERM,5,kansas-city,Kansas City,bike,Protected bicycle access,permanent,kc-blue-ridge-gate3,KC-BRC,Blue Ridge Cutoff Gate 3 and bus zone,39.0471,-94.4806,350,line_extrusion,3200,3,0.1,254,0.1,#0F766E,0.85,No,protected bikeway and secure long-term parking,concept_only,planning_anchor ±25–100 m,engineering_assumption,https://www.arrowheadstadiumkc.com/plan-your-visit/parking-tailgating/maps-directions,0
kansas-city-tnc-TMP,5,kansas-city,Kansas City,tnc,Managed rideshare hub,temporary,kc-west-plaza,KC-WPL,Arrowhead west parking and plaza approach,39.0491,-94.4871,400,polygon_extrusion,70,45,0.2,264,0.05,#F59E0B,0.55,Yes,staffed geofenced pickup with temporary lane control,concept_only,planning_anchor ±25–100 m,engineering_assumption,https://www.arrowheadstadiumkc.com/plan-your-visit/parking-tailgating/maps-directions,60000000
kansas-city-tnc-PERM,5,kansas-city,Kansas City,tnc,Managed rideshare hub,permanent,kc-west-plaza,KC-WPL,Arrowhead west parking and plaza approach,39.0491,-94.4871,400,polygon_extrusion,70,45,0.2,271,0.1,#2563EB,0.85,Yes,off-street rideshare hub with accessible bays,concept_only,planning_anchor ±25–100 m,engineering_assumption,https://www.arrowheadstadiumkc.com/plan-your-visit/parking-tailgating/maps-directions,60000000
kansas-city-wayfinding-TMP,5,kansas-city,Kansas City,wayfinding,Multilingual wayfinding,temporary,kc-blue-ridge-gate3,KC-BRC,Blue Ridge Cutoff Gate 3 and bus zone,39.0471,-94.4806,350,point_model,1,1,2.5,281,0.05,#F59E0B,0.55,No,portable signs; digital messages; multilingual ambassadors,concept_only,planning_anchor ±25–100 m,engineering_assumption,https://www.arrowheadstadiumkc.com/plan-your-visit/parking-tailgating/maps-directions,0
kansas-city-wayfinding-PERM,5,kansas-city,Kansas City,wayfinding,Multilingual wayfinding,permanent,kc-blue-ridge-gate3,KC-BRC,Blue Ridge Cutoff Gate 3 and bus zone,39.0471,-94.4806,350,point_model,1,1,4,288,0.1,#2563EB,0.85,No,fixed multilingual physical and digital wayfinding,concept_only,planning_anchor ±25–100 m,engineering_assumption,https://www.arrowheadstadiumkc.com/plan-your-visit/parking-tailgating/maps-directions,0
kansas-city-station-TMP,5,kansas-city,Kansas City,station,Station-capacity package,temporary,kc-blue-ridge-gate3,KC-BRC,Blue Ridge Cutoff Gate 3 and bus zone,39.0471,-94.4806,350,glb_model,120,45,6,298,0.05,#F59E0B,0.55,No,temporary gates; queue barriers; portable fare equipment,concept_only,planning_anchor ±25–100 m,engineering_assumption,https://www.arrowheadstadiumkc.com/plan-your-visit/parking-tailgating/maps-directions,0
kansas-city-station-PERM,5,kansas-city,Kansas City,station,Station-capacity package,permanent,kc-blue-ridge-gate3,KC-BRC,Blue Ridge Cutoff Gate 3 and bus zone,39.0471,-94.4806,350,glb_model,120,45,18,305,0.1,#2563EB,0.85,No,"platform, entry and circulation expansion",concept_only,planning_anchor ±25–100 m,engineering_assumption,https://www.arrowheadstadiumkc.com/plan-your-visit/parking-tailgating/maps-directions,0
kansas-city-toc-TMP,5,kansas-city,Kansas City,toc,Integrated traffic operations,temporary,kc-west-plaza,KC-WPL,Arrowhead west parking and plaza approach,39.0491,-94.4871,400,glb_model,60,40,4,315,0.05,#F59E0B,0.55,Yes,unified incident command and temporary sensor feeds,concept_only,planning_anchor ±25–100 m,engineering_assumption,https://www.arrowheadstadiumkc.com/plan-your-visit/parking-tailgating/maps-directions,18750000
kansas-city-toc-PERM,5,kansas-city,Kansas City,toc,Integrated traffic operations,permanent,kc-west-plaza,KC-WPL,Arrowhead west parking and plaza approach,39.0491,-94.4871,400,glb_model,60,40,12,322,0.1,#2563EB,0.85,Yes,integrated operations center and adaptive dispatch,concept_only,planning_anchor ±25–100 m,engineering_assumption,https://www.arrowheadstadiumkc.com/plan-your-visit/parking-tailgating/maps-directions,56250000
kansas-city-access-TMP,5,kansas-city,Kansas City,access,ADA/microtransit access,temporary,kc-blue-ridge-gate3,KC-BRC,Blue Ridge Cutoff Gate 3 and bus zone,39.0471,-94.4806,350,line_extrusion,800,3,0.1,332,0.05,#F59E0B,0.55,No,accessible shuttles; temporary ramps and staffed assistance,concept_only,planning_anchor ±25–100 m,engineering_assumption,https://www.arrowheadstadiumkc.com/plan-your-visit/parking-tailgating/maps-directions,0
kansas-city-access-PERM,5,kansas-city,Kansas City,access,ADA/microtransit access,permanent,kc-blue-ridge-gate3,KC-BRC,Blue Ridge Cutoff Gate 3 and bus zone,39.0471,-94.4806,350,line_extrusion,800,3,0.1,339,0.1,#2563EB,0.85,No,ADA ramps; tactile guidance; accessible first/last-mile network,concept_only,planning_anchor ±25–100 m,engineering_assumption,https://www.arrowheadstadiumkc.com/plan-your-visit/parking-tailgating/maps-directions,0
los-angeles-service-TMP,6,los-angeles,Los Angeles,service,Extra transit service,temporary,la-sofi-south-plaza,LA-SPP,SoFi south plaza at Pincay Drive and Prairie Avenue,33.9509,-118.3441,350,animated_route,1500,2,0.5,174,0.05,#F59E0B,0.55,Yes,extra rail/bus vehicle-hours; standby operators; event timetable,concept_only,planning_anchor ±25–100 m,engineering_assumption,https://www.sofistadium.com/plan-your-visit/maps,132000000
los-angeles-service-PERM,6,los-angeles,Los Angeles,service,Extra transit service,permanent,la-sofi-south-plaza,LA-SPP,SoFi south plaza at Pincay Drive and Prairie Avenue,33.9509,-118.3441,350,animated_route,1500,2,1,181,0.1,#2563EB,0.85,Yes,recurring major-event service plan; fleet and stabling readiness,concept_only,planning_anchor ±25–100 m,engineering_assumption,https://www.sofistadium.com/plan-your-visit/maps,33000000
los-angeles-buslane-TMP,6,los-angeles,Los Angeles,buslane,Transit-priority lanes,temporary,la-downtown-inglewood,LA-DTI,Downtown Inglewood K Line shuttle interchange,33.9552,-118.3557,400,line_extrusion,3200,3.5,0.1,191,0.05,#F59E0B,0.55,Yes,cone- and paint-defined bus lane with enforcement,concept_only,planning_anchor ±25–100 m,engineering_assumption,https://www.metro.net/riding/gameday/,64800000
los-angeles-buslane-PERM,6,los-angeles,Los Angeles,buslane,Transit-priority lanes,permanent,la-downtown-inglewood,LA-DTI,Downtown Inglewood K Line shuttle interchange,33.9552,-118.3557,400,line_extrusion,3200,3.5,0.1,198,0.1,#2563EB,0.85,Yes,dedicated or peak-period transit-priority lane,concept_only,planning_anchor ±25–100 m,engineering_assumption,https://www.metro.net/riding/gameday/,79200000
los-angeles-signals-TMP,6,los-angeles,Los Angeles,signals,Signal timing plans,temporary,la-downtown-inglewood,LA-DTI,Downtown Inglewood K Line shuttle interchange,33.9552,-118.3557,400,point_model,1,1,3,208,0.05,#F59E0B,0.55,Yes,police/manual traffic control and temporary timing plan,concept_only,planning_anchor ±25–100 m,engineering_assumption,https://www.metro.net/riding/gameday/,9000000
los-angeles-signals-PERM,6,los-angeles,Los Angeles,signals,Signal timing plans,permanent,la-downtown-inglewood,LA-DTI,Downtown Inglewood K Line shuttle interchange,33.9552,-118.3557,400,point_model,1,1,6,215,0.1,#2563EB,0.85,Yes,adaptive controllers and transit signal priority,concept_only,planning_anchor ±25–100 m,engineering_assumption,https://www.metro.net/riding/gameday/,27000000
los-angeles-hub-TMP,6,los-angeles,Los Angeles,hub,Hub-to-stadium shuttle package,temporary,la-downtown-inglewood,LA-DTI,Downtown Inglewood K Line shuttle interchange,33.9552,-118.3557,400,polygon_extrusion,90,60,3,225,0.05,#F59E0B,0.55,Yes,pop-up shuttle zone; temporary shelters and dispatch,concept_only,planning_anchor ±25–100 m,engineering_assumption,https://www.metro.net/riding/gameday/,90000000
los-angeles-hub-PERM,6,los-angeles,Los Angeles,hub,Hub-to-stadium shuttle package,permanent,la-downtown-inglewood,LA-DTI,Downtown Inglewood K Line shuttle interchange,33.9552,-118.3557,400,polygon_extrusion,90,60,6,232,0.1,#2563EB,0.85,Yes,permanent multimodal mobility hub,concept_only,planning_anchor ±25–100 m,engineering_assumption,https://www.metro.net/riding/gameday/,135000000
los-angeles-parkride-TMP,6,los-angeles,Los Angeles,parkride,Park-and-ride package,temporary,la-downtown-inglewood,LA-DTI,Downtown Inglewood K Line shuttle interchange,33.9552,-118.3557,400,polygon_extrusion,220,150,0.2,242,0.05,#F59E0B,0.55,Yes,leased intercept lots and temporary signing,concept_only,planning_anchor ±25–100 m,engineering_assumption,https://www.metro.net/riding/gameday/,45000000
los-angeles-parkride-PERM,6,los-angeles,Los Angeles,parkride,Park-and-ride package,permanent,la-downtown-inglewood,LA-DTI,Downtown Inglewood K Line shuttle interchange,33.9552,-118.3557,400,polygon_extrusion,220,150,0.2,249,0.1,#2563EB,0.85,Yes,permanent park-and-ride with charging and transit access,concept_only,planning_anchor ±25–100 m,engineering_assumption,https://www.metro.net/riding/gameday/,45000000
los-angeles-ped-TMP,6,los-angeles,Los Angeles,ped,Protected pedestrian corridor,temporary,la-sofi-south-plaza,LA-SPP,SoFi south plaza at Pincay Drive and Prairie Avenue,33.9509,-118.3441,350,line_extrusion,1600,6,0.15,259,0.05,#F59E0B,0.55,No,barricaded protected corridor; marshals and lighting,concept_only,planning_anchor ±25–100 m,engineering_assumption,https://www.sofistadium.com/plan-your-visit/maps,0
los-angeles-ped-PERM,6,los-angeles,Los Angeles,ped,Protected pedestrian corridor,permanent,la-sofi-south-plaza,LA-SPP,SoFi south plaza at Pincay Drive and Prairie Avenue,33.9509,-118.3441,350,line_extrusion,1600,6,0.15,266,0.1,#0F766E,0.85,No,widened sidewalk; lighting; drainage and separation,concept_only,planning_anchor ±25–100 m,engineering_assumption,https://www.sofistadium.com/plan-your-visit/maps,0
los-angeles-bike-TMP,6,los-angeles,Los Angeles,bike,Protected bicycle access,temporary,la-sofi-south-plaza,LA-SPP,SoFi south plaza at Pincay Drive and Prairie Avenue,33.9509,-118.3441,350,line_extrusion,3200,3,0.1,276,0.05,#F59E0B,0.55,No,pop-up protected lane and attended bike valet,concept_only,planning_anchor ±25–100 m,engineering_assumption,https://www.sofistadium.com/plan-your-visit/maps,0
los-angeles-bike-PERM,6,los-angeles,Los Angeles,bike,Protected bicycle access,permanent,la-sofi-south-plaza,LA-SPP,SoFi south plaza at Pincay Drive and Prairie Avenue,33.9509,-118.3441,350,line_extrusion,3200,3,0.1,283,0.1,#0F766E,0.85,No,protected bikeway and secure long-term parking,concept_only,planning_anchor ±25–100 m,engineering_assumption,https://www.sofistadium.com/plan-your-visit/maps,0
los-angeles-tnc-TMP,6,los-angeles,Los Angeles,tnc,Managed rideshare hub,temporary,la-downtown-inglewood,LA-DTI,Downtown Inglewood K Line shuttle interchange,33.9552,-118.3557,400,polygon_extrusion,70,45,0.2,293,0.05,#F59E0B,0.55,Yes,staffed geofenced pickup with temporary lane control,concept_only,planning_anchor ±25–100 m,engineering_assumption,https://www.metro.net/riding/gameday/,60000000
los-angeles-tnc-PERM,6,los-angeles,Los Angeles,tnc,Managed rideshare hub,permanent,la-downtown-inglewood,LA-DTI,Downtown Inglewood K Line shuttle interchange,33.9552,-118.3557,400,polygon_extrusion,70,45,0.2,300,0.1,#2563EB,0.85,Yes,off-street rideshare hub with accessible bays,concept_only,planning_anchor ±25–100 m,engineering_assumption,https://www.metro.net/riding/gameday/,60000000
los-angeles-wayfinding-TMP,6,los-angeles,Los Angeles,wayfinding,Multilingual wayfinding,temporary,la-sofi-south-plaza,LA-SPP,SoFi south plaza at Pincay Drive and Prairie Avenue,33.9509,-118.3441,350,point_model,1,1,2.5,310,0.05,#F59E0B,0.55,Yes,portable signs; digital messages; multilingual ambassadors,concept_only,planning_anchor ±25–100 m,engineering_assumption,https://www.sofistadium.com/plan-your-visit/maps,13500000
los-angeles-wayfinding-PERM,6,los-angeles,Los Angeles,wayfinding,Multilingual wayfinding,permanent,la-sofi-south-plaza,LA-SPP,SoFi south plaza at Pincay Drive and Prairie Avenue,33.9509,-118.3441,350,point_model,1,1,4,317,0.1,#2563EB,0.85,Yes,fixed multilingual physical and digital wayfinding,concept_only,planning_anchor ±25–100 m,engineering_assumption,https://www.sofistadium.com/plan-your-visit/maps,16500000
los-angeles-station-TMP,6,los-angeles,Los Angeles,station,Station-capacity package,temporary,la-sofi-south-plaza,LA-SPP,SoFi south plaza at Pincay Drive and Prairie Avenue,33.9509,-118.3441,350,glb_model,120,45,6,327,0.05,#F59E0B,0.55,No,temporary gates; queue barriers; portable fare equipment,concept_only,planning_anchor ±25–100 m,engineering_assumption,https://www.sofistadium.com/plan-your-visit/maps,0
los-angeles-station-PERM,6,los-angeles,Los Angeles,station,Station-capacity package,permanent,la-sofi-south-plaza,LA-SPP,SoFi south plaza at Pincay Drive and Prairie Avenue,33.9509,-118.3441,350,glb_model,120,45,18,334,0.1,#2563EB,0.85,No,"platform, entry and circulation expansion",concept_only,planning_anchor ±25–100 m,engineering_assumption,https://www.sofistadium.com/plan-your-visit/maps,0
los-angeles-toc-TMP,6,los-angeles,Los Angeles,toc,Integrated traffic operations,temporary,la-downtown-inglewood,LA-DTI,Downtown Inglewood K Line shuttle interchange,33.9552,-118.3557,400,glb_model,60,40,4,344,0.05,#F59E0B,0.55,Yes,unified incident command and temporary sensor feeds,concept_only,planning_anchor ±25–100 m,engineering_assumption,https://www.metro.net/riding/gameday/,37500000
los-angeles-toc-PERM,6,los-angeles,Los Angeles,toc,Integrated traffic operations,permanent,la-downtown-inglewood,LA-DTI,Downtown Inglewood K Line shuttle interchange,33.9552,-118.3557,400,glb_model,60,40,12,351,0.1,#2563EB,0.85,Yes,integrated operations center and adaptive dispatch,concept_only,planning_anchor ±25–100 m,engineering_assumption,https://www.metro.net/riding/gameday/,112500000
los-angeles-access-TMP,6,los-angeles,Los Angeles,access,ADA/microtransit access,temporary,la-sofi-south-plaza,LA-SPP,SoFi south plaza at Pincay Drive and Prairie Avenue,33.9509,-118.3441,350,line_extrusion,800,3,0.1,1,0.05,#F59E0B,0.55,No,accessible shuttles; temporary ramps and staffed assistance,concept_only,planning_anchor ±25–100 m,engineering_assumption,https://www.sofistadium.com/plan-your-visit/maps,0
los-angeles-access-PERM,6,los-angeles,Los Angeles,access,ADA/microtransit access,permanent,la-sofi-south-plaza,LA-SPP,SoFi south plaza at Pincay Drive and Prairie Avenue,33.9509,-118.3441,350,line_extrusion,800,3,0.1,8,0.1,#2563EB,0.85,No,ADA ramps; tactile guidance; accessible first/last-mile network,concept_only,planning_anchor ±25–100 m,engineering_assumption,https://www.sofistadium.com/plan-your-visit/maps,0
miami-service-TMP,7,miami,Miami,service,Extra transit service,temporary,mia-nw199-nw27,MIA-NW27,NW 199th Street and NW 27th Avenue approach,25.957,-80.2425,400,animated_route,1500,2,0.5,203,0.05,#F59E0B,0.55,Yes,extra rail/bus vehicle-hours; standby operators; event timetable,concept_only,planning_anchor ±25–100 m,engineering_assumption,https://www.hardrockstadium.com/parking/,132000000
miami-service-PERM,7,miami,Miami,service,Extra transit service,permanent,mia-nw199-nw27,MIA-NW27,NW 199th Street and NW 27th Avenue approach,25.957,-80.2425,400,animated_route,1500,2,1,210,0.1,#2563EB,0.85,Yes,recurring major-event service plan; fleet and stabling readiness,concept_only,planning_anchor ±25–100 m,engineering_assumption,https://www.hardrockstadium.com/parking/,33000000
miami-buslane-TMP,7,miami,Miami,buslane,Transit-priority lanes,temporary,mia-south-gate,MIA-SG,Hard Rock Stadium south-gate rideshare and shuttle zone,25.9549,-80.2383,350,line_extrusion,3200,3.5,0.1,220,0.05,#F59E0B,0.55,Yes,cone- and paint-defined bus lane with enforcement,concept_only,planning_anchor ±25–100 m,engineering_assumption,https://www.hardrockstadium.com/parking/,64800000
miami-buslane-PERM,7,miami,Miami,buslane,Transit-priority lanes,permanent,mia-south-gate,MIA-SG,Hard Rock Stadium south-gate rideshare and shuttle zone,25.9549,-80.2383,350,line_extrusion,3200,3.5,0.1,227,0.1,#2563EB,0.85,Yes,dedicated or peak-period transit-priority lane,concept_only,planning_anchor ±25–100 m,engineering_assumption,https://www.hardrockstadium.com/parking/,79200000
miami-signals-TMP,7,miami,Miami,signals,Signal timing plans,temporary,mia-south-gate,MIA-SG,Hard Rock Stadium south-gate rideshare and shuttle zone,25.9549,-80.2383,350,point_model,1,1,3,237,0.05,#F59E0B,0.55,Yes,police/manual traffic control and temporary timing plan,concept_only,planning_anchor ±25–100 m,engineering_assumption,https://www.hardrockstadium.com/parking/,6750000
miami-signals-PERM,7,miami,Miami,signals,Signal timing plans,permanent,mia-south-gate,MIA-SG,Hard Rock Stadium south-gate rideshare and shuttle zone,25.9549,-80.2383,350,point_model,1,1,6,244,0.1,#2563EB,0.85,Yes,adaptive controllers and transit signal priority,concept_only,planning_anchor ±25–100 m,engineering_assumption,https://www.hardrockstadium.com/parking/,20250000
miami-hub-TMP,7,miami,Miami,hub,Hub-to-stadium shuttle package,temporary,mia-south-gate,MIA-SG,Hard Rock Stadium south-gate rideshare and shuttle zone,25.9549,-80.2383,350,polygon_extrusion,90,60,3,254,0.05,#F59E0B,0.55,Yes,pop-up shuttle zone; temporary shelters and dispatch,concept_only,planning_anchor ±25–100 m,engineering_assumption,https://www.hardrockstadium.com/parking/,90000000
miami-hub-PERM,7,miami,Miami,hub,Hub-to-stadium shuttle package,permanent,mia-south-gate,MIA-SG,Hard Rock Stadium south-gate rideshare and shuttle zone,25.9549,-80.2383,350,polygon_extrusion,90,60,6,261,0.1,#2563EB,0.85,Yes,permanent multimodal mobility hub,concept_only,planning_anchor ±25–100 m,engineering_assumption,https://www.hardrockstadium.com/parking/,135000000
miami-parkride-TMP,7,miami,Miami,parkride,Park-and-ride package,temporary,mia-south-gate,MIA-SG,Hard Rock Stadium south-gate rideshare and shuttle zone,25.9549,-80.2383,350,polygon_extrusion,220,150,0.2,271,0.05,#F59E0B,0.55,Yes,leased intercept lots and temporary signing,concept_only,planning_anchor ±25–100 m,engineering_assumption,https://www.hardrockstadium.com/parking/,22500000
miami-parkride-PERM,7,miami,Miami,parkride,Park-and-ride package,permanent,mia-south-gate,MIA-SG,Hard Rock Stadium south-gate rideshare and shuttle zone,25.9549,-80.2383,350,polygon_extrusion,220,150,0.2,278,0.1,#2563EB,0.85,Yes,permanent park-and-ride with charging and transit access,concept_only,planning_anchor ±25–100 m,engineering_assumption,https://www.hardrockstadium.com/parking/,22500000
miami-ped-TMP,7,miami,Miami,ped,Protected pedestrian corridor,temporary,mia-nw199-nw27,MIA-NW27,NW 199th Street and NW 27th Avenue approach,25.957,-80.2425,400,line_extrusion,1600,6,0.15,288,0.05,#F59E0B,0.55,No,barricaded protected corridor; marshals and lighting,concept_only,planning_anchor ±25–100 m,engineering_assumption,https://www.hardrockstadium.com/parking/,0
miami-ped-PERM,7,miami,Miami,ped,Protected pedestrian corridor,permanent,mia-nw199-nw27,MIA-NW27,NW 199th Street and NW 27th Avenue approach,25.957,-80.2425,400,line_extrusion,1600,6,0.15,295,0.1,#0F766E,0.85,No,widened sidewalk; lighting; drainage and separation,concept_only,planning_anchor ±25–100 m,engineering_assumption,https://www.hardrockstadium.com/parking/,0
miami-bike-TMP,7,miami,Miami,bike,Protected bicycle access,temporary,mia-nw199-nw27,MIA-NW27,NW 199th Street and NW 27th Avenue approach,25.957,-80.2425,400,line_extrusion,3200,3,0.1,305,0.05,#F59E0B,0.55,No,pop-up protected lane and attended bike valet,concept_only,planning_anchor ±25–100 m,engineering_assumption,https://www.hardrockstadium.com/parking/,0
miami-bike-PERM,7,miami,Miami,bike,Protected bicycle access,permanent,mia-nw199-nw27,MIA-NW27,NW 199th Street and NW 27th Avenue approach,25.957,-80.2425,400,line_extrusion,3200,3,0.1,312,0.1,#0F766E,0.85,No,protected bikeway and secure long-term parking,concept_only,planning_anchor ±25–100 m,engineering_assumption,https://www.hardrockstadium.com/parking/,0
miami-tnc-TMP,7,miami,Miami,tnc,Managed rideshare hub,temporary,mia-south-gate,MIA-SG,Hard Rock Stadium south-gate rideshare and shuttle zone,25.9549,-80.2383,350,polygon_extrusion,70,45,0.2,322,0.05,#F59E0B,0.55,Yes,staffed geofenced pickup with temporary lane control,concept_only,planning_anchor ±25–100 m,engineering_assumption,https://www.hardrockstadium.com/parking/,40000000
miami-tnc-PERM,7,miami,Miami,tnc,Managed rideshare hub,permanent,mia-south-gate,MIA-SG,Hard Rock Stadium south-gate rideshare and shuttle zone,25.9549,-80.2383,350,polygon_extrusion,70,45,0.2,329,0.1,#2563EB,0.85,Yes,off-street rideshare hub with accessible bays,concept_only,planning_anchor ±25–100 m,engineering_assumption,https://www.hardrockstadium.com/parking/,40000000
miami-wayfinding-TMP,7,miami,Miami,wayfinding,Multilingual wayfinding,temporary,mia-nw199-nw27,MIA-NW27,NW 199th Street and NW 27th Avenue approach,25.957,-80.2425,400,point_model,1,1,2.5,339,0.05,#F59E0B,0.55,Yes,portable signs; digital messages; multilingual ambassadors,concept_only,planning_anchor ±25–100 m,engineering_assumption,https://www.hardrockstadium.com/parking/,13500000
miami-wayfinding-PERM,7,miami,Miami,wayfinding,Multilingual wayfinding,permanent,mia-nw199-nw27,MIA-NW27,NW 199th Street and NW 27th Avenue approach,25.957,-80.2425,400,point_model,1,1,4,346,0.1,#2563EB,0.85,Yes,fixed multilingual physical and digital wayfinding,concept_only,planning_anchor ±25–100 m,engineering_assumption,https://www.hardrockstadium.com/parking/,16500000
miami-station-TMP,7,miami,Miami,station,Station-capacity package,temporary,mia-nw199-nw27,MIA-NW27,NW 199th Street and NW 27th Avenue approach,25.957,-80.2425,400,glb_model,120,45,6,356,0.05,#F59E0B,0.55,No,temporary gates; queue barriers; portable fare equipment,concept_only,planning_anchor ±25–100 m,engineering_assumption,https://www.hardrockstadium.com/parking/,0
miami-station-PERM,7,miami,Miami,station,Station-capacity package,permanent,mia-nw199-nw27,MIA-NW27,NW 199th Street and NW 27th Avenue approach,25.957,-80.2425,400,glb_model,120,45,18,3,0.1,#2563EB,0.85,No,"platform, entry and circulation expansion",concept_only,planning_anchor ±25–100 m,engineering_assumption,https://www.hardrockstadium.com/parking/,0
miami-toc-TMP,7,miami,Miami,toc,Integrated traffic operations,temporary,mia-south-gate,MIA-SG,Hard Rock Stadium south-gate rideshare and shuttle zone,25.9549,-80.2383,350,glb_model,60,40,4,13,0.05,#F59E0B,0.55,Yes,unified incident command and temporary sensor feeds,concept_only,planning_anchor ±25–100 m,engineering_assumption,https://www.hardrockstadium.com/parking/,37500000
miami-toc-PERM,7,miami,Miami,toc,Integrated traffic operations,permanent,mia-south-gate,MIA-SG,Hard Rock Stadium south-gate rideshare and shuttle zone,25.9549,-80.2383,350,glb_model,60,40,12,20,0.1,#2563EB,0.85,Yes,integrated operations center and adaptive dispatch,concept_only,planning_anchor ±25–100 m,engineering_assumption,https://www.hardrockstadium.com/parking/,112500000
miami-access-TMP,7,miami,Miami,access,ADA/microtransit access,temporary,mia-nw199-nw27,MIA-NW27,NW 199th Street and NW 27th Avenue approach,25.957,-80.2425,400,line_extrusion,800,3,0.1,30,0.05,#F59E0B,0.55,No,accessible shuttles; temporary ramps and staffed assistance,concept_only,planning_anchor ±25–100 m,engineering_assumption,https://www.hardrockstadium.com/parking/,0
miami-access-PERM,7,miami,Miami,access,ADA/microtransit access,permanent,mia-nw199-nw27,MIA-NW27,NW 199th Street and NW 27th Avenue approach,25.957,-80.2425,400,line_extrusion,800,3,0.1,37,0.1,#2563EB,0.85,No,ADA ramps; tactile guidance; accessible first/last-mile network,concept_only,planning_anchor ±25–100 m,engineering_assumption,https://www.hardrockstadium.com/parking/,0
nynj-service-TMP,8,nynj,New York/New Jersey,service,Extra transit service,temporary,nynj-meadowlands-station,NYNJ-MRS,Meadowlands Rail Station and aerial walkway,40.807664,-74.069833,250,animated_route,1500,2,0.5,232,0.05,#F59E0B,0.55,Yes,extra rail/bus vehicle-hours; standby operators; event timetable,concept_only,planning_anchor ±25–100 m,engineering_assumption,https://www.njtransit.com/meadowlands,132000000
nynj-service-PERM,8,nynj,New York/New Jersey,service,Extra transit service,permanent,nynj-meadowlands-station,NYNJ-MRS,Meadowlands Rail Station and aerial walkway,40.807664,-74.069833,250,animated_route,1500,2,1,239,0.1,#2563EB,0.85,Yes,recurring major-event service plan; fleet and stabling readiness,concept_only,planning_anchor ±25–100 m,engineering_assumption,https://www.njtransit.com/meadowlands,33000000
nynj-buslane-TMP,8,nynj,New York/New Jersey,buslane,Transit-priority lanes,temporary,nynj-american-dream-corridor,NYNJ-ADM,American Dream–MetLife protected corridor,40.81145,-74.07075,350,line_extrusion,3200,3.5,0.1,249,0.05,#F59E0B,0.55,Yes,cone- and paint-defined bus lane with enforcement,concept_only,planning_anchor ±25–100 m,engineering_assumption,https://www.njtransit.com/press-releases/new-jersey-interagency-transportation-after-action-report-aar-njny-stadium-fifa,32400000
nynj-buslane-PERM,8,nynj,New York/New Jersey,buslane,Transit-priority lanes,permanent,nynj-american-dream-corridor,NYNJ-ADM,American Dream–MetLife protected corridor,40.81145,-74.07075,350,line_extrusion,3200,3.5,0.1,256,0.1,#2563EB,0.85,Yes,dedicated or peak-period transit-priority lane,concept_only,planning_anchor ±25–100 m,engineering_assumption,https://www.njtransit.com/press-releases/new-jersey-interagency-transportation-after-action-report-aar-njny-stadium-fifa,39600000
nynj-signals-TMP,8,nynj,New York/New Jersey,signals,Signal timing plans,temporary,nynj-american-dream-corridor,NYNJ-ADM,American Dream–MetLife protected corridor,40.81145,-74.07075,350,point_model,1,1,3,266,0.05,#F59E0B,0.55,Yes,police/manual traffic control and temporary timing plan,concept_only,planning_anchor ±25–100 m,engineering_assumption,https://www.njtransit.com/press-releases/new-jersey-interagency-transportation-after-action-report-aar-njny-stadium-fifa,9000000
nynj-signals-PERM,8,nynj,New York/New Jersey,signals,Signal timing plans,permanent,nynj-american-dream-corridor,NYNJ-ADM,American Dream–MetLife protected corridor,40.81145,-74.07075,350,point_model,1,1,6,273,0.1,#2563EB,0.85,Yes,adaptive controllers and transit signal priority,concept_only,planning_anchor ±25–100 m,engineering_assumption,https://www.njtransit.com/press-releases/new-jersey-interagency-transportation-after-action-report-aar-njny-stadium-fifa,27000000
nynj-hub-TMP,8,nynj,New York/New Jersey,hub,Hub-to-stadium shuttle package,temporary,nynj-american-dream-corridor,NYNJ-ADM,American Dream–MetLife protected corridor,40.81145,-74.07075,350,polygon_extrusion,90,60,3,283,0.05,#F59E0B,0.55,Yes,pop-up shuttle zone; temporary shelters and dispatch,concept_only,planning_anchor ±25–100 m,engineering_assumption,https://www.njtransit.com/press-releases/new-jersey-interagency-transportation-after-action-report-aar-njny-stadium-fifa,60000000
nynj-hub-PERM,8,nynj,New York/New Jersey,hub,Hub-to-stadium shuttle package,permanent,nynj-american-dream-corridor,NYNJ-ADM,American Dream–MetLife protected corridor,40.81145,-74.07075,350,polygon_extrusion,90,60,6,290,0.1,#2563EB,0.85,Yes,permanent multimodal mobility hub,concept_only,planning_anchor ±25–100 m,engineering_assumption,https://www.njtransit.com/press-releases/new-jersey-interagency-transportation-after-action-report-aar-njny-stadium-fifa,90000000
nynj-parkride-TMP,8,nynj,New York/New Jersey,parkride,Park-and-ride package,temporary,nynj-american-dream-corridor,NYNJ-ADM,American Dream–MetLife protected corridor,40.81145,-74.07075,350,polygon_extrusion,220,150,0.2,300,0.05,#F59E0B,0.55,No,leased intercept lots and temporary signing,concept_only,planning_anchor ±25–100 m,engineering_assumption,https://www.njtransit.com/press-releases/new-jersey-interagency-transportation-after-action-report-aar-njny-stadium-fifa,0
nynj-parkride-PERM,8,nynj,New York/New Jersey,parkride,Park-and-ride package,permanent,nynj-american-dream-corridor,NYNJ-ADM,American Dream–MetLife protected corridor,40.81145,-74.07075,350,polygon_extrusion,220,150,0.2,307,0.1,#2563EB,0.85,No,permanent park-and-ride with charging and transit access,concept_only,planning_anchor ±25–100 m,engineering_assumption,https://www.njtransit.com/press-releases/new-jersey-interagency-transportation-after-action-report-aar-njny-stadium-fifa,0
nynj-ped-TMP,8,nynj,New York/New Jersey,ped,Protected pedestrian corridor,temporary,nynj-meadowlands-station,NYNJ-MRS,Meadowlands Rail Station and aerial walkway,40.807664,-74.069833,250,line_extrusion,1600,6,0.15,317,0.05,#F59E0B,0.55,Yes,barricaded protected corridor; marshals and lighting,concept_only,planning_anchor ±25–100 m,engineering_assumption,https://www.njtransit.com/meadowlands,21000000
nynj-ped-PERM,8,nynj,New York/New Jersey,ped,Protected pedestrian corridor,permanent,nynj-meadowlands-station,NYNJ-MRS,Meadowlands Rail Station and aerial walkway,40.807664,-74.069833,250,line_extrusion,1600,6,0.15,324,0.1,#0F766E,0.85,Yes,widened sidewalk; lighting; drainage and separation,concept_only,planning_anchor ±25–100 m,engineering_assumption,https://www.njtransit.com/meadowlands,39000000
nynj-bike-TMP,8,nynj,New York/New Jersey,bike,Protected bicycle access,temporary,nynj-meadowlands-station,NYNJ-MRS,Meadowlands Rail Station and aerial walkway,40.807664,-74.069833,250,line_extrusion,3200,3,0.1,334,0.05,#F59E0B,0.55,No,pop-up protected lane and attended bike valet,concept_only,planning_anchor ±25–100 m,engineering_assumption,https://www.njtransit.com/meadowlands,0
nynj-bike-PERM,8,nynj,New York/New Jersey,bike,Protected bicycle access,permanent,nynj-meadowlands-station,NYNJ-MRS,Meadowlands Rail Station and aerial walkway,40.807664,-74.069833,250,line_extrusion,3200,3,0.1,341,0.1,#0F766E,0.85,No,protected bikeway and secure long-term parking,concept_only,planning_anchor ±25–100 m,engineering_assumption,https://www.njtransit.com/meadowlands,0
nynj-tnc-TMP,8,nynj,New York/New Jersey,tnc,Managed rideshare hub,temporary,nynj-american-dream-corridor,NYNJ-ADM,American Dream–MetLife protected corridor,40.81145,-74.07075,350,polygon_extrusion,70,45,0.2,351,0.05,#F59E0B,0.55,Yes,staffed geofenced pickup with temporary lane control,concept_only,planning_anchor ±25–100 m,engineering_assumption,https://www.njtransit.com/press-releases/new-jersey-interagency-transportation-after-action-report-aar-njny-stadium-fifa,60000000
nynj-tnc-PERM,8,nynj,New York/New Jersey,tnc,Managed rideshare hub,permanent,nynj-american-dream-corridor,NYNJ-ADM,American Dream–MetLife protected corridor,40.81145,-74.07075,350,polygon_extrusion,70,45,0.2,358,0.1,#2563EB,0.85,Yes,off-street rideshare hub with accessible bays,concept_only,planning_anchor ±25–100 m,engineering_assumption,https://www.njtransit.com/press-releases/new-jersey-interagency-transportation-after-action-report-aar-njny-stadium-fifa,60000000
nynj-wayfinding-TMP,8,nynj,New York/New Jersey,wayfinding,Multilingual wayfinding,temporary,nynj-meadowlands-station,NYNJ-MRS,Meadowlands Rail Station and aerial walkway,40.807664,-74.069833,250,point_model,1,1,2.5,8,0.05,#F59E0B,0.55,Yes,portable signs; digital messages; multilingual ambassadors,concept_only,planning_anchor ±25–100 m,engineering_assumption,https://www.njtransit.com/meadowlands,13500000
nynj-wayfinding-PERM,8,nynj,New York/New Jersey,wayfinding,Multilingual wayfinding,permanent,nynj-meadowlands-station,NYNJ-MRS,Meadowlands Rail Station and aerial walkway,40.807664,-74.069833,250,point_model,1,1,4,15,0.1,#2563EB,0.85,Yes,fixed multilingual physical and digital wayfinding,concept_only,planning_anchor ±25–100 m,engineering_assumption,https://www.njtransit.com/meadowlands,16500000
nynj-station-TMP,8,nynj,New York/New Jersey,station,Station-capacity package,temporary,nynj-meadowlands-station,NYNJ-MRS,Meadowlands Rail Station and aerial walkway,40.807664,-74.069833,250,glb_model,120,45,6,25,0.05,#F59E0B,0.55,Yes,temporary gates; queue barriers; portable fare equipment,concept_only,planning_anchor ±25–100 m,engineering_assumption,https://www.njtransit.com/meadowlands,50000000
nynj-station-PERM,8,nynj,New York/New Jersey,station,Station-capacity package,permanent,nynj-meadowlands-station,NYNJ-MRS,Meadowlands Rail Station and aerial walkway,40.807664,-74.069833,250,glb_model,120,45,18,32,0.1,#2563EB,0.85,Yes,"platform, entry and circulation expansion",concept_only,planning_anchor ±25–100 m,engineering_assumption,https://www.njtransit.com/meadowlands,200000000
nynj-toc-TMP,8,nynj,New York/New Jersey,toc,Integrated traffic operations,temporary,nynj-american-dream-corridor,NYNJ-ADM,American Dream–MetLife protected corridor,40.81145,-74.07075,350,glb_model,60,40,4,42,0.05,#F59E0B,0.55,Yes,unified incident command and temporary sensor feeds,concept_only,planning_anchor ±25–100 m,engineering_assumption,https://www.njtransit.com/press-releases/new-jersey-interagency-transportation-after-action-report-aar-njny-stadium-fifa,37500000
nynj-toc-PERM,8,nynj,New York/New Jersey,toc,Integrated traffic operations,permanent,nynj-american-dream-corridor,NYNJ-ADM,American Dream–MetLife protected corridor,40.81145,-74.07075,350,glb_model,60,40,12,49,0.1,#2563EB,0.85,Yes,integrated operations center and adaptive dispatch,concept_only,planning_anchor ±25–100 m,engineering_assumption,https://www.njtransit.com/press-releases/new-jersey-interagency-transportation-after-action-report-aar-njny-stadium-fifa,112500000
nynj-access-TMP,8,nynj,New York/New Jersey,access,ADA/microtransit access,temporary,nynj-meadowlands-station,NYNJ-MRS,Meadowlands Rail Station and aerial walkway,40.807664,-74.069833,250,line_extrusion,800,3,0.1,59,0.05,#F59E0B,0.55,No,accessible shuttles; temporary ramps and staffed assistance,concept_only,planning_anchor ±25–100 m,engineering_assumption,https://www.njtransit.com/meadowlands,0
nynj-access-PERM,8,nynj,New York/New Jersey,access,ADA/microtransit access,permanent,nynj-meadowlands-station,NYNJ-MRS,Meadowlands Rail Station and aerial walkway,40.807664,-74.069833,250,line_extrusion,800,3,0.1,66,0.1,#2563EB,0.85,No,ADA ramps; tactile guidance; accessible first/last-mile network,concept_only,planning_anchor ±25–100 m,engineering_assumption,https://www.njtransit.com/meadowlands,0
philadelphia-service-TMP,9,philadelphia,Philadelphia,service,Extra transit service,temporary,phi-nrg-station,PHI-NRG,NRG Station and Broad Street queue zone,39.9047,-75.1736,250,animated_route,1500,2,0.5,261,0.05,#F59E0B,0.55,Yes,extra rail/bus vehicle-hours; standby operators; event timetable,concept_only,planning_anchor ±25–100 m,engineering_assumption,https://wwww.septa.org/news/infrastructure-improvements-for-fifa/,132000000
philadelphia-service-PERM,9,philadelphia,Philadelphia,service,Extra transit service,permanent,phi-nrg-station,PHI-NRG,NRG Station and Broad Street queue zone,39.9047,-75.1736,250,animated_route,1500,2,1,268,0.1,#2563EB,0.85,Yes,recurring major-event service plan; fleet and stabling readiness,concept_only,planning_anchor ±25–100 m,engineering_assumption,https://wwww.septa.org/news/infrastructure-improvements-for-fifa/,33000000
philadelphia-buslane-TMP,9,philadelphia,Philadelphia,buslane,Transit-priority lanes,temporary,phi-lots-de,PHI-DE,Lincoln Financial Field Lots D/E east approach,39.90006,-75.16965,300,line_extrusion,3200,3.5,0.1,278,0.05,#F59E0B,0.55,Yes,cone- and paint-defined bus lane with enforcement,concept_only,planning_anchor ±25–100 m,engineering_assumption,https://www.lincolnfinancialfield.com/lots-de/,48600000
philadelphia-buslane-PERM,9,philadelphia,Philadelphia,buslane,Transit-priority lanes,permanent,phi-lots-de,PHI-DE,Lincoln Financial Field Lots D/E east approach,39.90006,-75.16965,300,line_extrusion,3200,3.5,0.1,285,0.1,#2563EB,0.85,Yes,dedicated or peak-period transit-priority lane,concept_only,planning_anchor ±25–100 m,engineering_assumption,https://www.lincolnfinancialfield.com/lots-de/,59400000
philadelphia-signals-TMP,9,philadelphia,Philadelphia,signals,Signal timing plans,temporary,phi-lots-de,PHI-DE,Lincoln Financial Field Lots D/E east approach,39.90006,-75.16965,300,point_model,1,1,3,295,0.05,#F59E0B,0.55,Yes,police/manual traffic control and temporary timing plan,concept_only,planning_anchor ±25–100 m,engineering_assumption,https://www.lincolnfinancialfield.com/lots-de/,6750000
philadelphia-signals-PERM,9,philadelphia,Philadelphia,signals,Signal timing plans,permanent,phi-lots-de,PHI-DE,Lincoln Financial Field Lots D/E east approach,39.90006,-75.16965,300,point_model,1,1,6,302,0.1,#2563EB,0.85,Yes,adaptive controllers and transit signal priority,concept_only,planning_anchor ±25–100 m,engineering_assumption,https://www.lincolnfinancialfield.com/lots-de/,20250000
philadelphia-hub-TMP,9,philadelphia,Philadelphia,hub,Hub-to-stadium shuttle package,temporary,phi-lots-de,PHI-DE,Lincoln Financial Field Lots D/E east approach,39.90006,-75.16965,300,polygon_extrusion,90,60,3,312,0.05,#F59E0B,0.55,Yes,pop-up shuttle zone; temporary shelters and dispatch,concept_only,planning_anchor ±25–100 m,engineering_assumption,https://www.lincolnfinancialfield.com/lots-de/,30000000
philadelphia-hub-PERM,9,philadelphia,Philadelphia,hub,Hub-to-stadium shuttle package,permanent,phi-lots-de,PHI-DE,Lincoln Financial Field Lots D/E east approach,39.90006,-75.16965,300,polygon_extrusion,90,60,6,319,0.1,#2563EB,0.85,Yes,permanent multimodal mobility hub,concept_only,planning_anchor ±25–100 m,engineering_assumption,https://www.lincolnfinancialfield.com/lots-de/,45000000
philadelphia-parkride-TMP,9,philadelphia,Philadelphia,parkride,Park-and-ride package,temporary,phi-lots-de,PHI-DE,Lincoln Financial Field Lots D/E east approach,39.90006,-75.16965,300,polygon_extrusion,220,150,0.2,329,0.05,#F59E0B,0.55,No,leased intercept lots and temporary signing,concept_only,planning_anchor ±25–100 m,engineering_assumption,https://www.lincolnfinancialfield.com/lots-de/,0
philadelphia-parkride-PERM,9,philadelphia,Philadelphia,parkride,Park-and-ride package,permanent,phi-lots-de,PHI-DE,Lincoln Financial Field Lots D/E east approach,39.90006,-75.16965,300,polygon_extrusion,220,150,0.2,336,0.1,#2563EB,0.85,No,permanent park-and-ride with charging and transit access,concept_only,planning_anchor ±25–100 m,engineering_assumption,https://www.lincolnfinancialfield.com/lots-de/,0
philadelphia-ped-TMP,9,philadelphia,Philadelphia,ped,Protected pedestrian corridor,temporary,phi-nrg-station,PHI-NRG,NRG Station and Broad Street queue zone,39.9047,-75.1736,250,line_extrusion,1600,6,0.15,346,0.05,#F59E0B,0.55,No,barricaded protected corridor; marshals and lighting,concept_only,planning_anchor ±25–100 m,engineering_assumption,https://wwww.septa.org/news/infrastructure-improvements-for-fifa/,0
philadelphia-ped-PERM,9,philadelphia,Philadelphia,ped,Protected pedestrian corridor,permanent,phi-nrg-station,PHI-NRG,NRG Station and Broad Street queue zone,39.9047,-75.1736,250,line_extrusion,1600,6,0.15,353,0.1,#0F766E,0.85,No,widened sidewalk; lighting; drainage and separation,concept_only,planning_anchor ±25–100 m,engineering_assumption,https://wwww.septa.org/news/infrastructure-improvements-for-fifa/,0
philadelphia-bike-TMP,9,philadelphia,Philadelphia,bike,Protected bicycle access,temporary,phi-nrg-station,PHI-NRG,NRG Station and Broad Street queue zone,39.9047,-75.1736,250,line_extrusion,3200,3,0.1,3,0.05,#F59E0B,0.55,No,pop-up protected lane and attended bike valet,concept_only,planning_anchor ±25–100 m,engineering_assumption,https://wwww.septa.org/news/infrastructure-improvements-for-fifa/,0
philadelphia-bike-PERM,9,philadelphia,Philadelphia,bike,Protected bicycle access,permanent,phi-nrg-station,PHI-NRG,NRG Station and Broad Street queue zone,39.9047,-75.1736,250,line_extrusion,3200,3,0.1,10,0.1,#0F766E,0.85,No,protected bikeway and secure long-term parking,concept_only,planning_anchor ±25–100 m,engineering_assumption,https://wwww.septa.org/news/infrastructure-improvements-for-fifa/,0
philadelphia-tnc-TMP,9,philadelphia,Philadelphia,tnc,Managed rideshare hub,temporary,phi-lots-de,PHI-DE,Lincoln Financial Field Lots D/E east approach,39.90006,-75.16965,300,polygon_extrusion,70,45,0.2,20,0.05,#F59E0B,0.55,Yes,staffed geofenced pickup with temporary lane control,concept_only,planning_anchor ±25–100 m,engineering_assumption,https://www.lincolnfinancialfield.com/lots-de/,20000000
philadelphia-tnc-PERM,9,philadelphia,Philadelphia,tnc,Managed rideshare hub,permanent,phi-lots-de,PHI-DE,Lincoln Financial Field Lots D/E east approach,39.90006,-75.16965,300,polygon_extrusion,70,45,0.2,27,0.1,#2563EB,0.85,Yes,off-street rideshare hub with accessible bays,concept_only,planning_anchor ±25–100 m,engineering_assumption,https://www.lincolnfinancialfield.com/lots-de/,20000000
philadelphia-wayfinding-TMP,9,philadelphia,Philadelphia,wayfinding,Multilingual wayfinding,temporary,phi-nrg-station,PHI-NRG,NRG Station and Broad Street queue zone,39.9047,-75.1736,250,point_model,1,1,2.5,37,0.05,#F59E0B,0.55,Yes,portable signs; digital messages; multilingual ambassadors,concept_only,planning_anchor ±25–100 m,engineering_assumption,https://wwww.septa.org/news/infrastructure-improvements-for-fifa/,13500000
philadelphia-wayfinding-PERM,9,philadelphia,Philadelphia,wayfinding,Multilingual wayfinding,permanent,phi-nrg-station,PHI-NRG,NRG Station and Broad Street queue zone,39.9047,-75.1736,250,point_model,1,1,4,44,0.1,#2563EB,0.85,Yes,fixed multilingual physical and digital wayfinding,concept_only,planning_anchor ±25–100 m,engineering_assumption,https://wwww.septa.org/news/infrastructure-improvements-for-fifa/,16500000
philadelphia-station-TMP,9,philadelphia,Philadelphia,station,Station-capacity package,temporary,phi-nrg-station,PHI-NRG,NRG Station and Broad Street queue zone,39.9047,-75.1736,250,glb_model,120,45,6,54,0.05,#F59E0B,0.55,Yes,temporary gates; queue barriers; portable fare equipment,concept_only,planning_anchor ±25–100 m,engineering_assumption,https://wwww.septa.org/news/infrastructure-improvements-for-fifa/,50000000
philadelphia-station-PERM,9,philadelphia,Philadelphia,station,Station-capacity package,permanent,phi-nrg-station,PHI-NRG,NRG Station and Broad Street queue zone,39.9047,-75.1736,250,glb_model,120,45,18,61,0.1,#2563EB,0.85,Yes,"platform, entry and circulation expansion",concept_only,planning_anchor ±25–100 m,engineering_assumption,https://wwww.septa.org/news/infrastructure-improvements-for-fifa/,200000000
philadelphia-toc-TMP,9,philadelphia,Philadelphia,toc,Integrated traffic operations,temporary,phi-lots-de,PHI-DE,Lincoln Financial Field Lots D/E east approach,39.90006,-75.16965,300,glb_model,60,40,4,71,0.05,#F59E0B,0.55,Yes,unified incident command and temporary sensor feeds,concept_only,planning_anchor ±25–100 m,engineering_assumption,https://www.lincolnfinancialfield.com/lots-de/,37500000
philadelphia-toc-PERM,9,philadelphia,Philadelphia,toc,Integrated traffic operations,permanent,phi-lots-de,PHI-DE,Lincoln Financial Field Lots D/E east approach,39.90006,-75.16965,300,glb_model,60,40,12,78,0.1,#2563EB,0.85,Yes,integrated operations center and adaptive dispatch,concept_only,planning_anchor ±25–100 m,engineering_assumption,https://www.lincolnfinancialfield.com/lots-de/,112500000
philadelphia-access-TMP,9,philadelphia,Philadelphia,access,ADA/microtransit access,temporary,phi-nrg-station,PHI-NRG,NRG Station and Broad Street queue zone,39.9047,-75.1736,250,line_extrusion,800,3,0.1,88,0.05,#F59E0B,0.55,No,accessible shuttles; temporary ramps and staffed assistance,concept_only,planning_anchor ±25–100 m,engineering_assumption,https://wwww.septa.org/news/infrastructure-improvements-for-fifa/,0
philadelphia-access-PERM,9,philadelphia,Philadelphia,access,ADA/microtransit access,permanent,phi-nrg-station,PHI-NRG,NRG Station and Broad Street queue zone,39.9047,-75.1736,250,line_extrusion,800,3,0.1,95,0.1,#2563EB,0.85,No,ADA ramps; tactile guidance; accessible first/last-mile network,concept_only,planning_anchor ±25–100 m,engineering_assumption,https://wwww.septa.org/news/infrastructure-improvements-for-fifa/,0
sf-bay-service-TMP,10,sf-bay,San Francisco Bay Area,service,Extra transit service,temporary,sf-great-america-station,SF-GA,Great America VTA station platform queue,37.403468,-121.974908,250,animated_route,1500,2,0.5,290,0.05,#F59E0B,0.55,Yes,extra rail/bus vehicle-hours; standby operators; event timetable,concept_only,planning_anchor ±25–100 m,engineering_assumption,https://www.vta.org/go/stations/great-america,132000000
sf-bay-service-PERM,10,sf-bay,San Francisco Bay Area,service,Extra transit service,permanent,sf-great-america-station,SF-GA,Great America VTA station platform queue,37.403468,-121.974908,250,animated_route,1500,2,1,297,0.1,#2563EB,0.85,Yes,recurring major-event service plan; fleet and stabling readiness,concept_only,planning_anchor ±25–100 m,engineering_assumption,https://www.vta.org/go/stations/great-america,33000000
sf-bay-buslane-TMP,10,sf-bay,San Francisco Bay Area,buslane,Transit-priority lanes,temporary,sf-tasman-debartolo,SF-TAS,Tasman Drive and Marie P. DeBartolo Way east plaza,37.4035,-121.9696,300,line_extrusion,3200,3.5,0.1,307,0.05,#F59E0B,0.55,Yes,cone- and paint-defined bus lane with enforcement,concept_only,planning_anchor ±25–100 m,engineering_assumption,https://www.vta.org/media/37311,64800000
sf-bay-buslane-PERM,10,sf-bay,San Francisco Bay Area,buslane,Transit-priority lanes,permanent,sf-tasman-debartolo,SF-TAS,Tasman Drive and Marie P. DeBartolo Way east plaza,37.4035,-121.9696,300,line_extrusion,3200,3.5,0.1,314,0.1,#2563EB,0.85,Yes,dedicated or peak-period transit-priority lane,concept_only,planning_anchor ±25–100 m,engineering_assumption,https://www.vta.org/media/37311,79200000
sf-bay-signals-TMP,10,sf-bay,San Francisco Bay Area,signals,Signal timing plans,temporary,sf-tasman-debartolo,SF-TAS,Tasman Drive and Marie P. DeBartolo Way east plaza,37.4035,-121.9696,300,point_model,1,1,3,324,0.05,#F59E0B,0.55,Yes,police/manual traffic control and temporary timing plan,concept_only,planning_anchor ±25–100 m,engineering_assumption,https://www.vta.org/media/37311,9000000
sf-bay-signals-PERM,10,sf-bay,San Francisco Bay Area,signals,Signal timing plans,permanent,sf-tasman-debartolo,SF-TAS,Tasman Drive and Marie P. DeBartolo Way east plaza,37.4035,-121.9696,300,point_model,1,1,6,331,0.1,#2563EB,0.85,Yes,adaptive controllers and transit signal priority,concept_only,planning_anchor ±25–100 m,engineering_assumption,https://www.vta.org/media/37311,27000000
sf-bay-hub-TMP,10,sf-bay,San Francisco Bay Area,hub,Hub-to-stadium shuttle package,temporary,sf-tasman-debartolo,SF-TAS,Tasman Drive and Marie P. DeBartolo Way east plaza,37.4035,-121.9696,300,polygon_extrusion,90,60,3,341,0.05,#F59E0B,0.55,Yes,pop-up shuttle zone; temporary shelters and dispatch,concept_only,planning_anchor ±25–100 m,engineering_assumption,https://www.vta.org/media/37311,30000000
sf-bay-hub-PERM,10,sf-bay,San Francisco Bay Area,hub,Hub-to-stadium shuttle package,permanent,sf-tasman-debartolo,SF-TAS,Tasman Drive and Marie P. DeBartolo Way east plaza,37.4035,-121.9696,300,polygon_extrusion,90,60,6,348,0.1,#2563EB,0.85,Yes,permanent multimodal mobility hub,concept_only,planning_anchor ±25–100 m,engineering_assumption,https://www.vta.org/media/37311,45000000
sf-bay-parkride-TMP,10,sf-bay,San Francisco Bay Area,parkride,Park-and-ride package,temporary,sf-tasman-debartolo,SF-TAS,Tasman Drive and Marie P. DeBartolo Way east plaza,37.4035,-121.9696,300,polygon_extrusion,220,150,0.2,358,0.05,#F59E0B,0.55,Yes,leased intercept lots and temporary signing,concept_only,planning_anchor ±25–100 m,engineering_assumption,https://www.vta.org/media/37311,22500000
sf-bay-parkride-PERM,10,sf-bay,San Francisco Bay Area,parkride,Park-and-ride package,permanent,sf-tasman-debartolo,SF-TAS,Tasman Drive and Marie P. DeBartolo Way east plaza,37.4035,-121.9696,300,polygon_extrusion,220,150,0.2,5,0.1,#2563EB,0.85,Yes,permanent park-and-ride with charging and transit access,concept_only,planning_anchor ±25–100 m,engineering_assumption,https://www.vta.org/media/37311,22500000
sf-bay-ped-TMP,10,sf-bay,San Francisco Bay Area,ped,Protected pedestrian corridor,temporary,sf-great-america-station,SF-GA,Great America VTA station platform queue,37.403468,-121.974908,250,line_extrusion,1600,6,0.15,15,0.05,#F59E0B,0.55,No,barricaded protected corridor; marshals and lighting,concept_only,planning_anchor ±25–100 m,engineering_assumption,https://www.vta.org/go/stations/great-america,0
sf-bay-ped-PERM,10,sf-bay,San Francisco Bay Area,ped,Protected pedestrian corridor,permanent,sf-great-america-station,SF-GA,Great America VTA station platform queue,37.403468,-121.974908,250,line_extrusion,1600,6,0.15,22,0.1,#0F766E,0.85,No,widened sidewalk; lighting; drainage and separation,concept_only,planning_anchor ±25–100 m,engineering_assumption,https://www.vta.org/go/stations/great-america,0
sf-bay-bike-TMP,10,sf-bay,San Francisco Bay Area,bike,Protected bicycle access,temporary,sf-great-america-station,SF-GA,Great America VTA station platform queue,37.403468,-121.974908,250,line_extrusion,3200,3,0.1,32,0.05,#F59E0B,0.55,No,pop-up protected lane and attended bike valet,concept_only,planning_anchor ±25–100 m,engineering_assumption,https://www.vta.org/go/stations/great-america,0
sf-bay-bike-PERM,10,sf-bay,San Francisco Bay Area,bike,Protected bicycle access,permanent,sf-great-america-station,SF-GA,Great America VTA station platform queue,37.403468,-121.974908,250,line_extrusion,3200,3,0.1,39,0.1,#0F766E,0.85,No,protected bikeway and secure long-term parking,concept_only,planning_anchor ±25–100 m,engineering_assumption,https://www.vta.org/go/stations/great-america,0
sf-bay-tnc-TMP,10,sf-bay,San Francisco Bay Area,tnc,Managed rideshare hub,temporary,sf-tasman-debartolo,SF-TAS,Tasman Drive and Marie P. DeBartolo Way east plaza,37.4035,-121.9696,300,polygon_extrusion,70,45,0.2,49,0.05,#F59E0B,0.55,Yes,staffed geofenced pickup with temporary lane control,concept_only,planning_anchor ±25–100 m,engineering_assumption,https://www.vta.org/media/37311,40000000
sf-bay-tnc-PERM,10,sf-bay,San Francisco Bay Area,tnc,Managed rideshare hub,permanent,sf-tasman-debartolo,SF-TAS,Tasman Drive and Marie P. DeBartolo Way east plaza,37.4035,-121.9696,300,polygon_extrusion,70,45,0.2,56,0.1,#2563EB,0.85,Yes,off-street rideshare hub with accessible bays,concept_only,planning_anchor ±25–100 m,engineering_assumption,https://www.vta.org/media/37311,40000000
sf-bay-wayfinding-TMP,10,sf-bay,San Francisco Bay Area,wayfinding,Multilingual wayfinding,temporary,sf-great-america-station,SF-GA,Great America VTA station platform queue,37.403468,-121.974908,250,point_model,1,1,2.5,66,0.05,#F59E0B,0.55,Yes,portable signs; digital messages; multilingual ambassadors,concept_only,planning_anchor ±25–100 m,engineering_assumption,https://www.vta.org/go/stations/great-america,27000000
sf-bay-wayfinding-PERM,10,sf-bay,San Francisco Bay Area,wayfinding,Multilingual wayfinding,permanent,sf-great-america-station,SF-GA,Great America VTA station platform queue,37.403468,-121.974908,250,point_model,1,1,4,73,0.1,#2563EB,0.85,Yes,fixed multilingual physical and digital wayfinding,concept_only,planning_anchor ±25–100 m,engineering_assumption,https://www.vta.org/go/stations/great-america,33000000
sf-bay-station-TMP,10,sf-bay,San Francisco Bay Area,station,Station-capacity package,temporary,sf-great-america-station,SF-GA,Great America VTA station platform queue,37.403468,-121.974908,250,glb_model,120,45,6,83,0.05,#F59E0B,0.55,Yes,temporary gates; queue barriers; portable fare equipment,concept_only,planning_anchor ±25–100 m,engineering_assumption,https://www.vta.org/go/stations/great-america,25000000
sf-bay-station-PERM,10,sf-bay,San Francisco Bay Area,station,Station-capacity package,permanent,sf-great-america-station,SF-GA,Great America VTA station platform queue,37.403468,-121.974908,250,glb_model,120,45,18,90,0.1,#2563EB,0.85,Yes,"platform, entry and circulation expansion",concept_only,planning_anchor ±25–100 m,engineering_assumption,https://www.vta.org/go/stations/great-america,100000000
sf-bay-toc-TMP,10,sf-bay,San Francisco Bay Area,toc,Integrated traffic operations,temporary,sf-tasman-debartolo,SF-TAS,Tasman Drive and Marie P. DeBartolo Way east plaza,37.4035,-121.9696,300,glb_model,60,40,4,100,0.05,#F59E0B,0.55,Yes,unified incident command and temporary sensor feeds,concept_only,planning_anchor ±25–100 m,engineering_assumption,https://www.vta.org/media/37311,37500000
sf-bay-toc-PERM,10,sf-bay,San Francisco Bay Area,toc,Integrated traffic operations,permanent,sf-tasman-debartolo,SF-TAS,Tasman Drive and Marie P. DeBartolo Way east plaza,37.4035,-121.9696,300,glb_model,60,40,12,107,0.1,#2563EB,0.85,Yes,integrated operations center and adaptive dispatch,concept_only,planning_anchor ±25–100 m,engineering_assumption,https://www.vta.org/media/37311,112500000
sf-bay-access-TMP,10,sf-bay,San Francisco Bay Area,access,ADA/microtransit access,temporary,sf-great-america-station,SF-GA,Great America VTA station platform queue,37.403468,-121.974908,250,line_extrusion,800,3,0.1,117,0.05,#F59E0B,0.55,No,accessible shuttles; temporary ramps and staffed assistance,concept_only,planning_anchor ±25–100 m,engineering_assumption,https://www.vta.org/go/stations/great-america,0
sf-bay-access-PERM,10,sf-bay,San Francisco Bay Area,access,ADA/microtransit access,permanent,sf-great-america-station,SF-GA,Great America VTA station platform queue,37.403468,-121.974908,250,line_extrusion,800,3,0.1,124,0.1,#2563EB,0.85,No,ADA ramps; tactile guidance; accessible first/last-mile network,concept_only,planning_anchor ±25–100 m,engineering_assumption,https://www.vta.org/go/stations/great-america,0
seattle-service-TMP,11,seattle,Seattle,service,Extra transit service,temporary,sea-stadium-station,SEA-STA,Stadium Station and Royal Brougham Way approach,47.5917,-122.3272,250,animated_route,1500,2,0.5,319,0.05,#F59E0B,0.55,Yes,extra rail/bus vehicle-hours; standby operators; event timetable,concept_only,planning_anchor ±25–100 m,engineering_assumption,https://www.soundtransit.org/ride-with-us/popular-destinations/lumen-field,132000000
seattle-service-PERM,11,seattle,Seattle,service,Extra transit service,permanent,sea-stadium-station,SEA-STA,Stadium Station and Royal Brougham Way approach,47.5917,-122.3272,250,animated_route,1500,2,1,326,0.1,#2563EB,0.85,Yes,recurring major-event service plan; fleet and stabling readiness,concept_only,planning_anchor ±25–100 m,engineering_assumption,https://www.soundtransit.org/ride-with-us/popular-destinations/lumen-field,33000000
seattle-buslane-TMP,11,seattle,Seattle,buslane,Transit-priority lanes,temporary,sea-occidental-south,SEA-OCC,Occidental Avenue South plaza approach,47.5925,-122.3328,300,line_extrusion,3200,3.5,0.1,336,0.05,#F59E0B,0.55,Yes,cone- and paint-defined bus lane with enforcement,concept_only,planning_anchor ±25–100 m,engineering_assumption,https://www.lumenfield.com/multi-day-events/taylor-swift-2023,48600000
seattle-buslane-PERM,11,seattle,Seattle,buslane,Transit-priority lanes,permanent,sea-occidental-south,SEA-OCC,Occidental Avenue South plaza approach,47.5925,-122.3328,300,line_extrusion,3200,3.5,0.1,343,0.1,#2563EB,0.85,Yes,dedicated or peak-period transit-priority lane,concept_only,planning_anchor ±25–100 m,engineering_assumption,https://www.lumenfield.com/multi-day-events/taylor-swift-2023,59400000
seattle-signals-TMP,11,seattle,Seattle,signals,Signal timing plans,temporary,sea-occidental-south,SEA-OCC,Occidental Avenue South plaza approach,47.5925,-122.3328,300,point_model,1,1,3,353,0.05,#F59E0B,0.55,Yes,police/manual traffic control and temporary timing plan,concept_only,planning_anchor ±25–100 m,engineering_assumption,https://www.lumenfield.com/multi-day-events/taylor-swift-2023,9000000
seattle-signals-PERM,11,seattle,Seattle,signals,Signal timing plans,permanent,sea-occidental-south,SEA-OCC,Occidental Avenue South plaza approach,47.5925,-122.3328,300,point_model,1,1,6,0,0.1,#2563EB,0.85,Yes,adaptive controllers and transit signal priority,concept_only,planning_anchor ±25–100 m,engineering_assumption,https://www.lumenfield.com/multi-day-events/taylor-swift-2023,27000000
seattle-hub-TMP,11,seattle,Seattle,hub,Hub-to-stadium shuttle package,temporary,sea-occidental-south,SEA-OCC,Occidental Avenue South plaza approach,47.5925,-122.3328,300,polygon_extrusion,90,60,3,10,0.05,#F59E0B,0.55,No,pop-up shuttle zone; temporary shelters and dispatch,concept_only,planning_anchor ±25–100 m,engineering_assumption,https://www.lumenfield.com/multi-day-events/taylor-swift-2023,0
seattle-hub-PERM,11,seattle,Seattle,hub,Hub-to-stadium shuttle package,permanent,sea-occidental-south,SEA-OCC,Occidental Avenue South plaza approach,47.5925,-122.3328,300,polygon_extrusion,90,60,6,17,0.1,#2563EB,0.85,No,permanent multimodal mobility hub,concept_only,planning_anchor ±25–100 m,engineering_assumption,https://www.lumenfield.com/multi-day-events/taylor-swift-2023,0
seattle-parkride-TMP,11,seattle,Seattle,parkride,Park-and-ride package,temporary,sea-occidental-south,SEA-OCC,Occidental Avenue South plaza approach,47.5925,-122.3328,300,polygon_extrusion,220,150,0.2,27,0.05,#F59E0B,0.55,No,leased intercept lots and temporary signing,concept_only,planning_anchor ±25–100 m,engineering_assumption,https://www.lumenfield.com/multi-day-events/taylor-swift-2023,0
seattle-parkride-PERM,11,seattle,Seattle,parkride,Park-and-ride package,permanent,sea-occidental-south,SEA-OCC,Occidental Avenue South plaza approach,47.5925,-122.3328,300,polygon_extrusion,220,150,0.2,34,0.1,#2563EB,0.85,No,permanent park-and-ride with charging and transit access,concept_only,planning_anchor ±25–100 m,engineering_assumption,https://www.lumenfield.com/multi-day-events/taylor-swift-2023,0
seattle-ped-TMP,11,seattle,Seattle,ped,Protected pedestrian corridor,temporary,sea-stadium-station,SEA-STA,Stadium Station and Royal Brougham Way approach,47.5917,-122.3272,250,line_extrusion,1600,6,0.15,44,0.05,#F59E0B,0.55,Yes,barricaded protected corridor; marshals and lighting,concept_only,planning_anchor ±25–100 m,engineering_assumption,https://www.soundtransit.org/ride-with-us/popular-destinations/lumen-field,21000000
seattle-ped-PERM,11,seattle,Seattle,ped,Protected pedestrian corridor,permanent,sea-stadium-station,SEA-STA,Stadium Station and Royal Brougham Way approach,47.5917,-122.3272,250,line_extrusion,1600,6,0.15,51,0.1,#0F766E,0.85,Yes,widened sidewalk; lighting; drainage and separation,concept_only,planning_anchor ±25–100 m,engineering_assumption,https://www.soundtransit.org/ride-with-us/popular-destinations/lumen-field,39000000
seattle-bike-TMP,11,seattle,Seattle,bike,Protected bicycle access,temporary,sea-stadium-station,SEA-STA,Stadium Station and Royal Brougham Way approach,47.5917,-122.3272,250,line_extrusion,3200,3,0.1,61,0.05,#F59E0B,0.55,No,pop-up protected lane and attended bike valet,concept_only,planning_anchor ±25–100 m,engineering_assumption,https://www.soundtransit.org/ride-with-us/popular-destinations/lumen-field,0
seattle-bike-PERM,11,seattle,Seattle,bike,Protected bicycle access,permanent,sea-stadium-station,SEA-STA,Stadium Station and Royal Brougham Way approach,47.5917,-122.3272,250,line_extrusion,3200,3,0.1,68,0.1,#0F766E,0.85,No,protected bikeway and secure long-term parking,concept_only,planning_anchor ±25–100 m,engineering_assumption,https://www.soundtransit.org/ride-with-us/popular-destinations/lumen-field,0
seattle-tnc-TMP,11,seattle,Seattle,tnc,Managed rideshare hub,temporary,sea-occidental-south,SEA-OCC,Occidental Avenue South plaza approach,47.5925,-122.3328,300,polygon_extrusion,70,45,0.2,78,0.05,#F59E0B,0.55,Yes,staffed geofenced pickup with temporary lane control,concept_only,planning_anchor ±25–100 m,engineering_assumption,https://www.lumenfield.com/multi-day-events/taylor-swift-2023,20000000
seattle-tnc-PERM,11,seattle,Seattle,tnc,Managed rideshare hub,permanent,sea-occidental-south,SEA-OCC,Occidental Avenue South plaza approach,47.5925,-122.3328,300,polygon_extrusion,70,45,0.2,85,0.1,#2563EB,0.85,Yes,off-street rideshare hub with accessible bays,concept_only,planning_anchor ±25–100 m,engineering_assumption,https://www.lumenfield.com/multi-day-events/taylor-swift-2023,20000000
seattle-wayfinding-TMP,11,seattle,Seattle,wayfinding,Multilingual wayfinding,temporary,sea-stadium-station,SEA-STA,Stadium Station and Royal Brougham Way approach,47.5917,-122.3272,250,point_model,1,1,2.5,95,0.05,#F59E0B,0.55,Yes,portable signs; digital messages; multilingual ambassadors,concept_only,planning_anchor ±25–100 m,engineering_assumption,https://www.soundtransit.org/ride-with-us/popular-destinations/lumen-field,13500000
seattle-wayfinding-PERM,11,seattle,Seattle,wayfinding,Multilingual wayfinding,permanent,sea-stadium-station,SEA-STA,Stadium Station and Royal Brougham Way approach,47.5917,-122.3272,250,point_model,1,1,4,102,0.1,#2563EB,0.85,Yes,fixed multilingual physical and digital wayfinding,concept_only,planning_anchor ±25–100 m,engineering_assumption,https://www.soundtransit.org/ride-with-us/popular-destinations/lumen-field,16500000
seattle-station-TMP,11,seattle,Seattle,station,Station-capacity package,temporary,sea-stadium-station,SEA-STA,Stadium Station and Royal Brougham Way approach,47.5917,-122.3272,250,glb_model,120,45,6,112,0.05,#F59E0B,0.55,Yes,temporary gates; queue barriers; portable fare equipment,concept_only,planning_anchor ±25–100 m,engineering_assumption,https://www.soundtransit.org/ride-with-us/popular-destinations/lumen-field,50000000
seattle-station-PERM,11,seattle,Seattle,station,Station-capacity package,permanent,sea-stadium-station,SEA-STA,Stadium Station and Royal Brougham Way approach,47.5917,-122.3272,250,glb_model,120,45,18,119,0.1,#2563EB,0.85,Yes,"platform, entry and circulation expansion",concept_only,planning_anchor ±25–100 m,engineering_assumption,https://www.soundtransit.org/ride-with-us/popular-destinations/lumen-field,200000000
seattle-toc-TMP,11,seattle,Seattle,toc,Integrated traffic operations,temporary,sea-occidental-south,SEA-OCC,Occidental Avenue South plaza approach,47.5925,-122.3328,300,glb_model,60,40,4,129,0.05,#F59E0B,0.55,Yes,unified incident command and temporary sensor feeds,concept_only,planning_anchor ±25–100 m,engineering_assumption,https://www.lumenfield.com/multi-day-events/taylor-swift-2023,37500000
seattle-toc-PERM,11,seattle,Seattle,toc,Integrated traffic operations,permanent,sea-occidental-south,SEA-OCC,Occidental Avenue South plaza approach,47.5925,-122.3328,300,glb_model,60,40,12,136,0.1,#2563EB,0.85,Yes,integrated operations center and adaptive dispatch,concept_only,planning_anchor ±25–100 m,engineering_assumption,https://www.lumenfield.com/multi-day-events/taylor-swift-2023,112500000
seattle-access-TMP,11,seattle,Seattle,access,ADA/microtransit access,temporary,sea-stadium-station,SEA-STA,Stadium Station and Royal Brougham Way approach,47.5917,-122.3272,250,line_extrusion,800,3,0.1,146,0.05,#F59E0B,0.55,No,accessible shuttles; temporary ramps and staffed assistance,concept_only,planning_anchor ±25–100 m,engineering_assumption,https://www.soundtransit.org/ride-with-us/popular-destinations/lumen-field,0
seattle-access-PERM,11,seattle,Seattle,access,ADA/microtransit access,permanent,sea-stadium-station,SEA-STA,Stadium Station and Royal Brougham Way approach,47.5917,-122.3272,250,line_extrusion,800,3,0.1,153,0.1,#2563EB,0.85,No,ADA ramps; tactile guidance; accessible first/last-mile network,concept_only,planning_anchor ±25–100 m,engineering_assumption,https://www.soundtransit.org/ride-with-us/popular-destinations/lumen-field,0
