{
  "type": "FeatureCollection",
  "metadata": {
    "crs": "EPSG:4326",
    "display": "teal-blue / 0.85 opacity"
  },
  "features": [
    {
      "type": "Feature",
      "id": "atlanta-service-PERM",
      "geometry": {
        "type": "LineString",
        "coordinates": [
          [
            -84.40856285839594,
            33.75104926605954
          ],
          [
            -84.4038,
            33.7565
          ],
          [
            -84.39903653591523,
            33.76195055100661
          ]
        ]
      },
      "properties": {
        "project_id": "atlanta-service-PERM",
        "host_region_code": 1,
        "city_id": "atlanta",
        "host_region": "Atlanta",
        "category": "service",
        "category_name": "Extra transit service",
        "phase": "permanent",
        "area_id": "atl-vine-city",
        "area_short_code": "ATL-VC",
        "exact_area_name": "Vine City Station–Northside Drive approach",
        "analysis_radius_m": 250,
        "geometry_type": "animated_route",
        "length_m": 1500,
        "width_m": 2,
        "height_m": 1,
        "bearing_deg": 36,
        "z_offset_m": 0.1,
        "color": "#2563EB",
        "opacity": 0.85,
        "allocation_cents": 44000000,
        "render_enabled": "Yes",
        "design_description": "recurring major-event service plan; fleet and stabling readiness",
        "implementation_status": "concept_only",
        "spatial_precision": "planning_anchor ±25–100 m",
        "evidence_class": "engineering_assumption",
        "source_url": "https://www.itsmarta.com/Vine-City.aspx"
      }
    },
    {
      "type": "Feature",
      "id": "atlanta-buslane-PERM",
      "geometry": {
        "type": "LineString",
        "coordinates": [
          [
            -84.41240510160762,
            33.74774931750653
          ],
          [
            -84.3986,
            33.7564
          ],
          [
            -84.38479211227008,
            33.76504914550806
          ]
        ]
      },
      "properties": {
        "project_id": "atlanta-buslane-PERM",
        "host_region_code": 1,
        "city_id": "atlanta",
        "host_region": "Atlanta",
        "category": "buslane",
        "category_name": "Transit-priority lanes",
        "phase": "permanent",
        "area_id": "atl-sec-district",
        "area_short_code": "ATL-SEC",
        "exact_area_name": "GWCC/CNN Center–Andrew Young International Boulevard approach",
        "analysis_radius_m": 300,
        "geometry_type": "line_extrusion",
        "length_m": 3200,
        "width_m": 3.5,
        "height_m": 0.1,
        "bearing_deg": 53,
        "z_offset_m": 0.1,
        "color": "#2563EB",
        "opacity": 0.85,
        "allocation_cents": 59400000,
        "render_enabled": "Yes",
        "design_description": "dedicated or peak-period transit-priority lane",
        "implementation_status": "concept_only",
        "spatial_precision": "planning_anchor ±25–100 m",
        "evidence_class": "engineering_assumption",
        "source_url": "https://www.mercedesbenzstadium.com/stadium-maps"
      }
    },
    {
      "type": "Feature",
      "id": "atlanta-signals-PERM",
      "geometry": {
        "type": "Point",
        "coordinates": [
          -84.3986,
          33.7564
        ]
      },
      "properties": {
        "project_id": "atlanta-signals-PERM",
        "host_region_code": 1,
        "city_id": "atlanta",
        "host_region": "Atlanta",
        "category": "signals",
        "category_name": "Signal timing plans",
        "phase": "permanent",
        "area_id": "atl-sec-district",
        "area_short_code": "ATL-SEC",
        "exact_area_name": "GWCC/CNN Center–Andrew Young International Boulevard approach",
        "analysis_radius_m": 300,
        "geometry_type": "point_model",
        "length_m": 1,
        "width_m": 1,
        "height_m": 6,
        "bearing_deg": 70,
        "z_offset_m": 0.1,
        "color": "#2563EB",
        "opacity": 0.85,
        "allocation_cents": 27000000,
        "render_enabled": "Yes",
        "design_description": "adaptive controllers and transit signal priority",
        "implementation_status": "concept_only",
        "spatial_precision": "planning_anchor ±25–100 m",
        "evidence_class": "engineering_assumption",
        "source_url": "https://www.mercedesbenzstadium.com/stadium-maps"
      }
    },
    {
      "type": "Feature",
      "id": "atlanta-hub-PERM",
      "geometry": {
        "type": "Polygon",
        "coordinates": [
          [
            [
              -84.39813141672364,
              33.75669028068587
            ],
            [
              -84.39809748809186,
              33.756152030181326
            ],
            [
              -84.3990685831516,
              33.75610971741087
            ],
            [
              -84.39910251176663,
              33.75664796791542
            ],
            [
              -84.39813141672364,
              33.75669028068587
            ]
          ]
        ]
      },
      "properties": {
        "project_id": "atlanta-hub-PERM",
        "host_region_code": 1,
        "city_id": "atlanta",
        "host_region": "Atlanta",
        "category": "hub",
        "category_name": "Hub-to-stadium shuttle package",
        "phase": "permanent",
        "area_id": "atl-sec-district",
        "area_short_code": "ATL-SEC",
        "exact_area_name": "GWCC/CNN Center–Andrew Young International Boulevard approach",
        "analysis_radius_m": 300,
        "geometry_type": "polygon_extrusion",
        "length_m": 90,
        "width_m": 60,
        "height_m": 6,
        "bearing_deg": 87,
        "z_offset_m": 0.1,
        "color": "#2563EB",
        "opacity": 0.85,
        "allocation_cents": 45000000,
        "render_enabled": "Yes",
        "design_description": "permanent multimodal mobility hub",
        "implementation_status": "concept_only",
        "spatial_precision": "planning_anchor ±25–100 m",
        "evidence_class": "engineering_assumption",
        "source_url": "https://www.mercedesbenzstadium.com/stadium-maps"
      }
    },
    {
      "type": "Feature",
      "id": "atlanta-parkride-PERM",
      "geometry": {
        "type": "Polygon",
        "coordinates": [
          [
            [
              -84.39725074072625,
              33.756814663744215
            ],
            [
              -84.39764282556582,
              33.75550721652267
            ],
            [
              -84.39994926380872,
              33.75598532522266
            ],
            [
              -84.39955717678251,
              33.757292772444195
            ],
            [
              -84.39725074072625,
              33.756814663744215
            ]
          ]
        ]
      },
      "properties": {
        "project_id": "atlanta-parkride-PERM",
        "host_region_code": 1,
        "city_id": "atlanta",
        "host_region": "Atlanta",
        "category": "parkride",
        "category_name": "Park-and-ride package",
        "phase": "permanent",
        "area_id": "atl-sec-district",
        "area_short_code": "ATL-SEC",
        "exact_area_name": "GWCC/CNN Center–Andrew Young International Boulevard approach",
        "analysis_radius_m": 300,
        "geometry_type": "polygon_extrusion",
        "length_m": 220,
        "width_m": 150,
        "height_m": 0.2,
        "bearing_deg": 104,
        "z_offset_m": 0.1,
        "color": "#2563EB",
        "opacity": 0.85,
        "allocation_cents": 0,
        "render_enabled": "No",
        "design_description": "permanent park-and-ride with charging and transit access",
        "implementation_status": "concept_only",
        "spatial_precision": "planning_anchor ±25–100 m",
        "evidence_class": "engineering_assumption",
        "source_url": "https://www.mercedesbenzstadium.com/stadium-maps"
      }
    },
    {
      "type": "Feature",
      "id": "atlanta-ped-PERM",
      "geometry": {
        "type": "LineString",
        "coordinates": [
          [
            -84.41120951301221,
            33.76020111126278
          ],
          [
            -84.4038,
            33.7565
          ],
          [
            -84.39639112677514,
            33.752798446102645
          ]
        ]
      },
      "properties": {
        "project_id": "atlanta-ped-PERM",
        "host_region_code": 1,
        "city_id": "atlanta",
        "host_region": "Atlanta",
        "category": "ped",
        "category_name": "Protected pedestrian corridor",
        "phase": "permanent",
        "area_id": "atl-vine-city",
        "area_short_code": "ATL-VC",
        "exact_area_name": "Vine City Station–Northside Drive approach",
        "analysis_radius_m": 250,
        "geometry_type": "line_extrusion",
        "length_m": 1600,
        "width_m": 6,
        "height_m": 0.15,
        "bearing_deg": 121,
        "z_offset_m": 0.1,
        "color": "#0F766E",
        "opacity": 0.85,
        "allocation_cents": 0,
        "render_enabled": "No",
        "design_description": "widened sidewalk; lighting; drainage and separation",
        "implementation_status": "concept_only",
        "spatial_precision": "planning_anchor ±25–100 m",
        "evidence_class": "engineering_assumption",
        "source_url": "https://www.itsmarta.com/Vine-City.aspx"
      }
    },
    {
      "type": "Feature",
      "id": "atlanta-bike-PERM",
      "geometry": {
        "type": "LineString",
        "coordinates": [
          [
            -84.4153691200313,
            33.76718071409495
          ],
          [
            -84.4038,
            33.7565
          ],
          [
            -84.39223376250676,
            33.745818206968394
          ]
        ]
      },
      "properties": {
        "project_id": "atlanta-bike-PERM",
        "host_region_code": 1,
        "city_id": "atlanta",
        "host_region": "Atlanta",
        "category": "bike",
        "category_name": "Protected bicycle access",
        "phase": "permanent",
        "area_id": "atl-vine-city",
        "area_short_code": "ATL-VC",
        "exact_area_name": "Vine City Station–Northside Drive approach",
        "analysis_radius_m": 250,
        "geometry_type": "line_extrusion",
        "length_m": 3200,
        "width_m": 3,
        "height_m": 0.1,
        "bearing_deg": 138,
        "z_offset_m": 0.1,
        "color": "#0F766E",
        "opacity": 0.85,
        "allocation_cents": 0,
        "render_enabled": "No",
        "design_description": "protected bikeway and secure long-term parking",
        "implementation_status": "concept_only",
        "spatial_precision": "planning_anchor ±25–100 m",
        "evidence_class": "engineering_assumption",
        "source_url": "https://www.itsmarta.com/Vine-City.aspx"
      }
    },
    {
      "type": "Feature",
      "id": "atlanta-tnc-PERM",
      "geometry": {
        "type": "Polygon",
        "coordinates": [
          [
            [
              -84.39821985133707,
              33.756200467153164
            ],
            [
              -84.3986605092843,
              33.756029627153424
            ],
            [
              -84.39898015075099,
              33.756599532249474
            ],
            [
              -84.39853948987437,
              33.75677037224922
            ],
            [
              -84.39821985133707,
              33.756200467153164
            ]
          ]
        ]
      },
      "properties": {
        "project_id": "atlanta-tnc-PERM",
        "host_region_code": 1,
        "city_id": "atlanta",
        "host_region": "Atlanta",
        "category": "tnc",
        "category_name": "Managed rideshare hub",
        "phase": "permanent",
        "area_id": "atl-sec-district",
        "area_short_code": "ATL-SEC",
        "exact_area_name": "GWCC/CNN Center–Andrew Young International Boulevard approach",
        "analysis_radius_m": 300,
        "geometry_type": "polygon_extrusion",
        "length_m": 70,
        "width_m": 45,
        "height_m": 0.2,
        "bearing_deg": 155,
        "z_offset_m": 0.1,
        "color": "#2563EB",
        "opacity": 0.85,
        "allocation_cents": 20000000,
        "render_enabled": "Yes",
        "design_description": "off-street rideshare hub with accessible bays",
        "implementation_status": "concept_only",
        "spatial_precision": "planning_anchor ±25–100 m",
        "evidence_class": "engineering_assumption",
        "source_url": "https://www.mercedesbenzstadium.com/stadium-maps"
      }
    },
    {
      "type": "Feature",
      "id": "atlanta-wayfinding-PERM",
      "geometry": {
        "type": "Point",
        "coordinates": [
          -84.4038,
          33.7565
        ]
      },
      "properties": {
        "project_id": "atlanta-wayfinding-PERM",
        "host_region_code": 1,
        "city_id": "atlanta",
        "host_region": "Atlanta",
        "category": "wayfinding",
        "category_name": "Multilingual wayfinding",
        "phase": "permanent",
        "area_id": "atl-vine-city",
        "area_short_code": "ATL-VC",
        "exact_area_name": "Vine City Station–Northside Drive approach",
        "analysis_radius_m": 250,
        "geometry_type": "point_model",
        "length_m": 1,
        "width_m": 1,
        "height_m": 4,
        "bearing_deg": 172,
        "z_offset_m": 0.1,
        "color": "#2563EB",
        "opacity": 0.85,
        "allocation_cents": 33000000,
        "render_enabled": "Yes",
        "design_description": "fixed multilingual physical and digital wayfinding",
        "implementation_status": "concept_only",
        "spatial_precision": "planning_anchor ±25–100 m",
        "evidence_class": "engineering_assumption",
        "source_url": "https://www.itsmarta.com/Vine-City.aspx"
      }
    },
    {
      "type": "Feature",
      "id": "atlanta-station-PERM",
      "geometry": {
        "type": "Point",
        "coordinates": [
          -84.4038,
          33.7565
        ]
      },
      "properties": {
        "project_id": "atlanta-station-PERM",
        "host_region_code": 1,
        "city_id": "atlanta",
        "host_region": "Atlanta",
        "category": "station",
        "category_name": "Station-capacity package",
        "phase": "permanent",
        "area_id": "atl-vine-city",
        "area_short_code": "ATL-VC",
        "exact_area_name": "Vine City Station–Northside Drive approach",
        "analysis_radius_m": 250,
        "geometry_type": "glb_model",
        "length_m": 120,
        "width_m": 45,
        "height_m": 18,
        "bearing_deg": 189,
        "z_offset_m": 0.1,
        "color": "#2563EB",
        "opacity": 0.85,
        "allocation_cents": 200000000,
        "render_enabled": "Yes",
        "design_description": "platform, entry and circulation expansion",
        "implementation_status": "concept_only",
        "spatial_precision": "planning_anchor ±25–100 m",
        "evidence_class": "engineering_assumption",
        "source_url": "https://www.itsmarta.com/Vine-City.aspx"
      }
    },
    {
      "type": "Feature",
      "id": "atlanta-toc-PERM",
      "geometry": {
        "type": "Point",
        "coordinates": [
          -84.3986,
          33.7564
        ]
      },
      "properties": {
        "project_id": "atlanta-toc-PERM",
        "host_region_code": 1,
        "city_id": "atlanta",
        "host_region": "Atlanta",
        "category": "toc",
        "category_name": "Integrated traffic operations",
        "phase": "permanent",
        "area_id": "atl-sec-district",
        "area_short_code": "ATL-SEC",
        "exact_area_name": "GWCC/CNN Center–Andrew Young International Boulevard approach",
        "analysis_radius_m": 300,
        "geometry_type": "glb_model",
        "length_m": 60,
        "width_m": 40,
        "height_m": 12,
        "bearing_deg": 206,
        "z_offset_m": 0.1,
        "color": "#2563EB",
        "opacity": 0.85,
        "allocation_cents": 112500000,
        "render_enabled": "Yes",
        "design_description": "integrated operations center and adaptive dispatch",
        "implementation_status": "concept_only",
        "spatial_precision": "planning_anchor ±25–100 m",
        "evidence_class": "engineering_assumption",
        "source_url": "https://www.mercedesbenzstadium.com/stadium-maps"
      }
    },
    {
      "type": "Feature",
      "id": "atlanta-access-PERM",
      "geometry": {
        "type": "LineString",
        "coordinates": [
          [
            -84.40085237679406,
            33.75912790980515
          ],
          [
            -84.4038,
            33.7565
          ],
          [
            -84.40674744249623,
            33.753872020142815
          ]
        ]
      },
      "properties": {
        "project_id": "atlanta-access-PERM",
        "host_region_code": 1,
        "city_id": "atlanta",
        "host_region": "Atlanta",
        "category": "access",
        "category_name": "ADA/microtransit access",
        "phase": "permanent",
        "area_id": "atl-vine-city",
        "area_short_code": "ATL-VC",
        "exact_area_name": "Vine City Station–Northside Drive approach",
        "analysis_radius_m": 250,
        "geometry_type": "line_extrusion",
        "length_m": 800,
        "width_m": 3,
        "height_m": 0.1,
        "bearing_deg": 223,
        "z_offset_m": 0.1,
        "color": "#2563EB",
        "opacity": 0.85,
        "allocation_cents": 0,
        "render_enabled": "No",
        "design_description": "ADA ramps; tactile guidance; accessible first/last-mile network",
        "implementation_status": "concept_only",
        "spatial_precision": "planning_anchor ±25–100 m",
        "evidence_class": "engineering_assumption",
        "source_url": "https://www.itsmarta.com/Vine-City.aspx"
      }
    },
    {
      "type": "Feature",
      "id": "boston-service-PERM",
      "geometry": {
        "type": "LineString",
        "coordinates": [
          [
            -71.2679277388098,
            42.08605237280874
          ],
          [
            -71.2597,
            42.0889
          ],
          [
            -71.25147152254137,
            42.09174703942963
          ]
        ]
      },
      "properties": {
        "project_id": "boston-service-PERM",
        "host_region_code": 2,
        "city_id": "boston",
        "host_region": "Boston",
        "category": "service",
        "category_name": "Extra transit service",
        "phase": "permanent",
        "area_id": "bos-foxboro-station",
        "area_short_code": "BOS-FXR",
        "exact_area_name": "Foxboro Station platform and stadium underpass",
        "analysis_radius_m": 250,
        "geometry_type": "animated_route",
        "length_m": 1500,
        "width_m": 2,
        "height_m": 1,
        "bearing_deg": 65,
        "z_offset_m": 0.1,
        "color": "#2563EB",
        "opacity": 0.85,
        "allocation_cents": 33000000,
        "render_enabled": "Yes",
        "design_description": "recurring major-event service plan; fleet and stabling readiness",
        "implementation_status": "concept_only",
        "spatial_precision": "planning_anchor ±25–100 m",
        "evidence_class": "engineering_assumption",
        "source_url": "https://www.mbta.com/stops/place-FB-0191"
      }
    },
    {
      "type": "Feature",
      "id": "boston-buslane-PERM",
      "geometry": {
        "type": "LineString",
        "coordinates": [
          [
            -71.2839796446538,
            42.08959806196836
          ],
          [
            -71.2648,
            42.0916
          ],
          [
            -71.24561914558636,
            42.093598744185854
          ]
        ]
      },
      "properties": {
        "project_id": "boston-buslane-PERM",
        "host_region_code": 2,
        "city_id": "boston",
        "host_region": "Boston",
        "category": "buslane",
        "category_name": "Transit-priority lanes",
        "phase": "permanent",
        "area_id": "bos-patriot-place-gate-a",
        "area_short_code": "BOS-GA",
        "exact_area_name": "Patriot Place north plaza and Gate A",
        "analysis_radius_m": 300,
        "geometry_type": "line_extrusion",
        "length_m": 3200,
        "width_m": 3.5,
        "height_m": 0.1,
        "bearing_deg": 82,
        "z_offset_m": 0.1,
        "color": "#2563EB",
        "opacity": 0.85,
        "allocation_cents": 79200000,
        "render_enabled": "Yes",
        "design_description": "dedicated or peak-period transit-priority lane",
        "implementation_status": "concept_only",
        "spatial_precision": "planning_anchor ±25–100 m",
        "evidence_class": "engineering_assumption",
        "source_url": "https://www.gillettestadium.com/"
      }
    },
    {
      "type": "Feature",
      "id": "boston-signals-PERM",
      "geometry": {
        "type": "Point",
        "coordinates": [
          -71.2648,
          42.0916
        ]
      },
      "properties": {
        "project_id": "boston-signals-PERM",
        "host_region_code": 2,
        "city_id": "boston",
        "host_region": "Boston",
        "category": "signals",
        "category_name": "Signal timing plans",
        "phase": "permanent",
        "area_id": "bos-patriot-place-gate-a",
        "area_short_code": "BOS-GA",
        "exact_area_name": "Patriot Place north plaza and Gate A",
        "analysis_radius_m": 300,
        "geometry_type": "point_model",
        "length_m": 1,
        "width_m": 1,
        "height_m": 6,
        "bearing_deg": 99,
        "z_offset_m": 0.1,
        "color": "#2563EB",
        "opacity": 0.85,
        "allocation_cents": 20250000,
        "render_enabled": "Yes",
        "design_description": "adaptive controllers and transit signal priority",
        "implementation_status": "concept_only",
        "spatial_precision": "planning_anchor ±25–100 m",
        "evidence_class": "engineering_assumption",
        "source_url": "https://www.gillettestadium.com/"
      }
    },
    {
      "type": "Feature",
      "id": "boston-hub-PERM",
      "geometry": {
        "type": "Polygon",
        "coordinates": [
          [
            [
              -71.26415118617568,
              42.09166501100252
            ],
            [
              -71.26446958649909,
              42.09118057074508
            ],
            [
              -71.26544881623374,
              42.091534986696225
            ],
            [
              -71.26513041413124,
              42.09201942695365
            ],
            [
              -71.26415118617568,
              42.09166501100252
            ]
          ]
        ]
      },
      "properties": {
        "project_id": "boston-hub-PERM",
        "host_region_code": 2,
        "city_id": "boston",
        "host_region": "Boston",
        "category": "hub",
        "category_name": "Hub-to-stadium shuttle package",
        "phase": "permanent",
        "area_id": "bos-patriot-place-gate-a",
        "area_short_code": "BOS-GA",
        "exact_area_name": "Patriot Place north plaza and Gate A",
        "analysis_radius_m": 300,
        "geometry_type": "polygon_extrusion",
        "length_m": 90,
        "width_m": 60,
        "height_m": 6,
        "bearing_deg": 116,
        "z_offset_m": 0.1,
        "color": "#2563EB",
        "opacity": 0.85,
        "allocation_cents": 135000000,
        "render_enabled": "Yes",
        "design_description": "permanent multimodal mobility hub",
        "implementation_status": "concept_only",
        "spatial_precision": "planning_anchor ±25–100 m",
        "evidence_class": "engineering_assumption",
        "source_url": "https://www.gillettestadium.com/"
      }
    },
    {
      "type": "Feature",
      "id": "boston-parkride-PERM",
      "geometry": {
        "type": "Polygon",
        "coordinates": [
          [
            [
              -71.26320694754712,
              42.09141881936935
            ],
            [
              -71.2644453205535,
              42.090433340057004
            ],
            [
              -71.26639307668422,
              42.091781169068085
            ],
            [
              -71.26515467736294,
              42.09276664838045
            ],
            [
              -71.26320694754712,
              42.09141881936935
            ]
          ]
        ]
      },
      "properties": {
        "project_id": "boston-parkride-PERM",
        "host_region_code": 2,
        "city_id": "boston",
        "host_region": "Boston",
        "category": "parkride",
        "category_name": "Park-and-ride package",
        "phase": "permanent",
        "area_id": "bos-patriot-place-gate-a",
        "area_short_code": "BOS-GA",
        "exact_area_name": "Patriot Place north plaza and Gate A",
        "analysis_radius_m": 300,
        "geometry_type": "polygon_extrusion",
        "length_m": 220,
        "width_m": 150,
        "height_m": 0.2,
        "bearing_deg": 133,
        "z_offset_m": 0.1,
        "color": "#2563EB",
        "opacity": 0.85,
        "allocation_cents": 22500000,
        "render_enabled": "Yes",
        "design_description": "permanent park-and-ride with charging and transit access",
        "implementation_status": "concept_only",
        "spatial_precision": "planning_anchor ±25–100 m",
        "evidence_class": "engineering_assumption",
        "source_url": "https://www.gillettestadium.com/"
      }
    },
    {
      "type": "Feature",
      "id": "boston-ped-PERM",
      "geometry": {
        "type": "LineString",
        "coordinates": [
          [
            -71.26454245529082,
            42.095123609069766
          ],
          [
            -71.2597,
            42.0889
          ],
          [
            -71.25485849481531,
            42.082676187391414
          ]
        ]
      },
      "properties": {
        "project_id": "boston-ped-PERM",
        "host_region_code": 2,
        "city_id": "boston",
        "host_region": "Boston",
        "category": "ped",
        "category_name": "Protected pedestrian corridor",
        "phase": "permanent",
        "area_id": "bos-foxboro-station",
        "area_short_code": "BOS-FXR",
        "exact_area_name": "Foxboro Station platform and stadium underpass",
        "analysis_radius_m": 250,
        "geometry_type": "line_extrusion",
        "length_m": 1600,
        "width_m": 6,
        "height_m": 0.15,
        "bearing_deg": 150,
        "z_offset_m": 0.1,
        "color": "#0F766E",
        "opacity": 0.85,
        "allocation_cents": 0,
        "render_enabled": "No",
        "design_description": "widened sidewalk; lighting; drainage and separation",
        "implementation_status": "concept_only",
        "spatial_precision": "planning_anchor ±25–100 m",
        "evidence_class": "engineering_assumption",
        "source_url": "https://www.mbta.com/stops/place-FB-0191"
      }
    },
    {
      "type": "Feature",
      "id": "boston-bike-PERM",
      "geometry": {
        "type": "LineString",
        "coordinates": [
          [
            -71.26405779634288,
            42.10290458192237
          ],
          [
            -71.2597,
            42.0889
          ],
          [
            -71.25534412738426,
            42.0748952532829
          ]
        ]
      },
      "properties": {
        "project_id": "boston-bike-PERM",
        "host_region_code": 2,
        "city_id": "boston",
        "host_region": "Boston",
        "category": "bike",
        "category_name": "Protected bicycle access",
        "phase": "permanent",
        "area_id": "bos-foxboro-station",
        "area_short_code": "BOS-FXR",
        "exact_area_name": "Foxboro Station platform and stadium underpass",
        "analysis_radius_m": 250,
        "geometry_type": "line_extrusion",
        "length_m": 3200,
        "width_m": 3,
        "height_m": 0.1,
        "bearing_deg": 167,
        "z_offset_m": 0.1,
        "color": "#0F766E",
        "opacity": 0.85,
        "allocation_cents": 0,
        "render_enabled": "No",
        "design_description": "protected bikeway and secure long-term parking",
        "implementation_status": "concept_only",
        "spatial_precision": "planning_anchor ±25–100 m",
        "evidence_class": "engineering_assumption",
        "source_url": "https://www.mbta.com/stops/place-FB-0191"
      }
    },
    {
      "type": "Feature",
      "id": "boston-tnc-PERM",
      "geometry": {
        "type": "Polygon",
        "coordinates": [
          [
            [
              -71.26455784697735,
              42.091272255970125
            ],
            [
              -71.26510126327315,
              42.09130045445807
            ],
            [
              -71.26504215553821,
              42.09192774338133
            ],
            [
              -71.26449873386824,
              42.09189954489338
            ],
            [
              -71.26455784697735,
              42.091272255970125
            ]
          ]
        ]
      },
      "properties": {
        "project_id": "boston-tnc-PERM",
        "host_region_code": 2,
        "city_id": "boston",
        "host_region": "Boston",
        "category": "tnc",
        "category_name": "Managed rideshare hub",
        "phase": "permanent",
        "area_id": "bos-patriot-place-gate-a",
        "area_short_code": "BOS-GA",
        "exact_area_name": "Patriot Place north plaza and Gate A",
        "analysis_radius_m": 300,
        "geometry_type": "polygon_extrusion",
        "length_m": 70,
        "width_m": 45,
        "height_m": 0.2,
        "bearing_deg": 184,
        "z_offset_m": 0.1,
        "color": "#2563EB",
        "opacity": 0.85,
        "allocation_cents": 40000000,
        "render_enabled": "Yes",
        "design_description": "off-street rideshare hub with accessible bays",
        "implementation_status": "concept_only",
        "spatial_precision": "planning_anchor ±25–100 m",
        "evidence_class": "engineering_assumption",
        "source_url": "https://www.gillettestadium.com/"
      }
    },
    {
      "type": "Feature",
      "id": "boston-wayfinding-PERM",
      "geometry": {
        "type": "Point",
        "coordinates": [
          -71.2597,
          42.0889
        ]
      },
      "properties": {
        "project_id": "boston-wayfinding-PERM",
        "host_region_code": 2,
        "city_id": "boston",
        "host_region": "Boston",
        "category": "wayfinding",
        "category_name": "Multilingual wayfinding",
        "phase": "permanent",
        "area_id": "bos-foxboro-station",
        "area_short_code": "BOS-FXR",
        "exact_area_name": "Foxboro Station platform and stadium underpass",
        "analysis_radius_m": 250,
        "geometry_type": "point_model",
        "length_m": 1,
        "width_m": 1,
        "height_m": 4,
        "bearing_deg": 201,
        "z_offset_m": 0.1,
        "color": "#2563EB",
        "opacity": 0.85,
        "allocation_cents": 16500000,
        "render_enabled": "Yes",
        "design_description": "fixed multilingual physical and digital wayfinding",
        "implementation_status": "concept_only",
        "spatial_precision": "planning_anchor ±25–100 m",
        "evidence_class": "engineering_assumption",
        "source_url": "https://www.mbta.com/stops/place-FB-0191"
      }
    },
    {
      "type": "Feature",
      "id": "boston-station-PERM",
      "geometry": {
        "type": "Point",
        "coordinates": [
          -71.2597,
          42.0889
        ]
      },
      "properties": {
        "project_id": "boston-station-PERM",
        "host_region_code": 2,
        "city_id": "boston",
        "host_region": "Boston",
        "category": "station",
        "category_name": "Station-capacity package",
        "phase": "permanent",
        "area_id": "bos-foxboro-station",
        "area_short_code": "BOS-FXR",
        "exact_area_name": "Foxboro Station platform and stadium underpass",
        "analysis_radius_m": 250,
        "geometry_type": "glb_model",
        "length_m": 120,
        "width_m": 45,
        "height_m": 18,
        "bearing_deg": 218,
        "z_offset_m": 0.1,
        "color": "#2563EB",
        "opacity": 0.85,
        "allocation_cents": 0,
        "render_enabled": "No",
        "design_description": "platform, entry and circulation expansion",
        "implementation_status": "concept_only",
        "spatial_precision": "planning_anchor ±25–100 m",
        "evidence_class": "engineering_assumption",
        "source_url": "https://www.mbta.com/stops/place-FB-0191"
      }
    },
    {
      "type": "Feature",
      "id": "boston-toc-PERM",
      "geometry": {
        "type": "Point",
        "coordinates": [
          -71.2648,
          42.0916
        ]
      },
      "properties": {
        "project_id": "boston-toc-PERM",
        "host_region_code": 2,
        "city_id": "boston",
        "host_region": "Boston",
        "category": "toc",
        "category_name": "Integrated traffic operations",
        "phase": "permanent",
        "area_id": "bos-patriot-place-gate-a",
        "area_short_code": "BOS-GA",
        "exact_area_name": "Patriot Place north plaza and Gate A",
        "analysis_radius_m": 300,
        "geometry_type": "glb_model",
        "length_m": 60,
        "width_m": 40,
        "height_m": 12,
        "bearing_deg": 235,
        "z_offset_m": 0.1,
        "color": "#2563EB",
        "opacity": 0.85,
        "allocation_cents": 112500000,
        "render_enabled": "Yes",
        "design_description": "integrated operations center and adaptive dispatch",
        "implementation_status": "concept_only",
        "spatial_precision": "planning_anchor ±25–100 m",
        "evidence_class": "engineering_assumption",
        "source_url": "https://www.gillettestadium.com/"
      }
    },
    {
      "type": "Feature",
      "id": "boston-access-PERM",
      "geometry": {
        "type": "LineString",
        "coordinates": [
          [
            -71.25509492259657,
            42.09001028670282
          ],
          [
            -71.2597,
            42.0889
          ],
          [
            -71.26430491619038,
            42.08778952919457
          ]
        ]
      },
      "properties": {
        "project_id": "boston-access-PERM",
        "host_region_code": 2,
        "city_id": "boston",
        "host_region": "Boston",
        "category": "access",
        "category_name": "ADA/microtransit access",
        "phase": "permanent",
        "area_id": "bos-foxboro-station",
        "area_short_code": "BOS-FXR",
        "exact_area_name": "Foxboro Station platform and stadium underpass",
        "analysis_radius_m": 250,
        "geometry_type": "line_extrusion",
        "length_m": 800,
        "width_m": 3,
        "height_m": 0.1,
        "bearing_deg": 252,
        "z_offset_m": 0.1,
        "color": "#2563EB",
        "opacity": 0.85,
        "allocation_cents": 0,
        "render_enabled": "No",
        "design_description": "ADA ramps; tactile guidance; accessible first/last-mile network",
        "implementation_status": "concept_only",
        "spatial_precision": "planning_anchor ±25–100 m",
        "evidence_class": "engineering_assumption",
        "source_url": "https://www.mbta.com/stops/place-FB-0191"
      }
    },
    {
      "type": "Feature",
      "id": "dallas-service-PERM",
      "geometry": {
        "type": "LineString",
        "coordinates": [
          [
            -97.0988911034443,
            32.74836972126345
          ],
          [
            -97.0909,
            32.7479
          ],
          [
            -97.08290898087209,
            32.747429771670326
          ]
        ]
      },
      "properties": {
        "project_id": "dallas-service-PERM",
        "host_region_code": 3,
        "city_id": "dallas",
        "host_region": "Dallas",
        "category": "service",
        "category_name": "Extra transit service",
        "phase": "permanent",
        "area_id": "dal-att-way-east-plaza",
        "area_short_code": "DAL-EPL",
        "exact_area_name": "AT&T Way east plaza approach",
        "analysis_radius_m": 300,
        "geometry_type": "animated_route",
        "length_m": 1500,
        "width_m": 2,
        "height_m": 1,
        "bearing_deg": 94,
        "z_offset_m": 0.1,
        "color": "#2563EB",
        "opacity": 0.85,
        "allocation_cents": 44000000,
        "render_enabled": "Yes",
        "design_description": "recurring major-event service plan; fleet and stabling readiness",
        "implementation_status": "concept_only",
        "spatial_precision": "planning_anchor ±25–100 m",
        "evidence_class": "engineering_assumption",
        "source_url": "https://attstadium.com/stadium-info/parking/"
      }
    },
    {
      "type": "Feature",
      "id": "dallas-buslane-PERM",
      "geometry": {
        "type": "LineString",
        "coordinates": [
          [
            -97.10745557299606,
            32.755749827704676
          ],
          [
            -97.0915,
            32.7506
          ],
          [
            -97.07554627220291,
            32.74544815091045
          ]
        ]
      },
      "properties": {
        "project_id": "dallas-buslane-PERM",
        "host_region_code": 3,
        "city_id": "dallas",
        "host_region": "Dallas",
        "category": "buslane",
        "category_name": "Transit-priority lanes",
        "phase": "permanent",
        "area_id": "dal-miller-litehouse",
        "area_short_code": "DAL-MLH",
        "exact_area_name": "Miller LiteHouse pickup at North Collins Street and Cowboys Way",
        "analysis_radius_m": 350,
        "geometry_type": "line_extrusion",
        "length_m": 3200,
        "width_m": 3.5,
        "height_m": 0.1,
        "bearing_deg": 111,
        "z_offset_m": 0.1,
        "color": "#2563EB",
        "opacity": 0.85,
        "allocation_cents": 79200000,
        "render_enabled": "Yes",
        "design_description": "dedicated or peak-period transit-priority lane",
        "implementation_status": "concept_only",
        "spatial_precision": "planning_anchor ±25–100 m",
        "evidence_class": "engineering_assumption",
        "source_url": "https://attstadium.com/stadium-info/parking/"
      }
    },
    {
      "type": "Feature",
      "id": "dallas-signals-PERM",
      "geometry": {
        "type": "Point",
        "coordinates": [
          -97.0915,
          32.7506
        ]
      },
      "properties": {
        "project_id": "dallas-signals-PERM",
        "host_region_code": 3,
        "city_id": "dallas",
        "host_region": "Dallas",
        "category": "signals",
        "category_name": "Signal timing plans",
        "phase": "permanent",
        "area_id": "dal-miller-litehouse",
        "area_short_code": "DAL-MLH",
        "exact_area_name": "Miller LiteHouse pickup at North Collins Street and Cowboys Way",
        "analysis_radius_m": 350,
        "geometry_type": "point_model",
        "length_m": 1,
        "width_m": 1,
        "height_m": 6,
        "bearing_deg": 128,
        "z_offset_m": 0.1,
        "color": "#2563EB",
        "opacity": 0.85,
        "allocation_cents": 27000000,
        "render_enabled": "Yes",
        "design_description": "adaptive controllers and transit signal priority",
        "implementation_status": "concept_only",
        "spatial_precision": "planning_anchor ±25–100 m",
        "evidence_class": "engineering_assumption",
        "source_url": "https://attstadium.com/stadium-info/parking/"
      }
    },
    {
      "type": "Feature",
      "id": "dallas-hub-PERM",
      "geometry": {
        "type": "Polygon",
        "coordinates": [
          [
            [
              -97.09096182947707,
              32.75042343960785
            ],
            [
              -97.09148679372568,
              32.75011428812022
            ],
            [
              -97.09203817361328,
              32.75077655924147
            ],
            [
              -97.0915132054615,
              32.751085710729114
            ],
            [
              -97.09096182947707,
              32.75042343960785
            ]
          ]
        ]
      },
      "properties": {
        "project_id": "dallas-hub-PERM",
        "host_region_code": 3,
        "city_id": "dallas",
        "host_region": "Dallas",
        "category": "hub",
        "category_name": "Hub-to-stadium shuttle package",
        "phase": "permanent",
        "area_id": "dal-miller-litehouse",
        "area_short_code": "DAL-MLH",
        "exact_area_name": "Miller LiteHouse pickup at North Collins Street and Cowboys Way",
        "analysis_radius_m": 350,
        "geometry_type": "polygon_extrusion",
        "length_m": 90,
        "width_m": 60,
        "height_m": 6,
        "bearing_deg": 145,
        "z_offset_m": 0.1,
        "color": "#2563EB",
        "opacity": 0.85,
        "allocation_cents": 135000000,
        "render_enabled": "Yes",
        "design_description": "permanent multimodal mobility hub",
        "implementation_status": "concept_only",
        "spatial_precision": "planning_anchor ±25–100 m",
        "evidence_class": "engineering_assumption",
        "source_url": "https://attstadium.com/stadium-info/parking/"
      }
    },
    {
      "type": "Feature",
      "id": "dallas-parkride-PERM",
      "geometry": {
        "type": "Polygon",
        "coordinates": [
          [
            [
              -97.09037506585838,
              32.749868409723724
            ],
            [
              -97.09189879781235,
              32.749452017690096
            ],
            [
              -97.09262495431773,
              32.75133158462015
            ],
            [
              -97.09110119021094,
              32.75174797665378
            ],
            [
              -97.09037506585838,
              32.749868409723724
            ]
          ]
        ]
      },
      "properties": {
        "project_id": "dallas-parkride-PERM",
        "host_region_code": 3,
        "city_id": "dallas",
        "host_region": "Dallas",
        "category": "parkride",
        "category_name": "Park-and-ride package",
        "phase": "permanent",
        "area_id": "dal-miller-litehouse",
        "area_short_code": "DAL-MLH",
        "exact_area_name": "Miller LiteHouse pickup at North Collins Street and Cowboys Way",
        "analysis_radius_m": 350,
        "geometry_type": "polygon_extrusion",
        "length_m": 220,
        "width_m": 150,
        "height_m": 0.2,
        "bearing_deg": 162,
        "z_offset_m": 0.1,
        "color": "#2563EB",
        "opacity": 0.85,
        "allocation_cents": 45000000,
        "render_enabled": "Yes",
        "design_description": "permanent park-and-ride with charging and transit access",
        "implementation_status": "concept_only",
        "spatial_precision": "planning_anchor ±25–100 m",
        "evidence_class": "engineering_assumption",
        "source_url": "https://attstadium.com/stadium-info/parking/"
      }
    },
    {
      "type": "Feature",
      "id": "dallas-ped-PERM",
      "geometry": {
        "type": "LineString",
        "coordinates": [
          [
            -97.0910491360884,
            32.755085427642506
          ],
          [
            -97.0909,
            32.7479
          ],
          [
            -97.09075088796816,
            32.74071457218093
          ]
        ]
      },
      "properties": {
        "project_id": "dallas-ped-PERM",
        "host_region_code": 3,
        "city_id": "dallas",
        "host_region": "Dallas",
        "category": "ped",
        "category_name": "Protected pedestrian corridor",
        "phase": "permanent",
        "area_id": "dal-att-way-east-plaza",
        "area_short_code": "DAL-EPL",
        "exact_area_name": "AT&T Way east plaza approach",
        "analysis_radius_m": 300,
        "geometry_type": "line_extrusion",
        "length_m": 1600,
        "width_m": 6,
        "height_m": 0.15,
        "bearing_deg": 179,
        "z_offset_m": 0.1,
        "color": "#0F766E",
        "opacity": 0.85,
        "allocation_cents": 0,
        "render_enabled": "No",
        "design_description": "widened sidewalk; lighting; drainage and separation",
        "implementation_status": "concept_only",
        "spatial_precision": "planning_anchor ±25–100 m",
        "evidence_class": "engineering_assumption",
        "source_url": "https://attstadium.com/stadium-info/parking/"
      }
    },
    {
      "type": "Feature",
      "id": "dallas-bike-PERM",
      "geometry": {
        "type": "LineString",
        "coordinates": [
          [
            -97.08618884019151,
            32.76171616905725
          ],
          [
            -97.0909,
            32.7479
          ],
          [
            -97.09560969869514,
            32.73408365475459
          ]
        ]
      },
      "properties": {
        "project_id": "dallas-bike-PERM",
        "host_region_code": 3,
        "city_id": "dallas",
        "host_region": "Dallas",
        "category": "bike",
        "category_name": "Protected bicycle access",
        "phase": "permanent",
        "area_id": "dal-att-way-east-plaza",
        "area_short_code": "DAL-EPL",
        "exact_area_name": "AT&T Way east plaza approach",
        "analysis_radius_m": 300,
        "geometry_type": "line_extrusion",
        "length_m": 3200,
        "width_m": 3,
        "height_m": 0.1,
        "bearing_deg": 196,
        "z_offset_m": 0.1,
        "color": "#0F766E",
        "opacity": 0.85,
        "allocation_cents": 0,
        "render_enabled": "No",
        "design_description": "protected bikeway and secure long-term parking",
        "implementation_status": "concept_only",
        "spatial_precision": "planning_anchor ±25–100 m",
        "evidence_class": "engineering_assumption",
        "source_url": "https://attstadium.com/stadium-info/parking/"
      }
    },
    {
      "type": "Feature",
      "id": "dallas-tnc-PERM",
      "geometry": {
        "type": "Polygon",
        "coordinates": [
          [
            [
              -97.0915020539864,
              32.750226230014654
            ],
            [
              -97.09190515900302,
              32.750446395920925
            ],
            [
              -97.09149794649963,
              32.75097376933357
            ],
            [
              -97.09109483909637,
              32.7507536034273
            ],
            [
              -97.0915020539864,
              32.750226230014654
            ]
          ]
        ]
      },
      "properties": {
        "project_id": "dallas-tnc-PERM",
        "host_region_code": 3,
        "city_id": "dallas",
        "host_region": "Dallas",
        "category": "tnc",
        "category_name": "Managed rideshare hub",
        "phase": "permanent",
        "area_id": "dal-miller-litehouse",
        "area_short_code": "DAL-MLH",
        "exact_area_name": "Miller LiteHouse pickup at North Collins Street and Cowboys Way",
        "analysis_radius_m": 350,
        "geometry_type": "polygon_extrusion",
        "length_m": 70,
        "width_m": 45,
        "height_m": 0.2,
        "bearing_deg": 213,
        "z_offset_m": 0.1,
        "color": "#2563EB",
        "opacity": 0.85,
        "allocation_cents": 60000000,
        "render_enabled": "Yes",
        "design_description": "off-street rideshare hub with accessible bays",
        "implementation_status": "concept_only",
        "spatial_precision": "planning_anchor ±25–100 m",
        "evidence_class": "engineering_assumption",
        "source_url": "https://attstadium.com/stadium-info/parking/"
      }
    },
    {
      "type": "Feature",
      "id": "dallas-wayfinding-PERM",
      "geometry": {
        "type": "Point",
        "coordinates": [
          -97.0909,
          32.7479
        ]
      },
      "properties": {
        "project_id": "dallas-wayfinding-PERM",
        "host_region_code": 3,
        "city_id": "dallas",
        "host_region": "Dallas",
        "category": "wayfinding",
        "category_name": "Multilingual wayfinding",
        "phase": "permanent",
        "area_id": "dal-att-way-east-plaza",
        "area_short_code": "DAL-EPL",
        "exact_area_name": "AT&T Way east plaza approach",
        "analysis_radius_m": 300,
        "geometry_type": "point_model",
        "length_m": 1,
        "width_m": 1,
        "height_m": 4,
        "bearing_deg": 230,
        "z_offset_m": 0.1,
        "color": "#2563EB",
        "opacity": 0.85,
        "allocation_cents": 0,
        "render_enabled": "No",
        "design_description": "fixed multilingual physical and digital wayfinding",
        "implementation_status": "concept_only",
        "spatial_precision": "planning_anchor ±25–100 m",
        "evidence_class": "engineering_assumption",
        "source_url": "https://attstadium.com/stadium-info/parking/"
      }
    },
    {
      "type": "Feature",
      "id": "dallas-station-PERM",
      "geometry": {
        "type": "Point",
        "coordinates": [
          -97.0909,
          32.7479
        ]
      },
      "properties": {
        "project_id": "dallas-station-PERM",
        "host_region_code": 3,
        "city_id": "dallas",
        "host_region": "Dallas",
        "category": "station",
        "category_name": "Station-capacity package",
        "phase": "permanent",
        "area_id": "dal-att-way-east-plaza",
        "area_short_code": "DAL-EPL",
        "exact_area_name": "AT&T Way east plaza approach",
        "analysis_radius_m": 300,
        "geometry_type": "glb_model",
        "length_m": 120,
        "width_m": 45,
        "height_m": 18,
        "bearing_deg": 247,
        "z_offset_m": 0.1,
        "color": "#2563EB",
        "opacity": 0.85,
        "allocation_cents": 0,
        "render_enabled": "No",
        "design_description": "platform, entry and circulation expansion",
        "implementation_status": "concept_only",
        "spatial_precision": "planning_anchor ±25–100 m",
        "evidence_class": "engineering_assumption",
        "source_url": "https://attstadium.com/stadium-info/parking/"
      }
    },
    {
      "type": "Feature",
      "id": "dallas-toc-PERM",
      "geometry": {
        "type": "Point",
        "coordinates": [
          -97.0915,
          32.7506
        ]
      },
      "properties": {
        "project_id": "dallas-toc-PERM",
        "host_region_code": 3,
        "city_id": "dallas",
        "host_region": "Dallas",
        "category": "toc",
        "category_name": "Integrated traffic operations",
        "phase": "permanent",
        "area_id": "dal-miller-litehouse",
        "area_short_code": "DAL-MLH",
        "exact_area_name": "Miller LiteHouse pickup at North Collins Street and Cowboys Way",
        "analysis_radius_m": 350,
        "geometry_type": "glb_model",
        "length_m": 60,
        "width_m": 40,
        "height_m": 12,
        "bearing_deg": 264,
        "z_offset_m": 0.1,
        "color": "#2563EB",
        "opacity": 0.85,
        "allocation_cents": 112500000,
        "render_enabled": "Yes",
        "design_description": "integrated operations center and adaptive dispatch",
        "implementation_status": "concept_only",
        "spatial_precision": "planning_anchor ±25–100 m",
        "evidence_class": "engineering_assumption",
        "source_url": "https://attstadium.com/stadium-info/parking/"
      }
    },
    {
      "type": "Feature",
      "id": "dallas-access-PERM",
      "geometry": {
        "type": "LineString",
        "coordinates": [
          [
            -97.0867062200982,
            32.747214303623124
          ],
          [
            -97.0909,
            32.7479
          ],
          [
            -97.09509384445678,
            32.74858555671634
          ]
        ]
      },
      "properties": {
        "project_id": "dallas-access-PERM",
        "host_region_code": 3,
        "city_id": "dallas",
        "host_region": "Dallas",
        "category": "access",
        "category_name": "ADA/microtransit access",
        "phase": "permanent",
        "area_id": "dal-att-way-east-plaza",
        "area_short_code": "DAL-EPL",
        "exact_area_name": "AT&T Way east plaza approach",
        "analysis_radius_m": 300,
        "geometry_type": "line_extrusion",
        "length_m": 800,
        "width_m": 3,
        "height_m": 0.1,
        "bearing_deg": 281,
        "z_offset_m": 0.1,
        "color": "#2563EB",
        "opacity": 0.85,
        "allocation_cents": 0,
        "render_enabled": "No",
        "design_description": "ADA ramps; tactile guidance; accessible first/last-mile network",
        "implementation_status": "concept_only",
        "spatial_precision": "planning_anchor ±25–100 m",
        "evidence_class": "engineering_assumption",
        "source_url": "https://attstadium.com/stadium-info/parking/"
      }
    },
    {
      "type": "Feature",
      "id": "houston-service-PERM",
      "geometry": {
        "type": "LineString",
        "coordinates": [
          [
            -95.41350425800526,
            29.688869272933427
          ],
          [
            -95.407,
            29.6852
          ],
          [
            -95.40049621689154,
            29.681530409414687
          ]
        ]
      },
      "properties": {
        "project_id": "houston-service-PERM",
        "host_region_code": 4,
        "city_id": "houston",
        "host_region": "Houston",
        "category": "service",
        "category_name": "Extra transit service",
        "phase": "permanent",
        "area_id": "hou-stadium-park-astrodome",
        "area_short_code": "HOU-SPA",
        "exact_area_name": "Stadium Park/Astrodome Station–Fannin Street approach",
        "analysis_radius_m": 250,
        "geometry_type": "animated_route",
        "length_m": 1500,
        "width_m": 2,
        "height_m": 1,
        "bearing_deg": 123,
        "z_offset_m": 0.1,
        "color": "#2563EB",
        "opacity": 0.85,
        "allocation_cents": 22000000,
        "render_enabled": "Yes",
        "design_description": "recurring major-event service plan; fleet and stabling readiness",
        "implementation_status": "concept_only",
        "spatial_precision": "planning_anchor ±25–100 m",
        "evidence_class": "engineering_assumption",
        "source_url": "https://www.ridemetro.org/riding-metro/houston-attractions/reliant-park"
      }
    },
    {
      "type": "Feature",
      "id": "houston-buslane-PERM",
      "geometry": {
        "type": "LineString",
        "coordinates": [
          [
            -95.42473559291322,
            29.695609966210377
          ],
          [
            -95.4141,
            29.6846
          ],
          [
            -95.4034667369199,
            29.673589184588636
          ]
        ]
      },
      "properties": {
        "project_id": "houston-buslane-PERM",
        "host_region_code": 4,
        "city_id": "houston",
        "host_region": "Houston",
        "category": "buslane",
        "category_name": "Transit-priority lanes",
        "phase": "permanent",
        "area_id": "hou-kirby-nrg",
        "area_short_code": "HOU-KIR",
        "exact_area_name": "Kirby Drive and NRG Parkway west gate",
        "analysis_radius_m": 300,
        "geometry_type": "line_extrusion",
        "length_m": 3200,
        "width_m": 3.5,
        "height_m": 0.1,
        "bearing_deg": 140,
        "z_offset_m": 0.1,
        "color": "#2563EB",
        "opacity": 0.85,
        "allocation_cents": 79200000,
        "render_enabled": "Yes",
        "design_description": "dedicated or peak-period transit-priority lane",
        "implementation_status": "concept_only",
        "spatial_precision": "planning_anchor ±25–100 m",
        "evidence_class": "engineering_assumption",
        "source_url": "https://www.reliantpark.com/maps/"
      }
    },
    {
      "type": "Feature",
      "id": "houston-signals-PERM",
      "geometry": {
        "type": "Point",
        "coordinates": [
          -95.4141,
          29.6846
        ]
      },
      "properties": {
        "project_id": "houston-signals-PERM",
        "host_region_code": 4,
        "city_id": "houston",
        "host_region": "Houston",
        "category": "signals",
        "category_name": "Signal timing plans",
        "phase": "permanent",
        "area_id": "hou-kirby-nrg",
        "area_short_code": "HOU-KIR",
        "exact_area_name": "Kirby Drive and NRG Parkway west gate",
        "analysis_radius_m": 300,
        "geometry_type": "point_model",
        "length_m": 1,
        "width_m": 1,
        "height_m": 6,
        "bearing_deg": 157,
        "z_offset_m": 0.1,
        "color": "#2563EB",
        "opacity": 0.85,
        "allocation_cents": 27000000,
        "render_enabled": "Yes",
        "design_description": "adaptive controllers and transit signal priority",
        "implementation_status": "concept_only",
        "spatial_precision": "planning_anchor ±25–100 m",
        "evidence_class": "engineering_assumption",
        "source_url": "https://www.reliantpark.com/maps/"
      }
    },
    {
      "type": "Feature",
      "id": "houston-hub-PERM",
      "geometry": {
        "type": "Polygon",
        "coordinates": [
          [
            [
              -95.41374285853357,
              29.684226142090097
            ],
            [
              -95.4143598661267,
              29.68416980238038
            ],
            [
              -95.4144571441505,
              29.684973857177468
            ],
            [
              -95.4138401316216,
              29.685030196887183
            ],
            [
              -95.41374285853357,
              29.684226142090097
            ]
          ]
        ]
      },
      "properties": {
        "project_id": "houston-hub-PERM",
        "host_region_code": 4,
        "city_id": "houston",
        "host_region": "Houston",
        "category": "hub",
        "category_name": "Hub-to-stadium shuttle package",
        "phase": "permanent",
        "area_id": "hou-kirby-nrg",
        "area_short_code": "HOU-KIR",
        "exact_area_name": "Kirby Drive and NRG Parkway west gate",
        "analysis_radius_m": 300,
        "geometry_type": "polygon_extrusion",
        "length_m": 90,
        "width_m": 60,
        "height_m": 6,
        "bearing_deg": 174,
        "z_offset_m": 0.1,
        "color": "#2563EB",
        "opacity": 0.85,
        "allocation_cents": 90000000,
        "render_enabled": "Yes",
        "design_description": "permanent multimodal mobility hub",
        "implementation_status": "concept_only",
        "spatial_precision": "planning_anchor ±25–100 m",
        "evidence_class": "engineering_assumption",
        "source_url": "https://www.reliantpark.com/maps/"
      }
    },
    {
      "type": "Feature",
      "id": "houston-parkride-PERM",
      "geometry": {
        "type": "Polygon",
        "coordinates": [
          [
            [
              -95.41355577284251,
              29.683501450897356
            ],
            [
              -95.41507828332286,
              29.683758560852688
            ],
            [
              -95.41464423960895,
              29.68569854439734
            ],
            [
              -95.4131216997426,
              29.68544143444201
            ],
            [
              -95.41355577284251,
              29.683501450897356
            ]
          ]
        ]
      },
      "properties": {
        "project_id": "houston-parkride-PERM",
        "host_region_code": 4,
        "city_id": "houston",
        "host_region": "Houston",
        "category": "parkride",
        "category_name": "Park-and-ride package",
        "phase": "permanent",
        "area_id": "hou-kirby-nrg",
        "area_short_code": "HOU-KIR",
        "exact_area_name": "Kirby Drive and NRG Parkway west gate",
        "analysis_radius_m": 300,
        "geometry_type": "polygon_extrusion",
        "length_m": 220,
        "width_m": 150,
        "height_m": 0.2,
        "bearing_deg": 191,
        "z_offset_m": 0.1,
        "color": "#2563EB",
        "opacity": 0.85,
        "allocation_cents": 22500000,
        "render_enabled": "Yes",
        "design_description": "permanent park-and-ride with charging and transit access",
        "implementation_status": "concept_only",
        "spatial_precision": "planning_anchor ±25–100 m",
        "evidence_class": "engineering_assumption",
        "source_url": "https://www.reliantpark.com/maps/"
      }
    },
    {
      "type": "Feature",
      "id": "houston-ped-PERM",
      "geometry": {
        "type": "LineString",
        "coordinates": [
          [
            -95.4031162082337,
            29.691545265908843
          ],
          [
            -95.407,
            29.6852
          ],
          [
            -95.41088330142244,
            29.678854620839463
          ]
        ]
      },
      "properties": {
        "project_id": "houston-ped-PERM",
        "host_region_code": 4,
        "city_id": "houston",
        "host_region": "Houston",
        "category": "ped",
        "category_name": "Protected pedestrian corridor",
        "phase": "permanent",
        "area_id": "hou-stadium-park-astrodome",
        "area_short_code": "HOU-SPA",
        "exact_area_name": "Stadium Park/Astrodome Station–Fannin Street approach",
        "analysis_radius_m": 250,
        "geometry_type": "line_extrusion",
        "length_m": 1600,
        "width_m": 6,
        "height_m": 0.15,
        "bearing_deg": 208,
        "z_offset_m": 0.1,
        "color": "#0F766E",
        "opacity": 0.85,
        "allocation_cents": 0,
        "render_enabled": "No",
        "design_description": "widened sidewalk; lighting; drainage and separation",
        "implementation_status": "concept_only",
        "spatial_precision": "planning_anchor ±25–100 m",
        "evidence_class": "engineering_assumption",
        "source_url": "https://www.ridemetro.org/riding-metro/houston-attractions/reliant-park"
      }
    },
    {
      "type": "Feature",
      "id": "houston-bike-PERM",
      "geometry": {
        "type": "LineString",
        "coordinates": [
          [
            -95.39530020793423,
            29.69536276332162
          ],
          [
            -95.407,
            29.6852
          ],
          [
            -95.41869742621957,
            29.675036209002705
          ]
        ]
      },
      "properties": {
        "project_id": "houston-bike-PERM",
        "host_region_code": 4,
        "city_id": "houston",
        "host_region": "Houston",
        "category": "bike",
        "category_name": "Protected bicycle access",
        "phase": "permanent",
        "area_id": "hou-stadium-park-astrodome",
        "area_short_code": "HOU-SPA",
        "exact_area_name": "Stadium Park/Astrodome Station–Fannin Street approach",
        "analysis_radius_m": 250,
        "geometry_type": "line_extrusion",
        "length_m": 3200,
        "width_m": 3,
        "height_m": 0.1,
        "bearing_deg": 225,
        "z_offset_m": 0.1,
        "color": "#0F766E",
        "opacity": 0.85,
        "allocation_cents": 0,
        "render_enabled": "No",
        "design_description": "protected bikeway and secure long-term parking",
        "implementation_status": "concept_only",
        "spatial_precision": "planning_anchor ±25–100 m",
        "evidence_class": "engineering_assumption",
        "source_url": "https://www.ridemetro.org/riding-metro/houston-attractions/reliant-park"
      }
    },
    {
      "type": "Feature",
      "id": "houston-tnc-PERM",
      "geometry": {
        "type": "Polygon",
        "coordinates": [
          [
            [
              -95.4143103190176,
              29.684273930657252
            ],
            [
              -95.41452876688705,
              29.684630855050234
            ],
            [
              -95.41388968075258,
              29.684926068486444
            ],
            [
              -95.41367123224153,
              29.684569144093466
            ],
            [
              -95.4143103190176,
              29.684273930657252
            ]
          ]
        ]
      },
      "properties": {
        "project_id": "houston-tnc-PERM",
        "host_region_code": 4,
        "city_id": "houston",
        "host_region": "Houston",
        "category": "tnc",
        "category_name": "Managed rideshare hub",
        "phase": "permanent",
        "area_id": "hou-kirby-nrg",
        "area_short_code": "HOU-KIR",
        "exact_area_name": "Kirby Drive and NRG Parkway west gate",
        "analysis_radius_m": 300,
        "geometry_type": "polygon_extrusion",
        "length_m": 70,
        "width_m": 45,
        "height_m": 0.2,
        "bearing_deg": 242,
        "z_offset_m": 0.1,
        "color": "#2563EB",
        "opacity": 0.85,
        "allocation_cents": 40000000,
        "render_enabled": "Yes",
        "design_description": "off-street rideshare hub with accessible bays",
        "implementation_status": "concept_only",
        "spatial_precision": "planning_anchor ±25–100 m",
        "evidence_class": "engineering_assumption",
        "source_url": "https://www.reliantpark.com/maps/"
      }
    },
    {
      "type": "Feature",
      "id": "houston-wayfinding-PERM",
      "geometry": {
        "type": "Point",
        "coordinates": [
          -95.407,
          29.6852
        ]
      },
      "properties": {
        "project_id": "houston-wayfinding-PERM",
        "host_region_code": 4,
        "city_id": "houston",
        "host_region": "Houston",
        "category": "wayfinding",
        "category_name": "Multilingual wayfinding",
        "phase": "permanent",
        "area_id": "hou-stadium-park-astrodome",
        "area_short_code": "HOU-SPA",
        "exact_area_name": "Stadium Park/Astrodome Station–Fannin Street approach",
        "analysis_radius_m": 250,
        "geometry_type": "point_model",
        "length_m": 1,
        "width_m": 1,
        "height_m": 4,
        "bearing_deg": 259,
        "z_offset_m": 0.1,
        "color": "#2563EB",
        "opacity": 0.85,
        "allocation_cents": 33000000,
        "render_enabled": "Yes",
        "design_description": "fixed multilingual physical and digital wayfinding",
        "implementation_status": "concept_only",
        "spatial_precision": "planning_anchor ±25–100 m",
        "evidence_class": "engineering_assumption",
        "source_url": "https://www.ridemetro.org/riding-metro/houston-attractions/reliant-park"
      }
    },
    {
      "type": "Feature",
      "id": "houston-station-PERM",
      "geometry": {
        "type": "Point",
        "coordinates": [
          -95.407,
          29.6852
        ]
      },
      "properties": {
        "project_id": "houston-station-PERM",
        "host_region_code": 4,
        "city_id": "houston",
        "host_region": "Houston",
        "category": "station",
        "category_name": "Station-capacity package",
        "phase": "permanent",
        "area_id": "hou-stadium-park-astrodome",
        "area_short_code": "HOU-SPA",
        "exact_area_name": "Stadium Park/Astrodome Station–Fannin Street approach",
        "analysis_radius_m": 250,
        "geometry_type": "glb_model",
        "length_m": 120,
        "width_m": 45,
        "height_m": 18,
        "bearing_deg": 276,
        "z_offset_m": 0.1,
        "color": "#2563EB",
        "opacity": 0.85,
        "allocation_cents": 100000000,
        "render_enabled": "Yes",
        "design_description": "platform, entry and circulation expansion",
        "implementation_status": "concept_only",
        "spatial_precision": "planning_anchor ±25–100 m",
        "evidence_class": "engineering_assumption",
        "source_url": "https://www.ridemetro.org/riding-metro/houston-attractions/reliant-park"
      }
    },
    {
      "type": "Feature",
      "id": "houston-toc-PERM",
      "geometry": {
        "type": "Point",
        "coordinates": [
          -95.4141,
          29.6846
        ]
      },
      "properties": {
        "project_id": "houston-toc-PERM",
        "host_region_code": 4,
        "city_id": "houston",
        "host_region": "Houston",
        "category": "toc",
        "category_name": "Integrated traffic operations",
        "phase": "permanent",
        "area_id": "hou-kirby-nrg",
        "area_short_code": "HOU-KIR",
        "exact_area_name": "Kirby Drive and NRG Parkway west gate",
        "analysis_radius_m": 300,
        "geometry_type": "glb_model",
        "length_m": 60,
        "width_m": 40,
        "height_m": 12,
        "bearing_deg": 293,
        "z_offset_m": 0.1,
        "color": "#2563EB",
        "opacity": 0.85,
        "allocation_cents": 112500000,
        "render_enabled": "Yes",
        "design_description": "integrated operations center and adaptive dispatch",
        "implementation_status": "concept_only",
        "spatial_precision": "planning_anchor ±25–100 m",
        "evidence_class": "engineering_assumption",
        "source_url": "https://www.reliantpark.com/maps/"
      }
    },
    {
      "type": "Feature",
      "id": "houston-access-PERM",
      "geometry": {
        "type": "LineString",
        "coordinates": [
          [
            -95.40383164951874,
            29.682890258573295
          ],
          [
            -95.407,
            29.6852
          ],
          [
            -95.41016849610024,
            29.687509666043585
          ]
        ]
      },
      "properties": {
        "project_id": "houston-access-PERM",
        "host_region_code": 4,
        "city_id": "houston",
        "host_region": "Houston",
        "category": "access",
        "category_name": "ADA/microtransit access",
        "phase": "permanent",
        "area_id": "hou-stadium-park-astrodome",
        "area_short_code": "HOU-SPA",
        "exact_area_name": "Stadium Park/Astrodome Station–Fannin Street approach",
        "analysis_radius_m": 250,
        "geometry_type": "line_extrusion",
        "length_m": 800,
        "width_m": 3,
        "height_m": 0.1,
        "bearing_deg": 310,
        "z_offset_m": 0.1,
        "color": "#2563EB",
        "opacity": 0.85,
        "allocation_cents": 0,
        "render_enabled": "No",
        "design_description": "ADA ramps; tactile guidance; accessible first/last-mile network",
        "implementation_status": "concept_only",
        "spatial_precision": "planning_anchor ±25–100 m",
        "evidence_class": "engineering_assumption",
        "source_url": "https://www.ridemetro.org/riding-metro/houston-attractions/reliant-park"
      }
    },
    {
      "type": "Feature",
      "id": "kansas-city-service-PERM",
      "geometry": {
        "type": "LineString",
        "coordinates": [
          [
            -94.48467307748693,
            39.05304866905584
          ],
          [
            -94.4806,
            39.0471
          ],
          [
            -94.47652760850264,
            39.04115118930768
          ]
        ]
      },
      "properties": {
        "project_id": "kansas-city-service-PERM",
        "host_region_code": 5,
        "city_id": "kansas-city",
        "host_region": "Kansas City",
        "category": "service",
        "category_name": "Extra transit service",
        "phase": "permanent",
        "area_id": "kc-blue-ridge-gate3",
        "area_short_code": "KC-BRC",
        "exact_area_name": "Blue Ridge Cutoff Gate 3 and bus zone",
        "analysis_radius_m": 350,
        "geometry_type": "animated_route",
        "length_m": 1500,
        "width_m": 2,
        "height_m": 1,
        "bearing_deg": 152,
        "z_offset_m": 0.1,
        "color": "#2563EB",
        "opacity": 0.85,
        "allocation_cents": 33000000,
        "render_enabled": "Yes",
        "design_description": "recurring major-event service plan; fleet and stabling readiness",
        "implementation_status": "concept_only",
        "spatial_precision": "planning_anchor ±25–100 m",
        "evidence_class": "engineering_assumption",
        "source_url": "https://www.arrowheadstadiumkc.com/plan-your-visit/parking-tailgating/maps-directions"
      }
    },
    {
      "type": "Feature",
      "id": "kansas-city-buslane-PERM",
      "geometry": {
        "type": "LineString",
        "coordinates": [
          [
            -94.49063210361754,
            39.06320891797491
          ],
          [
            -94.4871,
            39.0491
          ],
          [
            -94.48356930722794,
            39.03499097553662
          ]
        ]
      },
      "properties": {
        "project_id": "kansas-city-buslane-PERM",
        "host_region_code": 5,
        "city_id": "kansas-city",
        "host_region": "Kansas City",
        "category": "buslane",
        "category_name": "Transit-priority lanes",
        "phase": "permanent",
        "area_id": "kc-west-plaza",
        "area_short_code": "KC-WPL",
        "exact_area_name": "Arrowhead west parking and plaza approach",
        "analysis_radius_m": 400,
        "geometry_type": "line_extrusion",
        "length_m": 3200,
        "width_m": 3.5,
        "height_m": 0.1,
        "bearing_deg": 169,
        "z_offset_m": 0.1,
        "color": "#2563EB",
        "opacity": 0.85,
        "allocation_cents": 79200000,
        "render_enabled": "Yes",
        "design_description": "dedicated or peak-period transit-priority lane",
        "implementation_status": "concept_only",
        "spatial_precision": "planning_anchor ±25–100 m",
        "evidence_class": "engineering_assumption",
        "source_url": "https://www.arrowheadstadiumkc.com/plan-your-visit/parking-tailgating/maps-directions"
      }
    },
    {
      "type": "Feature",
      "id": "kansas-city-signals-PERM",
      "geometry": {
        "type": "Point",
        "coordinates": [
          -94.4871,
          39.0491
        ]
      },
      "properties": {
        "project_id": "kansas-city-signals-PERM",
        "host_region_code": 5,
        "city_id": "kansas-city",
        "host_region": "Kansas City",
        "category": "signals",
        "category_name": "Signal timing plans",
        "phase": "permanent",
        "area_id": "kc-west-plaza",
        "area_short_code": "KC-WPL",
        "exact_area_name": "Arrowhead west parking and plaza approach",
        "analysis_radius_m": 400,
        "geometry_type": "point_model",
        "length_m": 1,
        "width_m": 1,
        "height_m": 6,
        "bearing_deg": 186,
        "z_offset_m": 0.1,
        "color": "#2563EB",
        "opacity": 0.85,
        "allocation_cents": 27000000,
        "render_enabled": "Yes",
        "design_description": "adaptive controllers and transit signal priority",
        "implementation_status": "concept_only",
        "spatial_precision": "planning_anchor ±25–100 m",
        "evidence_class": "engineering_assumption",
        "source_url": "https://www.arrowheadstadiumkc.com/plan-your-visit/parking-tailgating/maps-directions"
      }
    },
    {
      "type": "Feature",
      "id": "kansas-city-hub-PERM",
      "geometry": {
        "type": "Polygon",
        "coordinates": [
          [
            [
              -94.48698395621416,
              39.048622592853825
            ],
            [
              -94.4876228120734,
              39.04883319270064
            ],
            [
              -94.48721604596099,
              39.04957740592168
            ],
            [
              -94.48657718337029,
              39.049366806074865
            ],
            [
              -94.48698395621416,
              39.048622592853825
            ]
          ]
        ]
      },
      "properties": {
        "project_id": "kansas-city-hub-PERM",
        "host_region_code": 5,
        "city_id": "kansas-city",
        "host_region": "Kansas City",
        "category": "hub",
        "category_name": "Hub-to-stadium shuttle package",
        "phase": "permanent",
        "area_id": "kc-west-plaza",
        "area_short_code": "KC-WPL",
        "exact_area_name": "Arrowhead west parking and plaza approach",
        "analysis_radius_m": 400,
        "geometry_type": "polygon_extrusion",
        "length_m": 90,
        "width_m": 60,
        "height_m": 6,
        "bearing_deg": 203,
        "z_offset_m": 0.1,
        "color": "#2563EB",
        "opacity": 0.85,
        "allocation_cents": 135000000,
        "render_enabled": "Yes",
        "design_description": "permanent multimodal mobility hub",
        "implementation_status": "concept_only",
        "spatial_precision": "planning_anchor ±25–100 m",
        "evidence_class": "engineering_assumption",
        "source_url": "https://www.arrowheadstadiumkc.com/plan-your-visit/parking-tailgating/maps-directions"
      }
    },
    {
      "type": "Feature",
      "id": "kansas-city-parkride-PERM",
      "geometry": {
        "type": "Polygon",
        "coordinates": [
          [
            [
              -94.48725330590389,
              39.04790996143308
            ],
            [
              -94.48858243880449,
              39.04877610033438
            ],
            [
              -94.48694669895976,
              39.050290029083634
            ],
            [
              -94.48561753756961,
              39.04942389018233
            ],
            [
              -94.48725330590389,
              39.04790996143308
            ]
          ]
        ]
      },
      "properties": {
        "project_id": "kansas-city-parkride-PERM",
        "host_region_code": 5,
        "city_id": "kansas-city",
        "host_region": "Kansas City",
        "category": "parkride",
        "category_name": "Park-and-ride package",
        "phase": "permanent",
        "area_id": "kc-west-plaza",
        "area_short_code": "KC-WPL",
        "exact_area_name": "Arrowhead west parking and plaza approach",
        "analysis_radius_m": 400,
        "geometry_type": "polygon_extrusion",
        "length_m": 220,
        "width_m": 150,
        "height_m": 0.2,
        "bearing_deg": 220,
        "z_offset_m": 0.1,
        "color": "#2563EB",
        "opacity": 0.85,
        "allocation_cents": 45000000,
        "render_enabled": "Yes",
        "design_description": "permanent park-and-ride with charging and transit access",
        "implementation_status": "concept_only",
        "spatial_precision": "planning_anchor ±25–100 m",
        "evidence_class": "engineering_assumption",
        "source_url": "https://www.arrowheadstadiumkc.com/plan-your-visit/parking-tailgating/maps-directions"
      }
    },
    {
      "type": "Feature",
      "id": "kansas-city-ped-PERM",
      "geometry": {
        "type": "LineString",
        "coordinates": [
          [
            -94.4728389408267,
            39.05101380339608
          ],
          [
            -94.4806,
            39.0471
          ],
          [
            -94.48836019910905,
            39.0431856823273
          ]
        ]
      },
      "properties": {
        "project_id": "kansas-city-ped-PERM",
        "host_region_code": 5,
        "city_id": "kansas-city",
        "host_region": "Kansas City",
        "category": "ped",
        "category_name": "Protected pedestrian corridor",
        "phase": "permanent",
        "area_id": "kc-blue-ridge-gate3",
        "area_short_code": "KC-BRC",
        "exact_area_name": "Blue Ridge Cutoff Gate 3 and bus zone",
        "analysis_radius_m": 350,
        "geometry_type": "line_extrusion",
        "length_m": 1600,
        "width_m": 6,
        "height_m": 0.15,
        "bearing_deg": 237,
        "z_offset_m": 0.1,
        "color": "#0F766E",
        "opacity": 0.85,
        "allocation_cents": 0,
        "render_enabled": "No",
        "design_description": "widened sidewalk; lighting; drainage and separation",
        "implementation_status": "concept_only",
        "spatial_precision": "planning_anchor ±25–100 m",
        "evidence_class": "engineering_assumption",
        "source_url": "https://www.arrowheadstadiumkc.com/plan-your-visit/parking-tailgating/maps-directions"
      }
    },
    {
      "type": "Feature",
      "id": "kansas-city-bike-PERM",
      "geometry": {
        "type": "LineString",
        "coordinates": [
          [
            -94.4628089527199,
            39.05106039665583
          ],
          [
            -94.4806,
            39.0471
          ],
          [
            -94.49838905169433,
            39.04313690089685
          ]
        ]
      },
      "properties": {
        "project_id": "kansas-city-bike-PERM",
        "host_region_code": 5,
        "city_id": "kansas-city",
        "host_region": "Kansas City",
        "category": "bike",
        "category_name": "Protected bicycle access",
        "phase": "permanent",
        "area_id": "kc-blue-ridge-gate3",
        "area_short_code": "KC-BRC",
        "exact_area_name": "Blue Ridge Cutoff Gate 3 and bus zone",
        "analysis_radius_m": 350,
        "geometry_type": "line_extrusion",
        "length_m": 3200,
        "width_m": 3,
        "height_m": 0.1,
        "bearing_deg": 254,
        "z_offset_m": 0.1,
        "color": "#0F766E",
        "opacity": 0.85,
        "allocation_cents": 0,
        "render_enabled": "No",
        "design_description": "protected bikeway and secure long-term parking",
        "implementation_status": "concept_only",
        "spatial_precision": "planning_anchor ±25–100 m",
        "evidence_class": "engineering_assumption",
        "source_url": "https://www.arrowheadstadiumkc.com/plan-your-visit/parking-tailgating/maps-directions"
      }
    },
    {
      "type": "Feature",
      "id": "kansas-city-tnc-PERM",
      "geometry": {
        "type": "Polygon",
        "coordinates": [
          [
            [
              -94.48750933217195,
              39.04890339636262
            ],
            [
              -94.48750024778339,
              39.04930757667247
            ],
            [
              -94.48669066786562,
              39.049296602238044
            ],
            [
              -94.48669975225282,
              39.04889242192819
            ],
            [
              -94.48750933217195,
              39.04890339636262
            ]
          ]
        ]
      },
      "properties": {
        "project_id": "kansas-city-tnc-PERM",
        "host_region_code": 5,
        "city_id": "kansas-city",
        "host_region": "Kansas City",
        "category": "tnc",
        "category_name": "Managed rideshare hub",
        "phase": "permanent",
        "area_id": "kc-west-plaza",
        "area_short_code": "KC-WPL",
        "exact_area_name": "Arrowhead west parking and plaza approach",
        "analysis_radius_m": 400,
        "geometry_type": "polygon_extrusion",
        "length_m": 70,
        "width_m": 45,
        "height_m": 0.2,
        "bearing_deg": 271,
        "z_offset_m": 0.1,
        "color": "#2563EB",
        "opacity": 0.85,
        "allocation_cents": 60000000,
        "render_enabled": "Yes",
        "design_description": "off-street rideshare hub with accessible bays",
        "implementation_status": "concept_only",
        "spatial_precision": "planning_anchor ±25–100 m",
        "evidence_class": "engineering_assumption",
        "source_url": "https://www.arrowheadstadiumkc.com/plan-your-visit/parking-tailgating/maps-directions"
      }
    },
    {
      "type": "Feature",
      "id": "kansas-city-wayfinding-PERM",
      "geometry": {
        "type": "Point",
        "coordinates": [
          -94.4806,
          39.0471
        ]
      },
      "properties": {
        "project_id": "kansas-city-wayfinding-PERM",
        "host_region_code": 5,
        "city_id": "kansas-city",
        "host_region": "Kansas City",
        "category": "wayfinding",
        "category_name": "Multilingual wayfinding",
        "phase": "permanent",
        "area_id": "kc-blue-ridge-gate3",
        "area_short_code": "KC-BRC",
        "exact_area_name": "Blue Ridge Cutoff Gate 3 and bus zone",
        "analysis_radius_m": 350,
        "geometry_type": "point_model",
        "length_m": 1,
        "width_m": 1,
        "height_m": 4,
        "bearing_deg": 288,
        "z_offset_m": 0.1,
        "color": "#2563EB",
        "opacity": 0.85,
        "allocation_cents": 0,
        "render_enabled": "No",
        "design_description": "fixed multilingual physical and digital wayfinding",
        "implementation_status": "concept_only",
        "spatial_precision": "planning_anchor ±25–100 m",
        "evidence_class": "engineering_assumption",
        "source_url": "https://www.arrowheadstadiumkc.com/plan-your-visit/parking-tailgating/maps-directions"
      }
    },
    {
      "type": "Feature",
      "id": "kansas-city-station-PERM",
      "geometry": {
        "type": "Point",
        "coordinates": [
          -94.4806,
          39.0471
        ]
      },
      "properties": {
        "project_id": "kansas-city-station-PERM",
        "host_region_code": 5,
        "city_id": "kansas-city",
        "host_region": "Kansas City",
        "category": "station",
        "category_name": "Station-capacity package",
        "phase": "permanent",
        "area_id": "kc-blue-ridge-gate3",
        "area_short_code": "KC-BRC",
        "exact_area_name": "Blue Ridge Cutoff Gate 3 and bus zone",
        "analysis_radius_m": 350,
        "geometry_type": "glb_model",
        "length_m": 120,
        "width_m": 45,
        "height_m": 18,
        "bearing_deg": 305,
        "z_offset_m": 0.1,
        "color": "#2563EB",
        "opacity": 0.85,
        "allocation_cents": 0,
        "render_enabled": "No",
        "design_description": "platform, entry and circulation expansion",
        "implementation_status": "concept_only",
        "spatial_precision": "planning_anchor ±25–100 m",
        "evidence_class": "engineering_assumption",
        "source_url": "https://www.arrowheadstadiumkc.com/plan-your-visit/parking-tailgating/maps-directions"
      }
    },
    {
      "type": "Feature",
      "id": "kansas-city-toc-PERM",
      "geometry": {
        "type": "Point",
        "coordinates": [
          -94.4871,
          39.0491
        ]
      },
      "properties": {
        "project_id": "kansas-city-toc-PERM",
        "host_region_code": 5,
        "city_id": "kansas-city",
        "host_region": "Kansas City",
        "category": "toc",
        "category_name": "Integrated traffic operations",
        "phase": "permanent",
        "area_id": "kc-west-plaza",
        "area_short_code": "KC-WPL",
        "exact_area_name": "Arrowhead west parking and plaza approach",
        "analysis_radius_m": 400,
        "geometry_type": "glb_model",
        "length_m": 60,
        "width_m": 40,
        "height_m": 12,
        "bearing_deg": 322,
        "z_offset_m": 0.1,
        "color": "#2563EB",
        "opacity": 0.85,
        "allocation_cents": 56250000,
        "render_enabled": "Yes",
        "design_description": "integrated operations center and adaptive dispatch",
        "implementation_status": "concept_only",
        "spatial_precision": "planning_anchor ±25–100 m",
        "evidence_class": "engineering_assumption",
        "source_url": "https://www.arrowheadstadiumkc.com/plan-your-visit/parking-tailgating/maps-directions"
      }
    },
    {
      "type": "Feature",
      "id": "kansas-city-access-PERM",
      "geometry": {
        "type": "LineString",
        "coordinates": [
          [
            -94.47894200174657,
            39.043745389998854
          ],
          [
            -94.4806,
            39.0471
          ],
          [
            -94.48225815574294,
            39.05045458652579
          ]
        ]
      },
      "properties": {
        "project_id": "kansas-city-access-PERM",
        "host_region_code": 5,
        "city_id": "kansas-city",
        "host_region": "Kansas City",
        "category": "access",
        "category_name": "ADA/microtransit access",
        "phase": "permanent",
        "area_id": "kc-blue-ridge-gate3",
        "area_short_code": "KC-BRC",
        "exact_area_name": "Blue Ridge Cutoff Gate 3 and bus zone",
        "analysis_radius_m": 350,
        "geometry_type": "line_extrusion",
        "length_m": 800,
        "width_m": 3,
        "height_m": 0.1,
        "bearing_deg": 339,
        "z_offset_m": 0.1,
        "color": "#2563EB",
        "opacity": 0.85,
        "allocation_cents": 0,
        "render_enabled": "No",
        "design_description": "ADA ramps; tactile guidance; accessible first/last-mile network",
        "implementation_status": "concept_only",
        "spatial_precision": "planning_anchor ±25–100 m",
        "evidence_class": "engineering_assumption",
        "source_url": "https://www.arrowheadstadiumkc.com/plan-your-visit/parking-tailgating/maps-directions"
      }
    },
    {
      "type": "Feature",
      "id": "los-angeles-service-PERM",
      "geometry": {
        "type": "LineString",
        "coordinates": [
          [
            -118.34395823966305,
            33.95763633841638
          ],
          [
            -118.3441,
            33.9509
          ],
          [
            -118.34424173789627,
            33.944163661421136
          ]
        ]
      },
      "properties": {
        "project_id": "los-angeles-service-PERM",
        "host_region_code": 6,
        "city_id": "los-angeles",
        "host_region": "Los Angeles",
        "category": "service",
        "category_name": "Extra transit service",
        "phase": "permanent",
        "area_id": "la-sofi-south-plaza",
        "area_short_code": "LA-SPP",
        "exact_area_name": "SoFi south plaza at Pincay Drive and Prairie Avenue",
        "analysis_radius_m": 350,
        "geometry_type": "animated_route",
        "length_m": 1500,
        "width_m": 2,
        "height_m": 1,
        "bearing_deg": 181,
        "z_offset_m": 0.1,
        "color": "#2563EB",
        "opacity": 0.85,
        "allocation_cents": 33000000,
        "render_enabled": "Yes",
        "design_description": "recurring major-event service plan; fleet and stabling readiness",
        "implementation_status": "concept_only",
        "spatial_precision": "planning_anchor ±25–100 m",
        "evidence_class": "engineering_assumption",
        "source_url": "https://www.sofistadium.com/plan-your-visit/maps"
      }
    },
    {
      "type": "Feature",
      "id": "los-angeles-buslane-PERM",
      "geometry": {
        "type": "LineString",
        "coordinates": [
          [
            -118.35034452679444,
            33.96886946172047
          ],
          [
            -118.3557,
            33.9552
          ],
          [
            -118.36105375274288,
            33.94153030643631
          ]
        ]
      },
      "properties": {
        "project_id": "los-angeles-buslane-PERM",
        "host_region_code": 6,
        "city_id": "los-angeles",
        "host_region": "Los Angeles",
        "category": "buslane",
        "category_name": "Transit-priority lanes",
        "phase": "permanent",
        "area_id": "la-downtown-inglewood",
        "area_short_code": "LA-DTI",
        "exact_area_name": "Downtown Inglewood K Line shuttle interchange",
        "analysis_radius_m": 400,
        "geometry_type": "line_extrusion",
        "length_m": 3200,
        "width_m": 3.5,
        "height_m": 0.1,
        "bearing_deg": 198,
        "z_offset_m": 0.1,
        "color": "#2563EB",
        "opacity": 0.85,
        "allocation_cents": 79200000,
        "render_enabled": "Yes",
        "design_description": "dedicated or peak-period transit-priority lane",
        "implementation_status": "concept_only",
        "spatial_precision": "planning_anchor ±25–100 m",
        "evidence_class": "engineering_assumption",
        "source_url": "https://www.metro.net/riding/gameday/"
      }
    },
    {
      "type": "Feature",
      "id": "los-angeles-signals-PERM",
      "geometry": {
        "type": "Point",
        "coordinates": [
          -118.3557,
          33.9552
        ]
      },
      "properties": {
        "project_id": "los-angeles-signals-PERM",
        "host_region_code": 6,
        "city_id": "los-angeles",
        "host_region": "Los Angeles",
        "category": "signals",
        "category_name": "Signal timing plans",
        "phase": "permanent",
        "area_id": "la-downtown-inglewood",
        "area_short_code": "LA-DTI",
        "exact_area_name": "Downtown Inglewood K Line shuttle interchange",
        "analysis_radius_m": 400,
        "geometry_type": "point_model",
        "length_m": 1,
        "width_m": 1,
        "height_m": 6,
        "bearing_deg": 215,
        "z_offset_m": 0.1,
        "color": "#2563EB",
        "opacity": 0.85,
        "allocation_cents": 27000000,
        "render_enabled": "Yes",
        "design_description": "adaptive controllers and transit signal priority",
        "implementation_status": "concept_only",
        "spatial_precision": "planning_anchor ±25–100 m",
        "evidence_class": "engineering_assumption",
        "source_url": "https://www.metro.net/riding/gameday/"
      }
    },
    {
      "type": "Feature",
      "id": "los-angeles-hub-PERM",
      "geometry": {
        "type": "Polygon",
        "coordinates": [
          [
            [
              -118.35588400742904,
              33.95473875845983
            ],
            [
              -118.35628406056486,
              33.955163487722245
            ],
            [
              -118.35551599249303,
              33.95566124002405
            ],
            [
              -118.35511593701693,
              33.95523651076166
            ],
            [
              -118.35588400742904,
              33.95473875845983
            ]
          ]
        ]
      },
      "properties": {
        "project_id": "los-angeles-hub-PERM",
        "host_region_code": 6,
        "city_id": "los-angeles",
        "host_region": "Los Angeles",
        "category": "hub",
        "category_name": "Hub-to-stadium shuttle package",
        "phase": "permanent",
        "area_id": "la-downtown-inglewood",
        "area_short_code": "LA-DTI",
        "exact_area_name": "Downtown Inglewood K Line shuttle interchange",
        "analysis_radius_m": 400,
        "geometry_type": "polygon_extrusion",
        "length_m": 90,
        "width_m": 60,
        "height_m": 6,
        "bearing_deg": 232,
        "z_offset_m": 0.1,
        "color": "#2563EB",
        "opacity": 0.85,
        "allocation_cents": 135000000,
        "render_enabled": "Yes",
        "design_description": "permanent multimodal mobility hub",
        "implementation_status": "concept_only",
        "spatial_precision": "planning_anchor ±25–100 m",
        "evidence_class": "engineering_assumption",
        "source_url": "https://www.metro.net/riding/gameday/"
      }
    },
    {
      "type": "Feature",
      "id": "los-angeles-parkride-PERM",
      "geometry": {
        "type": "Polygon",
        "coordinates": [
          [
            [
              -118.35652108355593,
              33.95421688733495
            ],
            [
              -118.35710324619895,
              33.95547486168406
            ],
            [
              -118.3548789139132,
              33.956183101978105
            ],
            [
              -118.35429674642445,
              33.954925127629
            ],
            [
              -118.35652108355593,
              33.95421688733495
            ]
          ]
        ]
      },
      "properties": {
        "project_id": "los-angeles-parkride-PERM",
        "host_region_code": 6,
        "city_id": "los-angeles",
        "host_region": "Los Angeles",
        "category": "parkride",
        "category_name": "Park-and-ride package",
        "phase": "permanent",
        "area_id": "la-downtown-inglewood",
        "area_short_code": "LA-DTI",
        "exact_area_name": "Downtown Inglewood K Line shuttle interchange",
        "analysis_radius_m": 400,
        "geometry_type": "polygon_extrusion",
        "length_m": 220,
        "width_m": 150,
        "height_m": 0.2,
        "bearing_deg": 249,
        "z_offset_m": 0.1,
        "color": "#2563EB",
        "opacity": 0.85,
        "allocation_cents": 45000000,
        "render_enabled": "Yes",
        "design_description": "permanent park-and-ride with charging and transit access",
        "implementation_status": "concept_only",
        "spatial_precision": "planning_anchor ±25–100 m",
        "evidence_class": "engineering_assumption",
        "source_url": "https://www.metro.net/riding/gameday/"
      }
    },
    {
      "type": "Feature",
      "id": "los-angeles-ped-PERM",
      "geometry": {
        "type": "LineString",
        "coordinates": [
          [
            -118.335457545365,
            33.95140100448815
          ],
          [
            -118.3441,
            33.9509
          ],
          [
            -118.35274235281581,
            33.950398391589836
          ]
        ]
      },
      "properties": {
        "project_id": "los-angeles-ped-PERM",
        "host_region_code": 6,
        "city_id": "los-angeles",
        "host_region": "Los Angeles",
        "category": "ped",
        "category_name": "Protected pedestrian corridor",
        "phase": "permanent",
        "area_id": "la-sofi-south-plaza",
        "area_short_code": "LA-SPP",
        "exact_area_name": "SoFi south plaza at Pincay Drive and Prairie Avenue",
        "analysis_radius_m": 350,
        "geometry_type": "line_extrusion",
        "length_m": 1600,
        "width_m": 6,
        "height_m": 0.15,
        "bearing_deg": 266,
        "z_offset_m": 0.1,
        "color": "#0F766E",
        "opacity": 0.85,
        "allocation_cents": 0,
        "render_enabled": "No",
        "design_description": "widened sidewalk; lighting; drainage and separation",
        "implementation_status": "concept_only",
        "spatial_precision": "planning_anchor ±25–100 m",
        "evidence_class": "engineering_assumption",
        "source_url": "https://www.sofistadium.com/plan-your-visit/maps"
      }
    },
    {
      "type": "Feature",
      "id": "los-angeles-bike-PERM",
      "geometry": {
        "type": "LineString",
        "coordinates": [
          [
            -118.32721771658446,
            33.947665616220526
          ],
          [
            -118.3441,
            33.9509
          ],
          [
            -118.3609835662665,
            33.95413207911805
          ]
        ]
      },
      "properties": {
        "project_id": "los-angeles-bike-PERM",
        "host_region_code": 6,
        "city_id": "los-angeles",
        "host_region": "Los Angeles",
        "category": "bike",
        "category_name": "Protected bicycle access",
        "phase": "permanent",
        "area_id": "la-sofi-south-plaza",
        "area_short_code": "LA-SPP",
        "exact_area_name": "SoFi south plaza at Pincay Drive and Prairie Avenue",
        "analysis_radius_m": 350,
        "geometry_type": "line_extrusion",
        "length_m": 3200,
        "width_m": 3,
        "height_m": 0.1,
        "bearing_deg": 283,
        "z_offset_m": 0.1,
        "color": "#0F766E",
        "opacity": 0.85,
        "allocation_cents": 0,
        "render_enabled": "No",
        "design_description": "protected bikeway and secure long-term parking",
        "implementation_status": "concept_only",
        "spatial_precision": "planning_anchor ±25–100 m",
        "evidence_class": "engineering_assumption",
        "source_url": "https://www.sofistadium.com/plan-your-visit/maps"
      }
    },
    {
      "type": "Feature",
      "id": "los-angeles-tnc-PERM",
      "geometry": {
        "type": "Polygon",
        "coordinates": [
          [
            [
              -118.35615010217418,
              33.955182162811276
            ],
            [
              -118.35590642825936,
              33.955532246546774
            ],
            [
              -118.35524989898772,
              33.955217836197335
            ],
            [
              -118.35549357200215,
              33.95486775246185
            ],
            [
              -118.35615010217418,
              33.955182162811276
            ]
          ]
        ]
      },
      "properties": {
        "project_id": "los-angeles-tnc-PERM",
        "host_region_code": 6,
        "city_id": "los-angeles",
        "host_region": "Los Angeles",
        "category": "tnc",
        "category_name": "Managed rideshare hub",
        "phase": "permanent",
        "area_id": "la-downtown-inglewood",
        "area_short_code": "LA-DTI",
        "exact_area_name": "Downtown Inglewood K Line shuttle interchange",
        "analysis_radius_m": 400,
        "geometry_type": "polygon_extrusion",
        "length_m": 70,
        "width_m": 45,
        "height_m": 0.2,
        "bearing_deg": 300,
        "z_offset_m": 0.1,
        "color": "#2563EB",
        "opacity": 0.85,
        "allocation_cents": 60000000,
        "render_enabled": "Yes",
        "design_description": "off-street rideshare hub with accessible bays",
        "implementation_status": "concept_only",
        "spatial_precision": "planning_anchor ±25–100 m",
        "evidence_class": "engineering_assumption",
        "source_url": "https://www.metro.net/riding/gameday/"
      }
    },
    {
      "type": "Feature",
      "id": "los-angeles-wayfinding-PERM",
      "geometry": {
        "type": "Point",
        "coordinates": [
          -118.3441,
          33.9509
        ]
      },
      "properties": {
        "project_id": "los-angeles-wayfinding-PERM",
        "host_region_code": 6,
        "city_id": "los-angeles",
        "host_region": "Los Angeles",
        "category": "wayfinding",
        "category_name": "Multilingual wayfinding",
        "phase": "permanent",
        "area_id": "la-sofi-south-plaza",
        "area_short_code": "LA-SPP",
        "exact_area_name": "SoFi south plaza at Pincay Drive and Prairie Avenue",
        "analysis_radius_m": 350,
        "geometry_type": "point_model",
        "length_m": 1,
        "width_m": 1,
        "height_m": 4,
        "bearing_deg": 317,
        "z_offset_m": 0.1,
        "color": "#2563EB",
        "opacity": 0.85,
        "allocation_cents": 16500000,
        "render_enabled": "Yes",
        "design_description": "fixed multilingual physical and digital wayfinding",
        "implementation_status": "concept_only",
        "spatial_precision": "planning_anchor ±25–100 m",
        "evidence_class": "engineering_assumption",
        "source_url": "https://www.sofistadium.com/plan-your-visit/maps"
      }
    },
    {
      "type": "Feature",
      "id": "los-angeles-station-PERM",
      "geometry": {
        "type": "Point",
        "coordinates": [
          -118.3441,
          33.9509
        ]
      },
      "properties": {
        "project_id": "los-angeles-station-PERM",
        "host_region_code": 6,
        "city_id": "los-angeles",
        "host_region": "Los Angeles",
        "category": "station",
        "category_name": "Station-capacity package",
        "phase": "permanent",
        "area_id": "la-sofi-south-plaza",
        "area_short_code": "LA-SPP",
        "exact_area_name": "SoFi south plaza at Pincay Drive and Prairie Avenue",
        "analysis_radius_m": 350,
        "geometry_type": "glb_model",
        "length_m": 120,
        "width_m": 45,
        "height_m": 18,
        "bearing_deg": 334,
        "z_offset_m": 0.1,
        "color": "#2563EB",
        "opacity": 0.85,
        "allocation_cents": 0,
        "render_enabled": "No",
        "design_description": "platform, entry and circulation expansion",
        "implementation_status": "concept_only",
        "spatial_precision": "planning_anchor ±25–100 m",
        "evidence_class": "engineering_assumption",
        "source_url": "https://www.sofistadium.com/plan-your-visit/maps"
      }
    },
    {
      "type": "Feature",
      "id": "los-angeles-toc-PERM",
      "geometry": {
        "type": "Point",
        "coordinates": [
          -118.3557,
          33.9552
        ]
      },
      "properties": {
        "project_id": "los-angeles-toc-PERM",
        "host_region_code": 6,
        "city_id": "los-angeles",
        "host_region": "Los Angeles",
        "category": "toc",
        "category_name": "Integrated traffic operations",
        "phase": "permanent",
        "area_id": "la-downtown-inglewood",
        "area_short_code": "LA-DTI",
        "exact_area_name": "Downtown Inglewood K Line shuttle interchange",
        "analysis_radius_m": 400,
        "geometry_type": "glb_model",
        "length_m": 60,
        "width_m": 40,
        "height_m": 12,
        "bearing_deg": 351,
        "z_offset_m": 0.1,
        "color": "#2563EB",
        "opacity": 0.85,
        "allocation_cents": 112500000,
        "render_enabled": "Yes",
        "design_description": "integrated operations center and adaptive dispatch",
        "implementation_status": "concept_only",
        "spatial_precision": "planning_anchor ±25–100 m",
        "evidence_class": "engineering_assumption",
        "source_url": "https://www.metro.net/riding/gameday/"
      }
    },
    {
      "type": "Feature",
      "id": "los-angeles-access-PERM",
      "geometry": {
        "type": "LineString",
        "coordinates": [
          [
            -118.3447028384047,
            33.94734170676466
          ],
          [
            -118.3441,
            33.9509
          ],
          [
            -118.34349711118115,
            33.954458290296664
          ]
        ]
      },
      "properties": {
        "project_id": "los-angeles-access-PERM",
        "host_region_code": 6,
        "city_id": "los-angeles",
        "host_region": "Los Angeles",
        "category": "access",
        "category_name": "ADA/microtransit access",
        "phase": "permanent",
        "area_id": "la-sofi-south-plaza",
        "area_short_code": "LA-SPP",
        "exact_area_name": "SoFi south plaza at Pincay Drive and Prairie Avenue",
        "analysis_radius_m": 350,
        "geometry_type": "line_extrusion",
        "length_m": 800,
        "width_m": 3,
        "height_m": 0.1,
        "bearing_deg": 8,
        "z_offset_m": 0.1,
        "color": "#2563EB",
        "opacity": 0.85,
        "allocation_cents": 0,
        "render_enabled": "No",
        "design_description": "ADA ramps; tactile guidance; accessible first/last-mile network",
        "implementation_status": "concept_only",
        "spatial_precision": "planning_anchor ±25–100 m",
        "evidence_class": "engineering_assumption",
        "source_url": "https://www.sofistadium.com/plan-your-visit/maps"
      }
    },
    {
      "type": "Feature",
      "id": "miami-service-PERM",
      "geometry": {
        "type": "LineString",
        "coordinates": [
          [
            -80.23875318212208,
            25.96283468071089
          ],
          [
            -80.2425,
            25.957
          ],
          [
            -80.24624644640843,
            25.951165222872564
          ]
        ]
      },
      "properties": {
        "project_id": "miami-service-PERM",
        "host_region_code": 7,
        "city_id": "miami",
        "host_region": "Miami",
        "category": "service",
        "category_name": "Extra transit service",
        "phase": "permanent",
        "area_id": "mia-nw199-nw27",
        "area_short_code": "MIA-NW27",
        "exact_area_name": "NW 199th Street and NW 27th Avenue approach",
        "analysis_radius_m": 400,
        "geometry_type": "animated_route",
        "length_m": 1500,
        "width_m": 2,
        "height_m": 1,
        "bearing_deg": 210,
        "z_offset_m": 0.1,
        "color": "#2563EB",
        "opacity": 0.85,
        "allocation_cents": 33000000,
        "render_enabled": "Yes",
        "design_description": "recurring major-event service plan; fleet and stabling readiness",
        "implementation_status": "concept_only",
        "spatial_precision": "planning_anchor ±25–100 m",
        "evidence_class": "engineering_assumption",
        "source_url": "https://www.hardrockstadium.com/parking/"
      }
    },
    {
      "type": "Feature",
      "id": "miami-buslane-PERM",
      "geometry": {
        "type": "LineString",
        "coordinates": [
          [
            -80.22660808488273,
            25.964701923347356
          ],
          [
            -80.2383,
            25.9549
          ],
          [
            -80.24998996795313,
            25.945097137916676
          ]
        ]
      },
      "properties": {
        "project_id": "miami-buslane-PERM",
        "host_region_code": 7,
        "city_id": "miami",
        "host_region": "Miami",
        "category": "buslane",
        "category_name": "Transit-priority lanes",
        "phase": "permanent",
        "area_id": "mia-south-gate",
        "area_short_code": "MIA-SG",
        "exact_area_name": "Hard Rock Stadium south-gate rideshare and shuttle zone",
        "analysis_radius_m": 350,
        "geometry_type": "line_extrusion",
        "length_m": 3200,
        "width_m": 3.5,
        "height_m": 0.1,
        "bearing_deg": 227,
        "z_offset_m": 0.1,
        "color": "#2563EB",
        "opacity": 0.85,
        "allocation_cents": 79200000,
        "render_enabled": "Yes",
        "design_description": "dedicated or peak-period transit-priority lane",
        "implementation_status": "concept_only",
        "spatial_precision": "planning_anchor ±25–100 m",
        "evidence_class": "engineering_assumption",
        "source_url": "https://www.hardrockstadium.com/parking/"
      }
    },
    {
      "type": "Feature",
      "id": "miami-signals-PERM",
      "geometry": {
        "type": "Point",
        "coordinates": [
          -80.2383,
          25.9549
        ]
      },
      "properties": {
        "project_id": "miami-signals-PERM",
        "host_region_code": 7,
        "city_id": "miami",
        "host_region": "Miami",
        "category": "signals",
        "category_name": "Signal timing plans",
        "phase": "permanent",
        "area_id": "mia-south-gate",
        "area_short_code": "MIA-SG",
        "exact_area_name": "Hard Rock Stadium south-gate rideshare and shuttle zone",
        "analysis_radius_m": 350,
        "geometry_type": "point_model",
        "length_m": 1,
        "width_m": 1,
        "height_m": 6,
        "bearing_deg": 244,
        "z_offset_m": 0.1,
        "color": "#2563EB",
        "opacity": 0.85,
        "allocation_cents": 20250000,
        "render_enabled": "Yes",
        "design_description": "adaptive controllers and transit signal priority",
        "implementation_status": "concept_only",
        "spatial_precision": "planning_anchor ±25–100 m",
        "evidence_class": "engineering_assumption",
        "source_url": "https://www.hardrockstadium.com/parking/"
      }
    },
    {
      "type": "Feature",
      "id": "miami-hub-PERM",
      "geometry": {
        "type": "Polygon",
        "coordinates": [
          [
            [
              -80.23869716519884,
              25.954570585293702
            ],
            [
              -80.23879093985803,
              25.95510293861308
            ],
            [
              -80.23790283458645,
              25.955229413336895
            ],
            [
              -80.23780905982649,
              25.954697060017516
            ],
            [
              -80.23869716519884,
              25.954570585293702
            ]
          ]
        ]
      },
      "properties": {
        "project_id": "miami-hub-PERM",
        "host_region_code": 7,
        "city_id": "miami",
        "host_region": "Miami",
        "category": "hub",
        "category_name": "Hub-to-stadium shuttle package",
        "phase": "permanent",
        "area_id": "mia-south-gate",
        "area_short_code": "MIA-SG",
        "exact_area_name": "Hard Rock Stadium south-gate rideshare and shuttle zone",
        "analysis_radius_m": 350,
        "geometry_type": "polygon_extrusion",
        "length_m": 90,
        "width_m": 60,
        "height_m": 6,
        "bearing_deg": 261,
        "z_offset_m": 0.1,
        "color": "#2563EB",
        "opacity": 0.85,
        "allocation_cents": 135000000,
        "render_enabled": "Yes",
        "design_description": "permanent multimodal mobility hub",
        "implementation_status": "concept_only",
        "spatial_precision": "planning_anchor ±25–100 m",
        "evidence_class": "engineering_assumption",
        "source_url": "https://www.hardrockstadium.com/parking/"
      }
    },
    {
      "type": "Feature",
      "id": "miami-parkride-PERM",
      "geometry": {
        "type": "Polygon",
        "coordinates": [
          [
            [
              -80.23949258218576,
              25.954370339645273
            ],
            [
              -80.23928401349905,
              25.955704699057552
            ],
            [
              -80.2371074194187,
              25.95542965214537
            ],
            [
              -80.23731598761808,
              25.954095292733083
            ],
            [
              -80.23949258218576,
              25.954370339645273
            ]
          ]
        ]
      },
      "properties": {
        "project_id": "miami-parkride-PERM",
        "host_region_code": 7,
        "city_id": "miami",
        "host_region": "Miami",
        "category": "parkride",
        "category_name": "Park-and-ride package",
        "phase": "permanent",
        "area_id": "mia-south-gate",
        "area_short_code": "MIA-SG",
        "exact_area_name": "Hard Rock Stadium south-gate rideshare and shuttle zone",
        "analysis_radius_m": 350,
        "geometry_type": "polygon_extrusion",
        "length_m": 220,
        "width_m": 150,
        "height_m": 0.2,
        "bearing_deg": 278,
        "z_offset_m": 0.1,
        "color": "#2563EB",
        "opacity": 0.85,
        "allocation_cents": 22500000,
        "render_enabled": "Yes",
        "design_description": "permanent park-and-ride with charging and transit access",
        "implementation_status": "concept_only",
        "spatial_precision": "planning_anchor ±25–100 m",
        "evidence_class": "engineering_assumption",
        "source_url": "https://www.hardrockstadium.com/parking/"
      }
    },
    {
      "type": "Feature",
      "id": "miami-ped-PERM",
      "geometry": {
        "type": "LineString",
        "coordinates": [
          [
            -80.23525623627323,
            25.953962664245456
          ],
          [
            -80.2425,
            25.957
          ],
          [
            -80.24974413758241,
            25.960036975324986
          ]
        ]
      },
      "properties": {
        "project_id": "miami-ped-PERM",
        "host_region_code": 7,
        "city_id": "miami",
        "host_region": "Miami",
        "category": "ped",
        "category_name": "Protected pedestrian corridor",
        "phase": "permanent",
        "area_id": "mia-nw199-nw27",
        "area_short_code": "MIA-NW27",
        "exact_area_name": "NW 199th Street and NW 27th Avenue approach",
        "analysis_radius_m": 400,
        "geometry_type": "line_extrusion",
        "length_m": 1600,
        "width_m": 6,
        "height_m": 0.15,
        "bearing_deg": 295,
        "z_offset_m": 0.1,
        "color": "#0F766E",
        "opacity": 0.85,
        "allocation_cents": 0,
        "render_enabled": "No",
        "design_description": "widened sidewalk; lighting; drainage and separation",
        "implementation_status": "concept_only",
        "spatial_precision": "planning_anchor ±25–100 m",
        "evidence_class": "engineering_assumption",
        "source_url": "https://www.hardrockstadium.com/parking/"
      }
    },
    {
      "type": "Feature",
      "id": "miami-bike-PERM",
      "geometry": {
        "type": "LineString",
        "coordinates": [
          [
            -80.23062133205812,
            25.94738207141335
          ],
          [
            -80.2425,
            25.957
          ],
          [
            -80.25438060938342,
            25.966616959247187
          ]
        ]
      },
      "properties": {
        "project_id": "miami-bike-PERM",
        "host_region_code": 7,
        "city_id": "miami",
        "host_region": "Miami",
        "category": "bike",
        "category_name": "Protected bicycle access",
        "phase": "permanent",
        "area_id": "mia-nw199-nw27",
        "area_short_code": "MIA-NW27",
        "exact_area_name": "NW 199th Street and NW 27th Avenue approach",
        "analysis_radius_m": 400,
        "geometry_type": "line_extrusion",
        "length_m": 3200,
        "width_m": 3,
        "height_m": 0.1,
        "bearing_deg": 312,
        "z_offset_m": 0.1,
        "color": "#0F766E",
        "opacity": 0.85,
        "allocation_cents": 0,
        "render_enabled": "No",
        "design_description": "protected bikeway and secure long-term parking",
        "implementation_status": "concept_only",
        "spatial_precision": "planning_anchor ±25–100 m",
        "evidence_class": "engineering_assumption",
        "source_url": "https://www.hardrockstadium.com/parking/"
      }
    },
    {
      "type": "Feature",
      "id": "miami-tnc-PERM",
      "geometry": {
        "type": "Polygon",
        "coordinates": [
          [
            [
              -80.2386727848962,
              25.95506540205237
            ],
            [
              -80.23828741202438,
              25.95527360201094
            ],
            [
              -80.23792721647003,
              25.95473459746985
            ],
            [
              -80.23831258757717,
              25.954526397511284
            ],
            [
              -80.2386727848962,
              25.95506540205237
            ]
          ]
        ]
      },
      "properties": {
        "project_id": "miami-tnc-PERM",
        "host_region_code": 7,
        "city_id": "miami",
        "host_region": "Miami",
        "category": "tnc",
        "category_name": "Managed rideshare hub",
        "phase": "permanent",
        "area_id": "mia-south-gate",
        "area_short_code": "MIA-SG",
        "exact_area_name": "Hard Rock Stadium south-gate rideshare and shuttle zone",
        "analysis_radius_m": 350,
        "geometry_type": "polygon_extrusion",
        "length_m": 70,
        "width_m": 45,
        "height_m": 0.2,
        "bearing_deg": 329,
        "z_offset_m": 0.1,
        "color": "#2563EB",
        "opacity": 0.85,
        "allocation_cents": 40000000,
        "render_enabled": "Yes",
        "design_description": "off-street rideshare hub with accessible bays",
        "implementation_status": "concept_only",
        "spatial_precision": "planning_anchor ±25–100 m",
        "evidence_class": "engineering_assumption",
        "source_url": "https://www.hardrockstadium.com/parking/"
      }
    },
    {
      "type": "Feature",
      "id": "miami-wayfinding-PERM",
      "geometry": {
        "type": "Point",
        "coordinates": [
          -80.2425,
          25.957
        ]
      },
      "properties": {
        "project_id": "miami-wayfinding-PERM",
        "host_region_code": 7,
        "city_id": "miami",
        "host_region": "Miami",
        "category": "wayfinding",
        "category_name": "Multilingual wayfinding",
        "phase": "permanent",
        "area_id": "mia-nw199-nw27",
        "area_short_code": "MIA-NW27",
        "exact_area_name": "NW 199th Street and NW 27th Avenue approach",
        "analysis_radius_m": 400,
        "geometry_type": "point_model",
        "length_m": 1,
        "width_m": 1,
        "height_m": 4,
        "bearing_deg": 346,
        "z_offset_m": 0.1,
        "color": "#2563EB",
        "opacity": 0.85,
        "allocation_cents": 16500000,
        "render_enabled": "Yes",
        "design_description": "fixed multilingual physical and digital wayfinding",
        "implementation_status": "concept_only",
        "spatial_precision": "planning_anchor ±25–100 m",
        "evidence_class": "engineering_assumption",
        "source_url": "https://www.hardrockstadium.com/parking/"
      }
    },
    {
      "type": "Feature",
      "id": "miami-station-PERM",
      "geometry": {
        "type": "Point",
        "coordinates": [
          -80.2425,
          25.957
        ]
      },
      "properties": {
        "project_id": "miami-station-PERM",
        "host_region_code": 7,
        "city_id": "miami",
        "host_region": "Miami",
        "category": "station",
        "category_name": "Station-capacity package",
        "phase": "permanent",
        "area_id": "mia-nw199-nw27",
        "area_short_code": "MIA-NW27",
        "exact_area_name": "NW 199th Street and NW 27th Avenue approach",
        "analysis_radius_m": 400,
        "geometry_type": "glb_model",
        "length_m": 120,
        "width_m": 45,
        "height_m": 18,
        "bearing_deg": 3,
        "z_offset_m": 0.1,
        "color": "#2563EB",
        "opacity": 0.85,
        "allocation_cents": 0,
        "render_enabled": "No",
        "design_description": "platform, entry and circulation expansion",
        "implementation_status": "concept_only",
        "spatial_precision": "planning_anchor ±25–100 m",
        "evidence_class": "engineering_assumption",
        "source_url": "https://www.hardrockstadium.com/parking/"
      }
    },
    {
      "type": "Feature",
      "id": "miami-toc-PERM",
      "geometry": {
        "type": "Point",
        "coordinates": [
          -80.2383,
          25.9549
        ]
      },
      "properties": {
        "project_id": "miami-toc-PERM",
        "host_region_code": 7,
        "city_id": "miami",
        "host_region": "Miami",
        "category": "toc",
        "category_name": "Integrated traffic operations",
        "phase": "permanent",
        "area_id": "mia-south-gate",
        "area_short_code": "MIA-SG",
        "exact_area_name": "Hard Rock Stadium south-gate rideshare and shuttle zone",
        "analysis_radius_m": 350,
        "geometry_type": "glb_model",
        "length_m": 60,
        "width_m": 40,
        "height_m": 12,
        "bearing_deg": 20,
        "z_offset_m": 0.1,
        "color": "#2563EB",
        "opacity": 0.85,
        "allocation_cents": 112500000,
        "render_enabled": "Yes",
        "design_description": "integrated operations center and adaptive dispatch",
        "implementation_status": "concept_only",
        "spatial_precision": "planning_anchor ±25–100 m",
        "evidence_class": "engineering_assumption",
        "source_url": "https://www.hardrockstadium.com/parking/"
      }
    },
    {
      "type": "Feature",
      "id": "miami-access-PERM",
      "geometry": {
        "type": "LineString",
        "coordinates": [
          [
            -80.24490503949256,
            25.95413027419494
          ],
          [
            -80.2425,
            25.957
          ],
          [
            -80.24009484322538,
            25.959869686073546
          ]
        ]
      },
      "properties": {
        "project_id": "miami-access-PERM",
        "host_region_code": 7,
        "city_id": "miami",
        "host_region": "Miami",
        "category": "access",
        "category_name": "ADA/microtransit access",
        "phase": "permanent",
        "area_id": "mia-nw199-nw27",
        "area_short_code": "MIA-NW27",
        "exact_area_name": "NW 199th Street and NW 27th Avenue approach",
        "analysis_radius_m": 400,
        "geometry_type": "line_extrusion",
        "length_m": 800,
        "width_m": 3,
        "height_m": 0.1,
        "bearing_deg": 37,
        "z_offset_m": 0.1,
        "color": "#2563EB",
        "opacity": 0.85,
        "allocation_cents": 0,
        "render_enabled": "No",
        "design_description": "ADA ramps; tactile guidance; accessible first/last-mile network",
        "implementation_status": "concept_only",
        "spatial_precision": "planning_anchor ±25–100 m",
        "evidence_class": "engineering_assumption",
        "source_url": "https://www.hardrockstadium.com/parking/"
      }
    },
    {
      "type": "Feature",
      "id": "nynj-service-PERM",
      "geometry": {
        "type": "LineString",
        "coordinates": [
          [
            -74.06220280802846,
            40.811133748000046
          ],
          [
            -74.069833,
            40.807664
          ],
          [
            -74.07746239403798,
            40.804193749419156
          ]
        ]
      },
      "properties": {
        "project_id": "nynj-service-PERM",
        "host_region_code": 8,
        "city_id": "nynj",
        "host_region": "New York/New Jersey",
        "category": "service",
        "category_name": "Extra transit service",
        "phase": "permanent",
        "area_id": "nynj-meadowlands-station",
        "area_short_code": "NYNJ-MRS",
        "exact_area_name": "Meadowlands Rail Station and aerial walkway",
        "analysis_radius_m": 250,
        "geometry_type": "animated_route",
        "length_m": 1500,
        "width_m": 2,
        "height_m": 1,
        "bearing_deg": 239,
        "z_offset_m": 0.1,
        "color": "#2563EB",
        "opacity": 0.85,
        "allocation_cents": 33000000,
        "render_enabled": "Yes",
        "design_description": "recurring major-event service plan; fleet and stabling readiness",
        "implementation_status": "concept_only",
        "spatial_precision": "planning_anchor ±25–100 m",
        "evidence_class": "engineering_assumption",
        "source_url": "https://www.njtransit.com/meadowlands"
      }
    },
    {
      "type": "Feature",
      "id": "nynj-buslane-PERM",
      "geometry": {
        "type": "LineString",
        "coordinates": [
          [
            -74.05232287715276,
            40.81492568842731
          ],
          [
            -74.07075,
            40.81145
          ],
          [
            -74.08917519158477,
            40.80797138028543
          ]
        ]
      },
      "properties": {
        "project_id": "nynj-buslane-PERM",
        "host_region_code": 8,
        "city_id": "nynj",
        "host_region": "New York/New Jersey",
        "category": "buslane",
        "category_name": "Transit-priority lanes",
        "phase": "permanent",
        "area_id": "nynj-american-dream-corridor",
        "area_short_code": "NYNJ-ADM",
        "exact_area_name": "American Dream–MetLife protected corridor",
        "analysis_radius_m": 350,
        "geometry_type": "line_extrusion",
        "length_m": 3200,
        "width_m": 3.5,
        "height_m": 0.1,
        "bearing_deg": 256,
        "z_offset_m": 0.1,
        "color": "#2563EB",
        "opacity": 0.85,
        "allocation_cents": 39600000,
        "render_enabled": "Yes",
        "design_description": "dedicated or peak-period transit-priority lane",
        "implementation_status": "concept_only",
        "spatial_precision": "planning_anchor ±25–100 m",
        "evidence_class": "engineering_assumption",
        "source_url": "https://www.njtransit.com/press-releases/new-jersey-interagency-transportation-after-action-report-aar-njny-stadium-fifa"
      }
    },
    {
      "type": "Feature",
      "id": "nynj-signals-PERM",
      "geometry": {
        "type": "Point",
        "coordinates": [
          -74.07075,
          40.81145
        ]
      },
      "properties": {
        "project_id": "nynj-signals-PERM",
        "host_region_code": 8,
        "city_id": "nynj",
        "host_region": "New York/New Jersey",
        "category": "signals",
        "category_name": "Signal timing plans",
        "phase": "permanent",
        "area_id": "nynj-american-dream-corridor",
        "area_short_code": "NYNJ-ADM",
        "exact_area_name": "American Dream–MetLife protected corridor",
        "analysis_radius_m": 350,
        "geometry_type": "point_model",
        "length_m": 1,
        "width_m": 1,
        "height_m": 6,
        "bearing_deg": 273,
        "z_offset_m": 0.1,
        "color": "#2563EB",
        "opacity": 0.85,
        "allocation_cents": 27000000,
        "render_enabled": "Yes",
        "design_description": "adaptive controllers and transit signal priority",
        "implementation_status": "concept_only",
        "spatial_precision": "planning_anchor ±25–100 m",
        "evidence_class": "engineering_assumption",
        "source_url": "https://www.njtransit.com/press-releases/new-jersey-interagency-transportation-after-action-report-aar-njny-stadium-fifa"
      }
    },
    {
      "type": "Feature",
      "id": "nynj-hub-PERM",
      "geometry": {
        "type": "Polygon",
        "coordinates": [
          [
            [
              -74.07137367351427,
              40.81133501564053
            ],
            [
              -74.07113010871896,
              40.8118414997867
            ],
            [
              -74.07012632815528,
              40.8115649820567
            ],
            [
              -74.07036989193553,
              40.81105849791052
            ],
            [
              -74.07137367351427,
              40.81133501564053
            ]
          ]
        ]
      },
      "properties": {
        "project_id": "nynj-hub-PERM",
        "host_region_code": 8,
        "city_id": "nynj",
        "host_region": "New York/New Jersey",
        "category": "hub",
        "category_name": "Hub-to-stadium shuttle package",
        "phase": "permanent",
        "area_id": "nynj-american-dream-corridor",
        "area_short_code": "NYNJ-ADM",
        "exact_area_name": "American Dream–MetLife protected corridor",
        "analysis_radius_m": 350,
        "geometry_type": "polygon_extrusion",
        "length_m": 90,
        "width_m": 60,
        "height_m": 6,
        "bearing_deg": 290,
        "z_offset_m": 0.1,
        "color": "#2563EB",
        "opacity": 0.85,
        "allocation_cents": 90000000,
        "render_enabled": "Yes",
        "design_description": "permanent multimodal mobility hub",
        "implementation_status": "concept_only",
        "spatial_precision": "planning_anchor ±25–100 m",
        "evidence_class": "engineering_assumption",
        "source_url": "https://www.njtransit.com/press-releases/new-jersey-interagency-transportation-after-action-report-aar-njny-stadium-fifa"
      }
    },
    {
      "type": "Feature",
      "id": "nynj-parkride-PERM",
      "geometry": {
        "type": "Polygon",
        "coordinates": [
          [
            [
              -74.07232840847286,
              40.81150660580094
            ],
            [
              -74.0712569660146,
              40.81258274552858
            ],
            [
              -74.06917161113172,
              40.811393382335034
            ],
            [
              -74.07024303438419,
              40.81031724260739
            ],
            [
              -74.07232840847286,
              40.81150660580094
            ]
          ]
        ]
      },
      "properties": {
        "project_id": "nynj-parkride-PERM",
        "host_region_code": 8,
        "city_id": "nynj",
        "host_region": "New York/New Jersey",
        "category": "parkride",
        "category_name": "Park-and-ride package",
        "phase": "permanent",
        "area_id": "nynj-american-dream-corridor",
        "area_short_code": "NYNJ-ADM",
        "exact_area_name": "American Dream–MetLife protected corridor",
        "analysis_radius_m": 350,
        "geometry_type": "polygon_extrusion",
        "length_m": 220,
        "width_m": 150,
        "height_m": 0.2,
        "bearing_deg": 307,
        "z_offset_m": 0.1,
        "color": "#2563EB",
        "opacity": 0.85,
        "allocation_cents": 0,
        "render_enabled": "No",
        "design_description": "permanent park-and-ride with charging and transit access",
        "implementation_status": "concept_only",
        "spatial_precision": "planning_anchor ±25–100 m",
        "evidence_class": "engineering_assumption",
        "source_url": "https://www.njtransit.com/press-releases/new-jersey-interagency-transportation-after-action-report-aar-njny-stadium-fifa"
      }
    },
    {
      "type": "Feature",
      "id": "nynj-ped-PERM",
      "geometry": {
        "type": "LineString",
        "coordinates": [
          [
            -74.06425271318453,
            40.80184984692436
          ],
          [
            -74.069833,
            40.807664
          ],
          [
            -74.07541426471803,
            40.81347788418882
          ]
        ]
      },
      "properties": {
        "project_id": "nynj-ped-PERM",
        "host_region_code": 8,
        "city_id": "nynj",
        "host_region": "New York/New Jersey",
        "category": "ped",
        "category_name": "Protected pedestrian corridor",
        "phase": "permanent",
        "area_id": "nynj-meadowlands-station",
        "area_short_code": "NYNJ-MRS",
        "exact_area_name": "Meadowlands Rail Station and aerial walkway",
        "analysis_radius_m": 250,
        "geometry_type": "line_extrusion",
        "length_m": 1600,
        "width_m": 6,
        "height_m": 0.15,
        "bearing_deg": 324,
        "z_offset_m": 0.1,
        "color": "#0F766E",
        "opacity": 0.85,
        "allocation_cents": 39000000,
        "render_enabled": "Yes",
        "design_description": "widened sidewalk; lighting; drainage and separation",
        "implementation_status": "concept_only",
        "spatial_precision": "planning_anchor ±25–100 m",
        "evidence_class": "engineering_assumption",
        "source_url": "https://www.njtransit.com/meadowlands"
      }
    },
    {
      "type": "Feature",
      "id": "nynj-bike-PERM",
      "geometry": {
        "type": "LineString",
        "coordinates": [
          [
            -74.06365199815416,
            40.794073854457245
          ],
          [
            -74.069833,
            40.807664
          ],
          [
            -74.07601653400647,
            40.821253815571595
          ]
        ]
      },
      "properties": {
        "project_id": "nynj-bike-PERM",
        "host_region_code": 8,
        "city_id": "nynj",
        "host_region": "New York/New Jersey",
        "category": "bike",
        "category_name": "Protected bicycle access",
        "phase": "permanent",
        "area_id": "nynj-meadowlands-station",
        "area_short_code": "NYNJ-MRS",
        "exact_area_name": "Meadowlands Rail Station and aerial walkway",
        "analysis_radius_m": 250,
        "geometry_type": "line_extrusion",
        "length_m": 3200,
        "width_m": 3,
        "height_m": 0.1,
        "bearing_deg": 341,
        "z_offset_m": 0.1,
        "color": "#0F766E",
        "opacity": 0.85,
        "allocation_cents": 0,
        "render_enabled": "No",
        "design_description": "protected bikeway and secure long-term parking",
        "implementation_status": "concept_only",
        "spatial_precision": "planning_anchor ±25–100 m",
        "evidence_class": "engineering_assumption",
        "source_url": "https://www.njtransit.com/meadowlands"
      }
    },
    {
      "type": "Feature",
      "id": "nynj-tnc-PERM",
      "geometry": {
        "type": "Polygon",
        "coordinates": [
          [
            [
              -74.07103138665956,
              40.81175716459171
            ],
            [
              -74.07049760873926,
              40.8117712724298
            ],
            [
              -74.07046861594883,
              40.811142834791504
            ],
            [
              -74.0710023888135,
              40.81112872695343
            ],
            [
              -74.07103138665956,
              40.81175716459171
            ]
          ]
        ]
      },
      "properties": {
        "project_id": "nynj-tnc-PERM",
        "host_region_code": 8,
        "city_id": "nynj",
        "host_region": "New York/New Jersey",
        "category": "tnc",
        "category_name": "Managed rideshare hub",
        "phase": "permanent",
        "area_id": "nynj-american-dream-corridor",
        "area_short_code": "NYNJ-ADM",
        "exact_area_name": "American Dream–MetLife protected corridor",
        "analysis_radius_m": 350,
        "geometry_type": "polygon_extrusion",
        "length_m": 70,
        "width_m": 45,
        "height_m": 0.2,
        "bearing_deg": 358,
        "z_offset_m": 0.1,
        "color": "#2563EB",
        "opacity": 0.85,
        "allocation_cents": 60000000,
        "render_enabled": "Yes",
        "design_description": "off-street rideshare hub with accessible bays",
        "implementation_status": "concept_only",
        "spatial_precision": "planning_anchor ±25–100 m",
        "evidence_class": "engineering_assumption",
        "source_url": "https://www.njtransit.com/press-releases/new-jersey-interagency-transportation-after-action-report-aar-njny-stadium-fifa"
      }
    },
    {
      "type": "Feature",
      "id": "nynj-wayfinding-PERM",
      "geometry": {
        "type": "Point",
        "coordinates": [
          -74.069833,
          40.807664
        ]
      },
      "properties": {
        "project_id": "nynj-wayfinding-PERM",
        "host_region_code": 8,
        "city_id": "nynj",
        "host_region": "New York/New Jersey",
        "category": "wayfinding",
        "category_name": "Multilingual wayfinding",
        "phase": "permanent",
        "area_id": "nynj-meadowlands-station",
        "area_short_code": "NYNJ-MRS",
        "exact_area_name": "Meadowlands Rail Station and aerial walkway",
        "analysis_radius_m": 250,
        "geometry_type": "point_model",
        "length_m": 1,
        "width_m": 1,
        "height_m": 4,
        "bearing_deg": 15,
        "z_offset_m": 0.1,
        "color": "#2563EB",
        "opacity": 0.85,
        "allocation_cents": 16500000,
        "render_enabled": "Yes",
        "design_description": "fixed multilingual physical and digital wayfinding",
        "implementation_status": "concept_only",
        "spatial_precision": "planning_anchor ±25–100 m",
        "evidence_class": "engineering_assumption",
        "source_url": "https://www.njtransit.com/meadowlands"
      }
    },
    {
      "type": "Feature",
      "id": "nynj-station-PERM",
      "geometry": {
        "type": "Point",
        "coordinates": [
          -74.069833,
          40.807664
        ]
      },
      "properties": {
        "project_id": "nynj-station-PERM",
        "host_region_code": 8,
        "city_id": "nynj",
        "host_region": "New York/New Jersey",
        "category": "station",
        "category_name": "Station-capacity package",
        "phase": "permanent",
        "area_id": "nynj-meadowlands-station",
        "area_short_code": "NYNJ-MRS",
        "exact_area_name": "Meadowlands Rail Station and aerial walkway",
        "analysis_radius_m": 250,
        "geometry_type": "glb_model",
        "length_m": 120,
        "width_m": 45,
        "height_m": 18,
        "bearing_deg": 32,
        "z_offset_m": 0.1,
        "color": "#2563EB",
        "opacity": 0.85,
        "allocation_cents": 200000000,
        "render_enabled": "Yes",
        "design_description": "platform, entry and circulation expansion",
        "implementation_status": "concept_only",
        "spatial_precision": "planning_anchor ±25–100 m",
        "evidence_class": "engineering_assumption",
        "source_url": "https://www.njtransit.com/meadowlands"
      }
    },
    {
      "type": "Feature",
      "id": "nynj-toc-PERM",
      "geometry": {
        "type": "Point",
        "coordinates": [
          -74.07075,
          40.81145
        ]
      },
      "properties": {
        "project_id": "nynj-toc-PERM",
        "host_region_code": 8,
        "city_id": "nynj",
        "host_region": "New York/New Jersey",
        "category": "toc",
        "category_name": "Integrated traffic operations",
        "phase": "permanent",
        "area_id": "nynj-american-dream-corridor",
        "area_short_code": "NYNJ-ADM",
        "exact_area_name": "American Dream–MetLife protected corridor",
        "analysis_radius_m": 350,
        "geometry_type": "glb_model",
        "length_m": 60,
        "width_m": 40,
        "height_m": 12,
        "bearing_deg": 49,
        "z_offset_m": 0.1,
        "color": "#2563EB",
        "opacity": 0.85,
        "allocation_cents": 112500000,
        "render_enabled": "Yes",
        "design_description": "integrated operations center and adaptive dispatch",
        "implementation_status": "concept_only",
        "spatial_precision": "planning_anchor ±25–100 m",
        "evidence_class": "engineering_assumption",
        "source_url": "https://www.njtransit.com/press-releases/new-jersey-interagency-transportation-after-action-report-aar-njny-stadium-fifa"
      }
    },
    {
      "type": "Feature",
      "id": "nynj-access-PERM",
      "geometry": {
        "type": "LineString",
        "coordinates": [
          [
            -74.07416977095225,
            40.80620240784025
          ],
          [
            -74.069833,
            40.807664
          ],
          [
            -74.06549603801724,
            40.809125429779776
          ]
        ]
      },
      "properties": {
        "project_id": "nynj-access-PERM",
        "host_region_code": 8,
        "city_id": "nynj",
        "host_region": "New York/New Jersey",
        "category": "access",
        "category_name": "ADA/microtransit access",
        "phase": "permanent",
        "area_id": "nynj-meadowlands-station",
        "area_short_code": "NYNJ-MRS",
        "exact_area_name": "Meadowlands Rail Station and aerial walkway",
        "analysis_radius_m": 250,
        "geometry_type": "line_extrusion",
        "length_m": 800,
        "width_m": 3,
        "height_m": 0.1,
        "bearing_deg": 66,
        "z_offset_m": 0.1,
        "color": "#2563EB",
        "opacity": 0.85,
        "allocation_cents": 0,
        "render_enabled": "No",
        "design_description": "ADA ramps; tactile guidance; accessible first/last-mile network",
        "implementation_status": "concept_only",
        "spatial_precision": "planning_anchor ±25–100 m",
        "evidence_class": "engineering_assumption",
        "source_url": "https://www.njtransit.com/meadowlands"
      }
    },
    {
      "type": "Feature",
      "id": "philadelphia-service-PERM",
      "geometry": {
        "type": "LineString",
        "coordinates": [
          [
            -75.1648225609332,
            39.904934799773024
          ],
          [
            -75.1736,
            39.9047
          ],
          [
            -75.18237737882069,
            39.90446453850694
          ]
        ]
      },
      "properties": {
        "project_id": "philadelphia-service-PERM",
        "host_region_code": 9,
        "city_id": "philadelphia",
        "host_region": "Philadelphia",
        "category": "service",
        "category_name": "Extra transit service",
        "phase": "permanent",
        "area_id": "phi-nrg-station",
        "area_short_code": "PHI-NRG",
        "exact_area_name": "NRG Station and Broad Street queue zone",
        "analysis_radius_m": 250,
        "geometry_type": "animated_route",
        "length_m": 1500,
        "width_m": 2,
        "height_m": 1,
        "bearing_deg": 268,
        "z_offset_m": 0.1,
        "color": "#2563EB",
        "opacity": 0.85,
        "allocation_cents": 33000000,
        "render_enabled": "Yes",
        "design_description": "recurring major-event service plan; fleet and stabling readiness",
        "implementation_status": "concept_only",
        "spatial_precision": "planning_anchor ±25–100 m",
        "evidence_class": "engineering_assumption",
        "source_url": "https://wwww.septa.org/news/infrastructure-improvements-for-fifa/"
      }
    },
    {
      "type": "Feature",
      "id": "philadelphia-buslane-PERM",
      "geometry": {
        "type": "LineString",
        "coordinates": [
          [
            -75.15155408774694,
            39.89633857605391
          ],
          [
            -75.16965,
            39.90006
          ],
          [
            -75.18774787711041,
            39.90377861115758
          ]
        ]
      },
      "properties": {
        "project_id": "philadelphia-buslane-PERM",
        "host_region_code": 9,
        "city_id": "philadelphia",
        "host_region": "Philadelphia",
        "category": "buslane",
        "category_name": "Transit-priority lanes",
        "phase": "permanent",
        "area_id": "phi-lots-de",
        "area_short_code": "PHI-DE",
        "exact_area_name": "Lincoln Financial Field Lots D/E east approach",
        "analysis_radius_m": 300,
        "geometry_type": "line_extrusion",
        "length_m": 3200,
        "width_m": 3.5,
        "height_m": 0.1,
        "bearing_deg": 285,
        "z_offset_m": 0.1,
        "color": "#2563EB",
        "opacity": 0.85,
        "allocation_cents": 59400000,
        "render_enabled": "Yes",
        "design_description": "dedicated or peak-period transit-priority lane",
        "implementation_status": "concept_only",
        "spatial_precision": "planning_anchor ±25–100 m",
        "evidence_class": "engineering_assumption",
        "source_url": "https://www.lincolnfinancialfield.com/lots-de/"
      }
    },
    {
      "type": "Feature",
      "id": "philadelphia-signals-PERM",
      "geometry": {
        "type": "Point",
        "coordinates": [
          -75.16965,
          39.90006
        ]
      },
      "properties": {
        "project_id": "philadelphia-signals-PERM",
        "host_region_code": 9,
        "city_id": "philadelphia",
        "host_region": "Philadelphia",
        "category": "signals",
        "category_name": "Signal timing plans",
        "phase": "permanent",
        "area_id": "phi-lots-de",
        "area_short_code": "PHI-DE",
        "exact_area_name": "Lincoln Financial Field Lots D/E east approach",
        "analysis_radius_m": 300,
        "geometry_type": "point_model",
        "length_m": 1,
        "width_m": 1,
        "height_m": 6,
        "bearing_deg": 302,
        "z_offset_m": 0.1,
        "color": "#2563EB",
        "opacity": 0.85,
        "allocation_cents": 20250000,
        "render_enabled": "Yes",
        "design_description": "adaptive controllers and transit signal priority",
        "implementation_status": "concept_only",
        "spatial_precision": "planning_anchor ±25–100 m",
        "evidence_class": "engineering_assumption",
        "source_url": "https://www.lincolnfinancialfield.com/lots-de/"
      }
    },
    {
      "type": "Feature",
      "id": "philadelphia-hub-PERM",
      "geometry": {
        "type": "Polygon",
        "coordinates": [
          [
            [
              -75.17026081847874,
              39.90018828004699
            ],
            [
              -75.16973057742584,
              39.900541888758795
            ],
            [
              -75.16903918559213,
              39.89993171832292
            ],
            [
              -75.16956942192357,
              39.89957810961111
            ],
            [
              -75.17026081847874,
              39.90018828004699
            ]
          ]
        ]
      },
      "properties": {
        "project_id": "philadelphia-hub-PERM",
        "host_region_code": 9,
        "city_id": "philadelphia",
        "host_region": "Philadelphia",
        "category": "hub",
        "category_name": "Hub-to-stadium shuttle package",
        "phase": "permanent",
        "area_id": "phi-lots-de",
        "area_short_code": "PHI-DE",
        "exact_area_name": "Lincoln Financial Field Lots D/E east approach",
        "analysis_radius_m": 300,
        "geometry_type": "polygon_extrusion",
        "length_m": 90,
        "width_m": 60,
        "height_m": 6,
        "bearing_deg": 319,
        "z_offset_m": 0.1,
        "color": "#2563EB",
        "opacity": 0.85,
        "allocation_cents": 45000000,
        "render_enabled": "Yes",
        "design_description": "permanent multimodal mobility hub",
        "implementation_status": "concept_only",
        "spatial_precision": "planning_anchor ±25–100 m",
        "evidence_class": "engineering_assumption",
        "source_url": "https://www.lincolnfinancialfield.com/lots-de/"
      }
    },
    {
      "type": "Feature",
      "id": "philadelphia-parkride-PERM",
      "geometry": {
        "type": "Polygon",
        "coordinates": [
          [
            [
              -75.17097620236072,
              39.900688679781844
            ],
            [
              -75.16937159993233,
              39.90123674639644
            ],
            [
              -75.1683238261638,
              39.899431312332524
            ],
            [
              -75.16992838631603,
              39.89888324571793
            ],
            [
              -75.17097620236072,
              39.900688679781844
            ]
          ]
        ]
      },
      "properties": {
        "project_id": "philadelphia-parkride-PERM",
        "host_region_code": 9,
        "city_id": "philadelphia",
        "host_region": "Philadelphia",
        "category": "parkride",
        "category_name": "Park-and-ride package",
        "phase": "permanent",
        "area_id": "phi-lots-de",
        "area_short_code": "PHI-DE",
        "exact_area_name": "Lincoln Financial Field Lots D/E east approach",
        "analysis_radius_m": 300,
        "geometry_type": "polygon_extrusion",
        "length_m": 220,
        "width_m": 150,
        "height_m": 0.2,
        "bearing_deg": 336,
        "z_offset_m": 0.1,
        "color": "#2563EB",
        "opacity": 0.85,
        "allocation_cents": 0,
        "render_enabled": "No",
        "design_description": "permanent park-and-ride with charging and transit access",
        "implementation_status": "concept_only",
        "spatial_precision": "planning_anchor ±25–100 m",
        "evidence_class": "engineering_assumption",
        "source_url": "https://www.lincolnfinancialfield.com/lots-de/"
      }
    },
    {
      "type": "Feature",
      "id": "philadelphia-ped-PERM",
      "geometry": {
        "type": "LineString",
        "coordinates": [
          [
            -75.17245841314256,
            39.897567039377314
          ],
          [
            -75.1736,
            39.9047
          ],
          [
            -75.17474182458366,
            39.911832949427016
          ]
        ]
      },
      "properties": {
        "project_id": "philadelphia-ped-PERM",
        "host_region_code": 9,
        "city_id": "philadelphia",
        "host_region": "Philadelphia",
        "category": "ped",
        "category_name": "Protected pedestrian corridor",
        "phase": "permanent",
        "area_id": "phi-nrg-station",
        "area_short_code": "PHI-NRG",
        "exact_area_name": "NRG Station and Broad Street queue zone",
        "analysis_radius_m": 250,
        "geometry_type": "line_extrusion",
        "length_m": 1600,
        "width_m": 6,
        "height_m": 0.15,
        "bearing_deg": 353,
        "z_offset_m": 0.1,
        "color": "#0F766E",
        "opacity": 0.85,
        "allocation_cents": 0,
        "render_enabled": "No",
        "design_description": "widened sidewalk; lighting; drainage and separation",
        "implementation_status": "concept_only",
        "spatial_precision": "planning_anchor ±25–100 m",
        "evidence_class": "engineering_assumption",
        "source_url": "https://wwww.septa.org/news/infrastructure-improvements-for-fifa/"
      }
    },
    {
      "type": "Feature",
      "id": "philadelphia-bike-PERM",
      "geometry": {
        "type": "LineString",
        "coordinates": [
          [
            -75.17685289630072,
            39.890545268850445
          ],
          [
            -75.1736,
            39.9047
          ],
          [
            -75.17034575934528,
            39.918854640229114
          ]
        ]
      },
      "properties": {
        "project_id": "philadelphia-bike-PERM",
        "host_region_code": 9,
        "city_id": "philadelphia",
        "host_region": "Philadelphia",
        "category": "bike",
        "category_name": "Protected bicycle access",
        "phase": "permanent",
        "area_id": "phi-nrg-station",
        "area_short_code": "PHI-NRG",
        "exact_area_name": "NRG Station and Broad Street queue zone",
        "analysis_radius_m": 250,
        "geometry_type": "line_extrusion",
        "length_m": 3200,
        "width_m": 3,
        "height_m": 0.1,
        "bearing_deg": 10,
        "z_offset_m": 0.1,
        "color": "#0F766E",
        "opacity": 0.85,
        "allocation_cents": 0,
        "render_enabled": "No",
        "design_description": "protected bikeway and secure long-term parking",
        "implementation_status": "concept_only",
        "spatial_precision": "planning_anchor ±25–100 m",
        "evidence_class": "engineering_assumption",
        "source_url": "https://wwww.septa.org/news/infrastructure-improvements-for-fifa/"
      }
    },
    {
      "type": "Feature",
      "id": "philadelphia-tnc-PERM",
      "geometry": {
        "type": "Polygon",
        "coordinates": [
          [
            [
              -75.16969868859083,
              39.90043190227339
            ],
            [
              -75.16922918872167,
              39.90024838030124
            ],
            [
              -75.169601312436,
              39.899688096956005
            ],
            [
              -75.17007080846638,
              39.89987161892813
            ],
            [
              -75.16969868859083,
              39.90043190227339
            ]
          ]
        ]
      },
      "properties": {
        "project_id": "philadelphia-tnc-PERM",
        "host_region_code": 9,
        "city_id": "philadelphia",
        "host_region": "Philadelphia",
        "category": "tnc",
        "category_name": "Managed rideshare hub",
        "phase": "permanent",
        "area_id": "phi-lots-de",
        "area_short_code": "PHI-DE",
        "exact_area_name": "Lincoln Financial Field Lots D/E east approach",
        "analysis_radius_m": 300,
        "geometry_type": "polygon_extrusion",
        "length_m": 70,
        "width_m": 45,
        "height_m": 0.2,
        "bearing_deg": 27,
        "z_offset_m": 0.1,
        "color": "#2563EB",
        "opacity": 0.85,
        "allocation_cents": 20000000,
        "render_enabled": "Yes",
        "design_description": "off-street rideshare hub with accessible bays",
        "implementation_status": "concept_only",
        "spatial_precision": "planning_anchor ±25–100 m",
        "evidence_class": "engineering_assumption",
        "source_url": "https://www.lincolnfinancialfield.com/lots-de/"
      }
    },
    {
      "type": "Feature",
      "id": "philadelphia-wayfinding-PERM",
      "geometry": {
        "type": "Point",
        "coordinates": [
          -75.1736,
          39.9047
        ]
      },
      "properties": {
        "project_id": "philadelphia-wayfinding-PERM",
        "host_region_code": 9,
        "city_id": "philadelphia",
        "host_region": "Philadelphia",
        "category": "wayfinding",
        "category_name": "Multilingual wayfinding",
        "phase": "permanent",
        "area_id": "phi-nrg-station",
        "area_short_code": "PHI-NRG",
        "exact_area_name": "NRG Station and Broad Street queue zone",
        "analysis_radius_m": 250,
        "geometry_type": "point_model",
        "length_m": 1,
        "width_m": 1,
        "height_m": 4,
        "bearing_deg": 44,
        "z_offset_m": 0.1,
        "color": "#2563EB",
        "opacity": 0.85,
        "allocation_cents": 16500000,
        "render_enabled": "Yes",
        "design_description": "fixed multilingual physical and digital wayfinding",
        "implementation_status": "concept_only",
        "spatial_precision": "planning_anchor ±25–100 m",
        "evidence_class": "engineering_assumption",
        "source_url": "https://wwww.septa.org/news/infrastructure-improvements-for-fifa/"
      }
    },
    {
      "type": "Feature",
      "id": "philadelphia-station-PERM",
      "geometry": {
        "type": "Point",
        "coordinates": [
          -75.1736,
          39.9047
        ]
      },
      "properties": {
        "project_id": "philadelphia-station-PERM",
        "host_region_code": 9,
        "city_id": "philadelphia",
        "host_region": "Philadelphia",
        "category": "station",
        "category_name": "Station-capacity package",
        "phase": "permanent",
        "area_id": "phi-nrg-station",
        "area_short_code": "PHI-NRG",
        "exact_area_name": "NRG Station and Broad Street queue zone",
        "analysis_radius_m": 250,
        "geometry_type": "glb_model",
        "length_m": 120,
        "width_m": 45,
        "height_m": 18,
        "bearing_deg": 61,
        "z_offset_m": 0.1,
        "color": "#2563EB",
        "opacity": 0.85,
        "allocation_cents": 200000000,
        "render_enabled": "Yes",
        "design_description": "platform, entry and circulation expansion",
        "implementation_status": "concept_only",
        "spatial_precision": "planning_anchor ±25–100 m",
        "evidence_class": "engineering_assumption",
        "source_url": "https://wwww.septa.org/news/infrastructure-improvements-for-fifa/"
      }
    },
    {
      "type": "Feature",
      "id": "philadelphia-toc-PERM",
      "geometry": {
        "type": "Point",
        "coordinates": [
          -75.16965,
          39.90006
        ]
      },
      "properties": {
        "project_id": "philadelphia-toc-PERM",
        "host_region_code": 9,
        "city_id": "philadelphia",
        "host_region": "Philadelphia",
        "category": "toc",
        "category_name": "Integrated traffic operations",
        "phase": "permanent",
        "area_id": "phi-lots-de",
        "area_short_code": "PHI-DE",
        "exact_area_name": "Lincoln Financial Field Lots D/E east approach",
        "analysis_radius_m": 300,
        "geometry_type": "glb_model",
        "length_m": 60,
        "width_m": 40,
        "height_m": 12,
        "bearing_deg": 78,
        "z_offset_m": 0.1,
        "color": "#2563EB",
        "opacity": 0.85,
        "allocation_cents": 112500000,
        "render_enabled": "Yes",
        "design_description": "integrated operations center and adaptive dispatch",
        "implementation_status": "concept_only",
        "spatial_precision": "planning_anchor ±25–100 m",
        "evidence_class": "engineering_assumption",
        "source_url": "https://www.lincolnfinancialfield.com/lots-de/"
      }
    },
    {
      "type": "Feature",
      "id": "philadelphia-access-PERM",
      "geometry": {
        "type": "LineString",
        "coordinates": [
          [
            -75.17826633500073,
            39.9050130798323
          ],
          [
            -75.1736,
            39.9047
          ],
          [
            -75.1689337076584,
            39.90438673314708
          ]
        ]
      },
      "properties": {
        "project_id": "philadelphia-access-PERM",
        "host_region_code": 9,
        "city_id": "philadelphia",
        "host_region": "Philadelphia",
        "category": "access",
        "category_name": "ADA/microtransit access",
        "phase": "permanent",
        "area_id": "phi-nrg-station",
        "area_short_code": "PHI-NRG",
        "exact_area_name": "NRG Station and Broad Street queue zone",
        "analysis_radius_m": 250,
        "geometry_type": "line_extrusion",
        "length_m": 800,
        "width_m": 3,
        "height_m": 0.1,
        "bearing_deg": 95,
        "z_offset_m": 0.1,
        "color": "#2563EB",
        "opacity": 0.85,
        "allocation_cents": 0,
        "render_enabled": "No",
        "design_description": "ADA ramps; tactile guidance; accessible first/last-mile network",
        "implementation_status": "concept_only",
        "spatial_precision": "planning_anchor ±25–100 m",
        "evidence_class": "engineering_assumption",
        "source_url": "https://wwww.septa.org/news/infrastructure-improvements-for-fifa/"
      }
    },
    {
      "type": "Feature",
      "id": "sf-bay-service-PERM",
      "geometry": {
        "type": "LineString",
        "coordinates": [
          [
            -121.96735140617814,
            37.40040906001353
          ],
          [
            -121.974908,
            37.403468
          ],
          [
            -121.98246521077583,
            37.40652645905412
          ]
        ]
      },
      "properties": {
        "project_id": "sf-bay-service-PERM",
        "host_region_code": 10,
        "city_id": "sf-bay",
        "host_region": "San Francisco Bay Area",
        "category": "service",
        "category_name": "Extra transit service",
        "phase": "permanent",
        "area_id": "sf-great-america-station",
        "area_short_code": "SF-GA",
        "exact_area_name": "Great America VTA station platform queue",
        "analysis_radius_m": 250,
        "geometry_type": "animated_route",
        "length_m": 1500,
        "width_m": 2,
        "height_m": 1,
        "bearing_deg": 297,
        "z_offset_m": 0.1,
        "color": "#2563EB",
        "opacity": 0.85,
        "allocation_cents": 33000000,
        "render_enabled": "Yes",
        "design_description": "recurring major-event service plan; fleet and stabling readiness",
        "implementation_status": "concept_only",
        "spatial_precision": "planning_anchor ±25–100 m",
        "evidence_class": "engineering_assumption",
        "source_url": "https://www.vta.org/go/stations/great-america"
      }
    },
    {
      "type": "Feature",
      "id": "sf-bay-buslane-PERM",
      "geometry": {
        "type": "LineString",
        "coordinates": [
          [
            -121.95658638200383,
            37.393514931136345
          ],
          [
            -121.9696,
            37.4035
          ],
          [
            -121.98261708655122,
            37.41348364224347
          ]
        ]
      },
      "properties": {
        "project_id": "sf-bay-buslane-PERM",
        "host_region_code": 10,
        "city_id": "sf-bay",
        "host_region": "San Francisco Bay Area",
        "category": "buslane",
        "category_name": "Transit-priority lanes",
        "phase": "permanent",
        "area_id": "sf-tasman-debartolo",
        "area_short_code": "SF-TAS",
        "exact_area_name": "Tasman Drive and Marie P. DeBartolo Way east plaza",
        "analysis_radius_m": 300,
        "geometry_type": "line_extrusion",
        "length_m": 3200,
        "width_m": 3.5,
        "height_m": 0.1,
        "bearing_deg": 314,
        "z_offset_m": 0.1,
        "color": "#2563EB",
        "opacity": 0.85,
        "allocation_cents": 79200000,
        "render_enabled": "Yes",
        "design_description": "dedicated or peak-period transit-priority lane",
        "implementation_status": "concept_only",
        "spatial_precision": "planning_anchor ±25–100 m",
        "evidence_class": "engineering_assumption",
        "source_url": "https://www.vta.org/media/37311"
      }
    },
    {
      "type": "Feature",
      "id": "sf-bay-signals-PERM",
      "geometry": {
        "type": "Point",
        "coordinates": [
          -121.9696,
          37.4035
        ]
      },
      "properties": {
        "project_id": "sf-bay-signals-PERM",
        "host_region_code": 10,
        "city_id": "sf-bay",
        "host_region": "San Francisco Bay Area",
        "category": "signals",
        "category_name": "Signal timing plans",
        "phase": "permanent",
        "area_id": "sf-tasman-debartolo",
        "area_short_code": "SF-TAS",
        "exact_area_name": "Tasman Drive and Marie P. DeBartolo Way east plaza",
        "analysis_radius_m": 300,
        "geometry_type": "point_model",
        "length_m": 1,
        "width_m": 1,
        "height_m": 6,
        "bearing_deg": 331,
        "z_offset_m": 0.1,
        "color": "#2563EB",
        "opacity": 0.85,
        "allocation_cents": 27000000,
        "render_enabled": "Yes",
        "design_description": "adaptive controllers and transit signal priority",
        "implementation_status": "concept_only",
        "spatial_precision": "planning_anchor ±25–100 m",
        "evidence_class": "engineering_assumption",
        "source_url": "https://www.vta.org/media/37311"
      }
    },
    {
      "type": "Feature",
      "id": "sf-bay-hub-PERM",
      "geometry": {
        "type": "Polygon",
        "coordinates": [
          [
            [
              -121.97003764296505,
              37.40383937663724
            ],
            [
              -121.96937396135897,
              37.403951438787
            ],
            [
              -121.96916236115752,
              37.40316062234113
            ],
            [
              -121.96982603575913,
              37.40304856019137
            ],
            [
              -121.97003764296505,
              37.40383937663724
            ]
          ]
        ]
      },
      "properties": {
        "project_id": "sf-bay-hub-PERM",
        "host_region_code": 10,
        "city_id": "sf-bay",
        "host_region": "San Francisco Bay Area",
        "category": "hub",
        "category_name": "Hub-to-stadium shuttle package",
        "phase": "permanent",
        "area_id": "sf-tasman-debartolo",
        "area_short_code": "SF-TAS",
        "exact_area_name": "Tasman Drive and Marie P. DeBartolo Way east plaza",
        "analysis_radius_m": 300,
        "geometry_type": "polygon_extrusion",
        "length_m": 90,
        "width_m": 60,
        "height_m": 6,
        "bearing_deg": 348,
        "z_offset_m": 0.1,
        "color": "#2563EB",
        "opacity": 0.85,
        "allocation_cents": 45000000,
        "render_enabled": "Yes",
        "design_description": "permanent multimodal mobility hub",
        "implementation_status": "concept_only",
        "spatial_precision": "planning_anchor ±25–100 m",
        "evidence_class": "engineering_assumption",
        "source_url": "https://www.vta.org/media/37311"
      }
    },
    {
      "type": "Feature",
      "id": "sf-bay-parkride-PERM",
      "geometry": {
        "type": "Polygon",
        "coordinates": [
          [
            [
              -121.97033649898573,
              37.40454310356189
            ],
            [
              -121.96864666890853,
              37.404425663558186
            ],
            [
              -121.96886352168954,
              37.402456890327244
            ],
            [
              -121.9705533073675,
              37.40257433033094
            ],
            [
              -121.97033649898573,
              37.40454310356189
            ]
          ]
        ]
      },
      "properties": {
        "project_id": "sf-bay-parkride-PERM",
        "host_region_code": 10,
        "city_id": "sf-bay",
        "host_region": "San Francisco Bay Area",
        "category": "parkride",
        "category_name": "Park-and-ride package",
        "phase": "permanent",
        "area_id": "sf-tasman-debartolo",
        "area_short_code": "SF-TAS",
        "exact_area_name": "Tasman Drive and Marie P. DeBartolo Way east plaza",
        "analysis_radius_m": 300,
        "geometry_type": "polygon_extrusion",
        "length_m": 220,
        "width_m": 150,
        "height_m": 0.2,
        "bearing_deg": 5,
        "z_offset_m": 0.1,
        "color": "#2563EB",
        "opacity": 0.85,
        "allocation_cents": 22500000,
        "render_enabled": "Yes",
        "design_description": "permanent park-and-ride with charging and transit access",
        "implementation_status": "concept_only",
        "spatial_precision": "planning_anchor ±25–100 m",
        "evidence_class": "engineering_assumption",
        "source_url": "https://www.vta.org/media/37311"
      }
    },
    {
      "type": "Feature",
      "id": "sf-bay-ped-PERM",
      "geometry": {
        "type": "LineString",
        "coordinates": [
          [
            -121.9782966635201,
            37.3968047242232
          ],
          [
            -121.974908,
            37.403468
          ],
          [
            -121.97151873374852,
            37.41013117905364
          ]
        ]
      },
      "properties": {
        "project_id": "sf-bay-ped-PERM",
        "host_region_code": 10,
        "city_id": "sf-bay",
        "host_region": "San Francisco Bay Area",
        "category": "ped",
        "category_name": "Protected pedestrian corridor",
        "phase": "permanent",
        "area_id": "sf-great-america-station",
        "area_short_code": "SF-GA",
        "exact_area_name": "Great America VTA station platform queue",
        "analysis_radius_m": 250,
        "geometry_type": "line_extrusion",
        "length_m": 1600,
        "width_m": 6,
        "height_m": 0.15,
        "bearing_deg": 22,
        "z_offset_m": 0.1,
        "color": "#0F766E",
        "opacity": 0.85,
        "allocation_cents": 0,
        "render_enabled": "No",
        "design_description": "widened sidewalk; lighting; drainage and separation",
        "implementation_status": "concept_only",
        "spatial_precision": "planning_anchor ±25–100 m",
        "evidence_class": "engineering_assumption",
        "source_url": "https://www.vta.org/go/stations/great-america"
      }
    },
    {
      "type": "Feature",
      "id": "sf-bay-bike-PERM",
      "geometry": {
        "type": "LineString",
        "coordinates": [
          [
            -121.98629288671863,
            37.39229750065455
          ],
          [
            -121.974908,
            37.403468
          ],
          [
            -121.96351971845984,
            37.414637407444374
          ]
        ]
      },
      "properties": {
        "project_id": "sf-bay-bike-PERM",
        "host_region_code": 10,
        "city_id": "sf-bay",
        "host_region": "San Francisco Bay Area",
        "category": "bike",
        "category_name": "Protected bicycle access",
        "phase": "permanent",
        "area_id": "sf-great-america-station",
        "area_short_code": "SF-GA",
        "exact_area_name": "Great America VTA station platform queue",
        "analysis_radius_m": 250,
        "geometry_type": "line_extrusion",
        "length_m": 3200,
        "width_m": 3,
        "height_m": 0.1,
        "bearing_deg": 39,
        "z_offset_m": 0.1,
        "color": "#0F766E",
        "opacity": 0.85,
        "allocation_cents": 0,
        "render_enabled": "No",
        "design_description": "protected bikeway and secure long-term parking",
        "implementation_status": "concept_only",
        "spatial_precision": "planning_anchor ±25–100 m",
        "evidence_class": "engineering_assumption",
        "source_url": "https://www.vta.org/go/stations/great-america"
      }
    },
    {
      "type": "Feature",
      "id": "sf-bay-tnc-PERM",
      "geometry": {
        "type": "Polygon",
        "coordinates": [
          [
            [
              -121.9694141519759,
              37.40384338135016
            ],
            [
              -121.96912958989418,
              37.403508249645
            ],
            [
              -121.96978584778832,
              37.40315661757264
            ],
            [
              -121.97007040853464,
              37.40349174927777
            ],
            [
              -121.9694141519759,
              37.40384338135016
            ]
          ]
        ]
      },
      "properties": {
        "project_id": "sf-bay-tnc-PERM",
        "host_region_code": 10,
        "city_id": "sf-bay",
        "host_region": "San Francisco Bay Area",
        "category": "tnc",
        "category_name": "Managed rideshare hub",
        "phase": "permanent",
        "area_id": "sf-tasman-debartolo",
        "area_short_code": "SF-TAS",
        "exact_area_name": "Tasman Drive and Marie P. DeBartolo Way east plaza",
        "analysis_radius_m": 300,
        "geometry_type": "polygon_extrusion",
        "length_m": 70,
        "width_m": 45,
        "height_m": 0.2,
        "bearing_deg": 56,
        "z_offset_m": 0.1,
        "color": "#2563EB",
        "opacity": 0.85,
        "allocation_cents": 40000000,
        "render_enabled": "Yes",
        "design_description": "off-street rideshare hub with accessible bays",
        "implementation_status": "concept_only",
        "spatial_precision": "planning_anchor ±25–100 m",
        "evidence_class": "engineering_assumption",
        "source_url": "https://www.vta.org/media/37311"
      }
    },
    {
      "type": "Feature",
      "id": "sf-bay-wayfinding-PERM",
      "geometry": {
        "type": "Point",
        "coordinates": [
          -121.974908,
          37.403468
        ]
      },
      "properties": {
        "project_id": "sf-bay-wayfinding-PERM",
        "host_region_code": 10,
        "city_id": "sf-bay",
        "host_region": "San Francisco Bay Area",
        "category": "wayfinding",
        "category_name": "Multilingual wayfinding",
        "phase": "permanent",
        "area_id": "sf-great-america-station",
        "area_short_code": "SF-GA",
        "exact_area_name": "Great America VTA station platform queue",
        "analysis_radius_m": 250,
        "geometry_type": "point_model",
        "length_m": 1,
        "width_m": 1,
        "height_m": 4,
        "bearing_deg": 73,
        "z_offset_m": 0.1,
        "color": "#2563EB",
        "opacity": 0.85,
        "allocation_cents": 33000000,
        "render_enabled": "Yes",
        "design_description": "fixed multilingual physical and digital wayfinding",
        "implementation_status": "concept_only",
        "spatial_precision": "planning_anchor ±25–100 m",
        "evidence_class": "engineering_assumption",
        "source_url": "https://www.vta.org/go/stations/great-america"
      }
    },
    {
      "type": "Feature",
      "id": "sf-bay-station-PERM",
      "geometry": {
        "type": "Point",
        "coordinates": [
          -121.974908,
          37.403468
        ]
      },
      "properties": {
        "project_id": "sf-bay-station-PERM",
        "host_region_code": 10,
        "city_id": "sf-bay",
        "host_region": "San Francisco Bay Area",
        "category": "station",
        "category_name": "Station-capacity package",
        "phase": "permanent",
        "area_id": "sf-great-america-station",
        "area_short_code": "SF-GA",
        "exact_area_name": "Great America VTA station platform queue",
        "analysis_radius_m": 250,
        "geometry_type": "glb_model",
        "length_m": 120,
        "width_m": 45,
        "height_m": 18,
        "bearing_deg": 90,
        "z_offset_m": 0.1,
        "color": "#2563EB",
        "opacity": 0.85,
        "allocation_cents": 100000000,
        "render_enabled": "Yes",
        "design_description": "platform, entry and circulation expansion",
        "implementation_status": "concept_only",
        "spatial_precision": "planning_anchor ±25–100 m",
        "evidence_class": "engineering_assumption",
        "source_url": "https://www.vta.org/go/stations/great-america"
      }
    },
    {
      "type": "Feature",
      "id": "sf-bay-toc-PERM",
      "geometry": {
        "type": "Point",
        "coordinates": [
          -121.9696,
          37.4035
        ]
      },
      "properties": {
        "project_id": "sf-bay-toc-PERM",
        "host_region_code": 10,
        "city_id": "sf-bay",
        "host_region": "San Francisco Bay Area",
        "category": "toc",
        "category_name": "Integrated traffic operations",
        "phase": "permanent",
        "area_id": "sf-tasman-debartolo",
        "area_short_code": "SF-TAS",
        "exact_area_name": "Tasman Drive and Marie P. DeBartolo Way east plaza",
        "analysis_radius_m": 300,
        "geometry_type": "glb_model",
        "length_m": 60,
        "width_m": 40,
        "height_m": 12,
        "bearing_deg": 107,
        "z_offset_m": 0.1,
        "color": "#2563EB",
        "opacity": 0.85,
        "allocation_cents": 112500000,
        "render_enabled": "Yes",
        "design_description": "integrated operations center and adaptive dispatch",
        "implementation_status": "concept_only",
        "spatial_precision": "planning_anchor ±25–100 m",
        "evidence_class": "engineering_assumption",
        "source_url": "https://www.vta.org/media/37311"
      }
    },
    {
      "type": "Feature",
      "id": "sf-bay-access-PERM",
      "geometry": {
        "type": "LineString",
        "coordinates": [
          [
            -121.97865814025543,
            37.405477266909465
          ],
          [
            -121.974908,
            37.403468
          ],
          [
            -121.97115806086605,
            37.401458614658786
          ]
        ]
      },
      "properties": {
        "project_id": "sf-bay-access-PERM",
        "host_region_code": 10,
        "city_id": "sf-bay",
        "host_region": "San Francisco Bay Area",
        "category": "access",
        "category_name": "ADA/microtransit access",
        "phase": "permanent",
        "area_id": "sf-great-america-station",
        "area_short_code": "SF-GA",
        "exact_area_name": "Great America VTA station platform queue",
        "analysis_radius_m": 250,
        "geometry_type": "line_extrusion",
        "length_m": 800,
        "width_m": 3,
        "height_m": 0.1,
        "bearing_deg": 124,
        "z_offset_m": 0.1,
        "color": "#2563EB",
        "opacity": 0.85,
        "allocation_cents": 0,
        "render_enabled": "No",
        "design_description": "ADA ramps; tactile guidance; accessible first/last-mile network",
        "implementation_status": "concept_only",
        "spatial_precision": "planning_anchor ±25–100 m",
        "evidence_class": "engineering_assumption",
        "source_url": "https://www.vta.org/go/stations/great-america"
      }
    },
    {
      "type": "Feature",
      "id": "seattle-service-PERM",
      "geometry": {
        "type": "LineString",
        "coordinates": [
          [
            -122.3216142464683,
            47.58611433598878
          ],
          [
            -122.3272,
            47.5917
          ],
          [
            -122.33278694598927,
            47.597285392789814
          ]
        ]
      },
      "properties": {
        "project_id": "seattle-service-PERM",
        "host_region_code": 11,
        "city_id": "seattle",
        "host_region": "Seattle",
        "category": "service",
        "category_name": "Extra transit service",
        "phase": "permanent",
        "area_id": "sea-stadium-station",
        "area_short_code": "SEA-STA",
        "exact_area_name": "Stadium Station and Royal Brougham Way approach",
        "analysis_radius_m": 250,
        "geometry_type": "animated_route",
        "length_m": 1500,
        "width_m": 2,
        "height_m": 1,
        "bearing_deg": 326,
        "z_offset_m": 0.1,
        "color": "#2563EB",
        "opacity": 0.85,
        "allocation_cents": 33000000,
        "render_enabled": "Yes",
        "design_description": "recurring major-event service plan; fleet and stabling readiness",
        "implementation_status": "concept_only",
        "spatial_precision": "planning_anchor ±25–100 m",
        "evidence_class": "engineering_assumption",
        "source_url": "https://www.soundtransit.org/ride-with-us/popular-destinations/lumen-field"
      }
    },
    {
      "type": "Feature",
      "id": "seattle-buslane-PERM",
      "geometry": {
        "type": "LineString",
        "coordinates": [
          [
            -122.32657050101365,
            47.57875482047799
          ],
          [
            -122.3328,
            47.5925
          ],
          [
            -122.33903277220512,
            47.60624484207857
          ]
        ]
      },
      "properties": {
        "project_id": "seattle-buslane-PERM",
        "host_region_code": 11,
        "city_id": "seattle",
        "host_region": "Seattle",
        "category": "buslane",
        "category_name": "Transit-priority lanes",
        "phase": "permanent",
        "area_id": "sea-occidental-south",
        "area_short_code": "SEA-OCC",
        "exact_area_name": "Occidental Avenue South plaza approach",
        "analysis_radius_m": 300,
        "geometry_type": "line_extrusion",
        "length_m": 3200,
        "width_m": 3.5,
        "height_m": 0.1,
        "bearing_deg": 343,
        "z_offset_m": 0.1,
        "color": "#2563EB",
        "opacity": 0.85,
        "allocation_cents": 59400000,
        "render_enabled": "Yes",
        "design_description": "dedicated or peak-period transit-priority lane",
        "implementation_status": "concept_only",
        "spatial_precision": "planning_anchor ±25–100 m",
        "evidence_class": "engineering_assumption",
        "source_url": "https://www.lumenfield.com/multi-day-events/taylor-swift-2023"
      }
    },
    {
      "type": "Feature",
      "id": "seattle-signals-PERM",
      "geometry": {
        "type": "Point",
        "coordinates": [
          -122.3328,
          47.5925
        ]
      },
      "properties": {
        "project_id": "seattle-signals-PERM",
        "host_region_code": 11,
        "city_id": "seattle",
        "host_region": "Seattle",
        "category": "signals",
        "category_name": "Signal timing plans",
        "phase": "permanent",
        "area_id": "sea-occidental-south",
        "area_short_code": "SEA-OCC",
        "exact_area_name": "Occidental Avenue South plaza approach",
        "analysis_radius_m": 300,
        "geometry_type": "point_model",
        "length_m": 1,
        "width_m": 1,
        "height_m": 6,
        "bearing_deg": 0,
        "z_offset_m": 0.1,
        "color": "#2563EB",
        "opacity": 0.85,
        "allocation_cents": 27000000,
        "render_enabled": "Yes",
        "design_description": "adaptive controllers and transit signal priority",
        "implementation_status": "concept_only",
        "spatial_precision": "planning_anchor ±25–100 m",
        "evidence_class": "engineering_assumption",
        "source_url": "https://www.lumenfield.com/multi-day-events/taylor-swift-2023"
      }
    },
    {
      "type": "Feature",
      "id": "seattle-hub-PERM",
      "geometry": {
        "type": "Polygon",
        "coordinates": [
          [
            [
              -122.33300689751316,
              47.59296537025359
            ],
            [
              -122.33224259970127,
              47.592807785070995
            ],
            [
              -122.33259310669425,
              47.59203462821032
            ],
            [
              -122.33335739321443,
              47.59219221339291
            ],
            [
              -122.33300689751316,
              47.59296537025359
            ]
          ]
        ]
      },
      "properties": {
        "project_id": "seattle-hub-PERM",
        "host_region_code": 11,
        "city_id": "seattle",
        "host_region": "Seattle",
        "category": "hub",
        "category_name": "Hub-to-stadium shuttle package",
        "phase": "permanent",
        "area_id": "sea-occidental-south",
        "area_short_code": "SEA-OCC",
        "exact_area_name": "Occidental Avenue South plaza approach",
        "analysis_radius_m": 300,
        "geometry_type": "polygon_extrusion",
        "length_m": 90,
        "width_m": 60,
        "height_m": 6,
        "bearing_deg": 17,
        "z_offset_m": 0.1,
        "color": "#2563EB",
        "opacity": 0.85,
        "allocation_cents": 0,
        "render_enabled": "No",
        "design_description": "permanent multimodal mobility hub",
        "implementation_status": "concept_only",
        "spatial_precision": "planning_anchor ±25–100 m",
        "evidence_class": "engineering_assumption",
        "source_url": "https://www.lumenfield.com/multi-day-events/taylor-swift-2023"
      }
    },
    {
      "type": "Feature",
      "id": "seattle-parkride-PERM",
      "geometry": {
        "type": "Polygon",
        "coordinates": [
          [
            [
              -122.3328088853504,
              47.593695953585595
            ],
            [
              -122.3311524132971,
              47.592942456287695
            ],
            [
              -122.3327911268527,
              47.59130403461841
            ],
            [
              -122.3344475470456,
              47.592057531916296
            ],
            [
              -122.3328088853504,
              47.593695953585595
            ]
          ]
        ]
      },
      "properties": {
        "project_id": "seattle-parkride-PERM",
        "host_region_code": 11,
        "city_id": "seattle",
        "host_region": "Seattle",
        "category": "parkride",
        "category_name": "Park-and-ride package",
        "phase": "permanent",
        "area_id": "sea-occidental-south",
        "area_short_code": "SEA-OCC",
        "exact_area_name": "Occidental Avenue South plaza approach",
        "analysis_radius_m": 300,
        "geometry_type": "polygon_extrusion",
        "length_m": 220,
        "width_m": 150,
        "height_m": 0.2,
        "bearing_deg": 34,
        "z_offset_m": 0.1,
        "color": "#2563EB",
        "opacity": 0.85,
        "allocation_cents": 0,
        "render_enabled": "No",
        "design_description": "permanent park-and-ride with charging and transit access",
        "implementation_status": "concept_only",
        "spatial_precision": "planning_anchor ±25–100 m",
        "evidence_class": "engineering_assumption",
        "source_url": "https://www.lumenfield.com/multi-day-events/taylor-swift-2023"
      }
    },
    {
      "type": "Feature",
      "id": "seattle-ped-PERM",
      "geometry": {
        "type": "LineString",
        "coordinates": [
          [
            -122.3354805704027,
            47.587177077014125
          ],
          [
            -122.3272,
            47.5917
          ],
          [
            -122.3189179982701,
            47.5962223269625
          ]
        ]
      },
      "properties": {
        "project_id": "seattle-ped-PERM",
        "host_region_code": 11,
        "city_id": "seattle",
        "host_region": "Seattle",
        "category": "ped",
        "category_name": "Protected pedestrian corridor",
        "phase": "permanent",
        "area_id": "sea-stadium-station",
        "area_short_code": "SEA-STA",
        "exact_area_name": "Stadium Station and Royal Brougham Way approach",
        "analysis_radius_m": 250,
        "geometry_type": "line_extrusion",
        "length_m": 1600,
        "width_m": 6,
        "height_m": 0.15,
        "bearing_deg": 51,
        "z_offset_m": 0.1,
        "color": "#0F766E",
        "opacity": 0.85,
        "allocation_cents": 39000000,
        "render_enabled": "Yes",
        "design_description": "widened sidewalk; lighting; drainage and separation",
        "implementation_status": "concept_only",
        "spatial_precision": "planning_anchor ±25–100 m",
        "evidence_class": "engineering_assumption",
        "source_url": "https://www.soundtransit.org/ride-with-us/popular-destinations/lumen-field"
      }
    },
    {
      "type": "Feature",
      "id": "seattle-bike-PERM",
      "geometry": {
        "type": "LineString",
        "coordinates": [
          [
            -122.34695815366567,
            47.58631406621106
          ],
          [
            -122.3272,
            47.5917
          ],
          [
            -122.3074377803494,
            47.597082540273554
          ]
        ]
      },
      "properties": {
        "project_id": "seattle-bike-PERM",
        "host_region_code": 11,
        "city_id": "seattle",
        "host_region": "Seattle",
        "category": "bike",
        "category_name": "Protected bicycle access",
        "phase": "permanent",
        "area_id": "sea-stadium-station",
        "area_short_code": "SEA-STA",
        "exact_area_name": "Stadium Station and Royal Brougham Way approach",
        "analysis_radius_m": 250,
        "geometry_type": "line_extrusion",
        "length_m": 3200,
        "width_m": 3,
        "height_m": 0.1,
        "bearing_deg": 68,
        "z_offset_m": 0.1,
        "color": "#0F766E",
        "opacity": 0.85,
        "allocation_cents": 0,
        "render_enabled": "No",
        "design_description": "protected bikeway and secure long-term parking",
        "implementation_status": "concept_only",
        "spatial_precision": "planning_anchor ±25–100 m",
        "evidence_class": "engineering_assumption",
        "source_url": "https://www.soundtransit.org/ride-with-us/popular-destinations/lumen-field"
      }
    },
    {
      "type": "Feature",
      "id": "seattle-tnc-PERM",
      "geometry": {
        "type": "Polygon",
        "coordinates": [
          [
            [
              -122.33236168679122,
              47.592728753534985
            ],
            [
              -122.33230944469538,
              47.59232604991953
            ],
            [
              -122.33323831295075,
              47.59227124458445
            ],
            [
              -122.33329055499189,
              47.592673948199916
            ],
            [
              -122.33236168679122,
              47.592728753534985
            ]
          ]
        ]
      },
      "properties": {
        "project_id": "seattle-tnc-PERM",
        "host_region_code": 11,
        "city_id": "seattle",
        "host_region": "Seattle",
        "category": "tnc",
        "category_name": "Managed rideshare hub",
        "phase": "permanent",
        "area_id": "sea-occidental-south",
        "area_short_code": "SEA-OCC",
        "exact_area_name": "Occidental Avenue South plaza approach",
        "analysis_radius_m": 300,
        "geometry_type": "polygon_extrusion",
        "length_m": 70,
        "width_m": 45,
        "height_m": 0.2,
        "bearing_deg": 85,
        "z_offset_m": 0.1,
        "color": "#2563EB",
        "opacity": 0.85,
        "allocation_cents": 20000000,
        "render_enabled": "Yes",
        "design_description": "off-street rideshare hub with accessible bays",
        "implementation_status": "concept_only",
        "spatial_precision": "planning_anchor ±25–100 m",
        "evidence_class": "engineering_assumption",
        "source_url": "https://www.lumenfield.com/multi-day-events/taylor-swift-2023"
      }
    },
    {
      "type": "Feature",
      "id": "seattle-wayfinding-PERM",
      "geometry": {
        "type": "Point",
        "coordinates": [
          -122.3272,
          47.5917
        ]
      },
      "properties": {
        "project_id": "seattle-wayfinding-PERM",
        "host_region_code": 11,
        "city_id": "seattle",
        "host_region": "Seattle",
        "category": "wayfinding",
        "category_name": "Multilingual wayfinding",
        "phase": "permanent",
        "area_id": "sea-stadium-station",
        "area_short_code": "SEA-STA",
        "exact_area_name": "Stadium Station and Royal Brougham Way approach",
        "analysis_radius_m": 250,
        "geometry_type": "point_model",
        "length_m": 1,
        "width_m": 1,
        "height_m": 4,
        "bearing_deg": 102,
        "z_offset_m": 0.1,
        "color": "#2563EB",
        "opacity": 0.85,
        "allocation_cents": 16500000,
        "render_enabled": "Yes",
        "design_description": "fixed multilingual physical and digital wayfinding",
        "implementation_status": "concept_only",
        "spatial_precision": "planning_anchor ±25–100 m",
        "evidence_class": "engineering_assumption",
        "source_url": "https://www.soundtransit.org/ride-with-us/popular-destinations/lumen-field"
      }
    },
    {
      "type": "Feature",
      "id": "seattle-station-PERM",
      "geometry": {
        "type": "Point",
        "coordinates": [
          -122.3272,
          47.5917
        ]
      },
      "properties": {
        "project_id": "seattle-station-PERM",
        "host_region_code": 11,
        "city_id": "seattle",
        "host_region": "Seattle",
        "category": "station",
        "category_name": "Station-capacity package",
        "phase": "permanent",
        "area_id": "sea-stadium-station",
        "area_short_code": "SEA-STA",
        "exact_area_name": "Stadium Station and Royal Brougham Way approach",
        "analysis_radius_m": 250,
        "geometry_type": "glb_model",
        "length_m": 120,
        "width_m": 45,
        "height_m": 18,
        "bearing_deg": 119,
        "z_offset_m": 0.1,
        "color": "#2563EB",
        "opacity": 0.85,
        "allocation_cents": 200000000,
        "render_enabled": "Yes",
        "design_description": "platform, entry and circulation expansion",
        "implementation_status": "concept_only",
        "spatial_precision": "planning_anchor ±25–100 m",
        "evidence_class": "engineering_assumption",
        "source_url": "https://www.soundtransit.org/ride-with-us/popular-destinations/lumen-field"
      }
    },
    {
      "type": "Feature",
      "id": "seattle-toc-PERM",
      "geometry": {
        "type": "Point",
        "coordinates": [
          -122.3328,
          47.5925
        ]
      },
      "properties": {
        "project_id": "seattle-toc-PERM",
        "host_region_code": 11,
        "city_id": "seattle",
        "host_region": "Seattle",
        "category": "toc",
        "category_name": "Integrated traffic operations",
        "phase": "permanent",
        "area_id": "sea-occidental-south",
        "area_short_code": "SEA-OCC",
        "exact_area_name": "Occidental Avenue South plaza approach",
        "analysis_radius_m": 300,
        "geometry_type": "glb_model",
        "length_m": 60,
        "width_m": 40,
        "height_m": 12,
        "bearing_deg": 136,
        "z_offset_m": 0.1,
        "color": "#2563EB",
        "opacity": 0.85,
        "allocation_cents": 112500000,
        "render_enabled": "Yes",
        "design_description": "integrated operations center and adaptive dispatch",
        "implementation_status": "concept_only",
        "spatial_precision": "planning_anchor ±25–100 m",
        "evidence_class": "engineering_assumption",
        "source_url": "https://www.lumenfield.com/multi-day-events/taylor-swift-2023"
      }
    },
    {
      "type": "Feature",
      "id": "seattle-access-PERM",
      "geometry": {
        "type": "LineString",
        "coordinates": [
          [
            -122.32961901482156,
            47.59490159368868
          ],
          [
            -122.3272,
            47.5917
          ],
          [
            -122.32478128113787,
            47.58849835546124
          ]
        ]
      },
      "properties": {
        "project_id": "seattle-access-PERM",
        "host_region_code": 11,
        "city_id": "seattle",
        "host_region": "Seattle",
        "category": "access",
        "category_name": "ADA/microtransit access",
        "phase": "permanent",
        "area_id": "sea-stadium-station",
        "area_short_code": "SEA-STA",
        "exact_area_name": "Stadium Station and Royal Brougham Way approach",
        "analysis_radius_m": 250,
        "geometry_type": "line_extrusion",
        "length_m": 800,
        "width_m": 3,
        "height_m": 0.1,
        "bearing_deg": 153,
        "z_offset_m": 0.1,
        "color": "#2563EB",
        "opacity": 0.85,
        "allocation_cents": 0,
        "render_enabled": "No",
        "design_description": "ADA ramps; tactile guidance; accessible first/last-mile network",
        "implementation_status": "concept_only",
        "spatial_precision": "planning_anchor ±25–100 m",
        "evidence_class": "engineering_assumption",
        "source_url": "https://www.soundtransit.org/ride-with-us/popular-destinations/lumen-field"
      }
    }
  ]
}
