{
  "type": "FeatureCollection",
  "metadata": {
    "crs": "EPSG:4326",
    "display": "amber / 0.55 opacity"
  },
  "features": [
    {
      "type": "Feature",
      "id": "atlanta-service-TMP",
      "geometry": {
        "type": "LineString",
        "coordinates": [
          [
            -84.4077284205563,
            33.7506073059015
          ],
          [
            -84.4038,
            33.7565
          ],
          [
            -84.39987103935668,
            33.76239256964728
          ]
        ]
      },
      "properties": {
        "project_id": "atlanta-service-TMP",
        "host_region_code": 1,
        "city_id": "atlanta",
        "host_region": "Atlanta",
        "category": "service",
        "category_name": "Extra transit service",
        "phase": "temporary",
        "area_id": "atl-vine-city",
        "area_short_code": "ATL-VC",
        "exact_area_name": "Vine City Station–Northside Drive approach",
        "analysis_radius_m": 250,
        "geometry_type": "animated_route",
        "length_m": 1500,
        "width_m": 2,
        "height_m": 0.5,
        "bearing_deg": 29,
        "z_offset_m": 0.05,
        "color": "#F59E0B",
        "opacity": 0.55,
        "allocation_cents": 176000000,
        "render_enabled": "Yes",
        "design_description": "extra rail/bus vehicle-hours; standby operators; event timetable",
        "implementation_status": "concept_only",
        "spatial_precision": "planning_anchor ±25–100 m",
        "evidence_class": "engineering_assumption",
        "source_url": "https://www.itsmarta.com/Vine-City.aspx"
      }
    },
    {
      "type": "Feature",
      "id": "atlanta-buslane-TMP",
      "geometry": {
        "type": "LineString",
        "coordinates": [
          [
            -84.41103421358709,
            33.746415020960974
          ],
          [
            -84.3986,
            33.7564
          ],
          [
            -84.38616288977704,
            33.76638373211298
          ]
        ]
      },
      "properties": {
        "project_id": "atlanta-buslane-TMP",
        "host_region_code": 1,
        "city_id": "atlanta",
        "host_region": "Atlanta",
        "category": "buslane",
        "category_name": "Transit-priority lanes",
        "phase": "temporary",
        "area_id": "atl-sec-district",
        "area_short_code": "ATL-SEC",
        "exact_area_name": "GWCC/CNN Center–Andrew Young International Boulevard approach",
        "analysis_radius_m": 300,
        "geometry_type": "line_extrusion",
        "length_m": 3200,
        "width_m": 3.5,
        "height_m": 0.1,
        "bearing_deg": 46,
        "z_offset_m": 0.05,
        "color": "#F59E0B",
        "opacity": 0.55,
        "allocation_cents": 48600000,
        "render_enabled": "Yes",
        "design_description": "cone- and paint-defined bus lane with enforcement",
        "implementation_status": "concept_only",
        "spatial_precision": "planning_anchor ±25–100 m",
        "evidence_class": "engineering_assumption",
        "source_url": "https://www.mercedesbenzstadium.com/stadium-maps"
      }
    },
    {
      "type": "Feature",
      "id": "atlanta-signals-TMP",
      "geometry": {
        "type": "Point",
        "coordinates": [
          -84.3986,
          33.7564
        ]
      },
      "properties": {
        "project_id": "atlanta-signals-TMP",
        "host_region_code": 1,
        "city_id": "atlanta",
        "host_region": "Atlanta",
        "category": "signals",
        "category_name": "Signal timing plans",
        "phase": "temporary",
        "area_id": "atl-sec-district",
        "area_short_code": "ATL-SEC",
        "exact_area_name": "GWCC/CNN Center–Andrew Young International Boulevard approach",
        "analysis_radius_m": 300,
        "geometry_type": "point_model",
        "length_m": 1,
        "width_m": 1,
        "height_m": 3,
        "bearing_deg": 63,
        "z_offset_m": 0.05,
        "color": "#F59E0B",
        "opacity": 0.55,
        "allocation_cents": 9000000,
        "render_enabled": "Yes",
        "design_description": "police/manual traffic control and temporary timing plan",
        "implementation_status": "concept_only",
        "spatial_precision": "planning_anchor ±25–100 m",
        "evidence_class": "engineering_assumption",
        "source_url": "https://www.mercedesbenzstadium.com/stadium-maps"
      }
    },
    {
      "type": "Feature",
      "id": "atlanta-hub-TMP",
      "geometry": {
        "type": "Polygon",
        "coordinates": [
          [
            [
              -84.39817745941225,
              33.75673559528525
            ],
            [
              -84.3980648857846,
              33.75620479457138
            ],
            [
              -84.3990225402443,
              33.756064402840515
            ],
            [
              -84.39913511368759,
              33.75659520355439
            ],
            [
              -84.39817745941225,
              33.75673559528525
            ]
          ]
        ]
      },
      "properties": {
        "project_id": "atlanta-hub-TMP",
        "host_region_code": 1,
        "city_id": "atlanta",
        "host_region": "Atlanta",
        "category": "hub",
        "category_name": "Hub-to-stadium shuttle package",
        "phase": "temporary",
        "area_id": "atl-sec-district",
        "area_short_code": "ATL-SEC",
        "exact_area_name": "GWCC/CNN Center–Andrew Young International Boulevard approach",
        "analysis_radius_m": 300,
        "geometry_type": "polygon_extrusion",
        "length_m": 90,
        "width_m": 60,
        "height_m": 3,
        "bearing_deg": 80,
        "z_offset_m": 0.05,
        "color": "#F59E0B",
        "opacity": 0.55,
        "allocation_cents": 30000000,
        "render_enabled": "Yes",
        "design_description": "pop-up shuttle zone; temporary shelters and dispatch",
        "implementation_status": "concept_only",
        "spatial_precision": "planning_anchor ±25–100 m",
        "evidence_class": "engineering_assumption",
        "source_url": "https://www.mercedesbenzstadium.com/stadium-maps"
      }
    },
    {
      "type": "Feature",
      "id": "atlanta-parkride-TMP",
      "geometry": {
        "type": "Polygon",
        "coordinates": [
          [
            [
              -84.39732157970583,
              33.75694828408078
            ],
            [
              -84.39751909464327,
              33.75561085501345
            ],
            [
              -84.39987842234514,
              33.7558517046199
            ],
            [
              -84.39968090685277,
              33.75718913368722
            ],
            [
              -84.39732157970583,
              33.75694828408078
            ]
          ]
        ]
      },
      "properties": {
        "project_id": "atlanta-parkride-TMP",
        "host_region_code": 1,
        "city_id": "atlanta",
        "host_region": "Atlanta",
        "category": "parkride",
        "category_name": "Park-and-ride package",
        "phase": "temporary",
        "area_id": "atl-sec-district",
        "area_short_code": "ATL-SEC",
        "exact_area_name": "GWCC/CNN Center–Andrew Young International Boulevard approach",
        "analysis_radius_m": 300,
        "geometry_type": "polygon_extrusion",
        "length_m": 220,
        "width_m": 150,
        "height_m": 0.2,
        "bearing_deg": 97,
        "z_offset_m": 0.05,
        "color": "#F59E0B",
        "opacity": 0.55,
        "allocation_cents": 0,
        "render_enabled": "No",
        "design_description": "leased intercept lots and temporary signing",
        "implementation_status": "concept_only",
        "spatial_precision": "planning_anchor ±25–100 m",
        "evidence_class": "engineering_assumption",
        "source_url": "https://www.mercedesbenzstadium.com/stadium-maps"
      }
    },
    {
      "type": "Feature",
      "id": "atlanta-ped-TMP",
      "geometry": {
        "type": "LineString",
        "coordinates": [
          [
            -84.41169678454716,
            33.75942277054177
          ],
          [
            -84.4038,
            33.7565
          ],
          [
            -84.39590375393854,
            33.75357672668231
          ]
        ]
      },
      "properties": {
        "project_id": "atlanta-ped-TMP",
        "host_region_code": 1,
        "city_id": "atlanta",
        "host_region": "Atlanta",
        "category": "ped",
        "category_name": "Protected pedestrian corridor",
        "phase": "temporary",
        "area_id": "atl-vine-city",
        "area_short_code": "ATL-VC",
        "exact_area_name": "Vine City Station–Northside Drive approach",
        "analysis_radius_m": 250,
        "geometry_type": "line_extrusion",
        "length_m": 1600,
        "width_m": 6,
        "height_m": 0.15,
        "bearing_deg": 114,
        "z_offset_m": 0.05,
        "color": "#F59E0B",
        "opacity": 0.55,
        "allocation_cents": 0,
        "render_enabled": "No",
        "design_description": "barricaded protected corridor; marshals and lighting",
        "implementation_status": "concept_only",
        "spatial_precision": "planning_anchor ±25–100 m",
        "evidence_class": "engineering_assumption",
        "source_url": "https://www.itsmarta.com/Vine-City.aspx"
      }
    },
    {
      "type": "Feature",
      "id": "atlanta-bike-TMP",
      "geometry": {
        "type": "LineString",
        "coordinates": [
          [
            -84.41684857095147,
            33.76592887923258
          ],
          [
            -84.4038,
            33.7565
          ],
          [
            -84.3907542992572,
            33.74706974819937
          ]
        ]
      },
      "properties": {
        "project_id": "atlanta-bike-TMP",
        "host_region_code": 1,
        "city_id": "atlanta",
        "host_region": "Atlanta",
        "category": "bike",
        "category_name": "Protected bicycle access",
        "phase": "temporary",
        "area_id": "atl-vine-city",
        "area_short_code": "ATL-VC",
        "exact_area_name": "Vine City Station–Northside Drive approach",
        "analysis_radius_m": 250,
        "geometry_type": "line_extrusion",
        "length_m": 3200,
        "width_m": 3,
        "height_m": 0.1,
        "bearing_deg": 131,
        "z_offset_m": 0.05,
        "color": "#F59E0B",
        "opacity": 0.55,
        "allocation_cents": 0,
        "render_enabled": "No",
        "design_description": "pop-up protected lane and attended bike valet",
        "implementation_status": "concept_only",
        "spatial_precision": "planning_anchor ±25–100 m",
        "evidence_class": "engineering_assumption",
        "source_url": "https://www.itsmarta.com/Vine-City.aspx"
      }
    },
    {
      "type": "Feature",
      "id": "atlanta-tnc-TMP",
      "geometry": {
        "type": "Polygon",
        "coordinates": [
          [
            [
              -84.3981934370074,
              33.75624047234773
            ],
            [
              -84.3986057684674,
              33.756026256789255
            ],
            [
              -84.39900656500646,
              33.756559526985754
            ],
            [
              -84.39859423098154,
              33.75677374254423
            ],
            [
              -84.3981934370074,
              33.75624047234773
            ]
          ]
        ]
      },
      "properties": {
        "project_id": "atlanta-tnc-TMP",
        "host_region_code": 1,
        "city_id": "atlanta",
        "host_region": "Atlanta",
        "category": "tnc",
        "category_name": "Managed rideshare hub",
        "phase": "temporary",
        "area_id": "atl-sec-district",
        "area_short_code": "ATL-SEC",
        "exact_area_name": "GWCC/CNN Center–Andrew Young International Boulevard approach",
        "analysis_radius_m": 300,
        "geometry_type": "polygon_extrusion",
        "length_m": 70,
        "width_m": 45,
        "height_m": 0.2,
        "bearing_deg": 148,
        "z_offset_m": 0.05,
        "color": "#F59E0B",
        "opacity": 0.55,
        "allocation_cents": 20000000,
        "render_enabled": "Yes",
        "design_description": "staffed geofenced pickup with temporary lane control",
        "implementation_status": "concept_only",
        "spatial_precision": "planning_anchor ±25–100 m",
        "evidence_class": "engineering_assumption",
        "source_url": "https://www.mercedesbenzstadium.com/stadium-maps"
      }
    },
    {
      "type": "Feature",
      "id": "atlanta-wayfinding-TMP",
      "geometry": {
        "type": "Point",
        "coordinates": [
          -84.4038,
          33.7565
        ]
      },
      "properties": {
        "project_id": "atlanta-wayfinding-TMP",
        "host_region_code": 1,
        "city_id": "atlanta",
        "host_region": "Atlanta",
        "category": "wayfinding",
        "category_name": "Multilingual wayfinding",
        "phase": "temporary",
        "area_id": "atl-vine-city",
        "area_short_code": "ATL-VC",
        "exact_area_name": "Vine City Station–Northside Drive approach",
        "analysis_radius_m": 250,
        "geometry_type": "point_model",
        "length_m": 1,
        "width_m": 1,
        "height_m": 2.5,
        "bearing_deg": 165,
        "z_offset_m": 0.05,
        "color": "#F59E0B",
        "opacity": 0.55,
        "allocation_cents": 27000000,
        "render_enabled": "Yes",
        "design_description": "portable signs; digital messages; multilingual ambassadors",
        "implementation_status": "concept_only",
        "spatial_precision": "planning_anchor ±25–100 m",
        "evidence_class": "engineering_assumption",
        "source_url": "https://www.itsmarta.com/Vine-City.aspx"
      }
    },
    {
      "type": "Feature",
      "id": "atlanta-station-TMP",
      "geometry": {
        "type": "Point",
        "coordinates": [
          -84.4038,
          33.7565
        ]
      },
      "properties": {
        "project_id": "atlanta-station-TMP",
        "host_region_code": 1,
        "city_id": "atlanta",
        "host_region": "Atlanta",
        "category": "station",
        "category_name": "Station-capacity package",
        "phase": "temporary",
        "area_id": "atl-vine-city",
        "area_short_code": "ATL-VC",
        "exact_area_name": "Vine City Station–Northside Drive approach",
        "analysis_radius_m": 250,
        "geometry_type": "glb_model",
        "length_m": 120,
        "width_m": 45,
        "height_m": 6,
        "bearing_deg": 182,
        "z_offset_m": 0.05,
        "color": "#F59E0B",
        "opacity": 0.55,
        "allocation_cents": 50000000,
        "render_enabled": "Yes",
        "design_description": "temporary gates; queue barriers; portable fare equipment",
        "implementation_status": "concept_only",
        "spatial_precision": "planning_anchor ±25–100 m",
        "evidence_class": "engineering_assumption",
        "source_url": "https://www.itsmarta.com/Vine-City.aspx"
      }
    },
    {
      "type": "Feature",
      "id": "atlanta-toc-TMP",
      "geometry": {
        "type": "Point",
        "coordinates": [
          -84.3986,
          33.7564
        ]
      },
      "properties": {
        "project_id": "atlanta-toc-TMP",
        "host_region_code": 1,
        "city_id": "atlanta",
        "host_region": "Atlanta",
        "category": "toc",
        "category_name": "Integrated traffic operations",
        "phase": "temporary",
        "area_id": "atl-sec-district",
        "area_short_code": "ATL-SEC",
        "exact_area_name": "GWCC/CNN Center–Andrew Young International Boulevard approach",
        "analysis_radius_m": 300,
        "geometry_type": "glb_model",
        "length_m": 60,
        "width_m": 40,
        "height_m": 4,
        "bearing_deg": 199,
        "z_offset_m": 0.05,
        "color": "#F59E0B",
        "opacity": 0.55,
        "allocation_cents": 37500000,
        "render_enabled": "Yes",
        "design_description": "unified incident command and temporary sensor feeds",
        "implementation_status": "concept_only",
        "spatial_precision": "planning_anchor ±25–100 m",
        "evidence_class": "engineering_assumption",
        "source_url": "https://www.mercedesbenzstadium.com/stadium-maps"
      }
    },
    {
      "type": "Feature",
      "id": "atlanta-access-TMP",
      "geometry": {
        "type": "LineString",
        "coordinates": [
          [
            -84.4012595612076,
            33.759406983305844
          ],
          [
            -84.4038,
            33.7565
          ],
          [
            -84.40634026650758,
            33.75359296465965
          ]
        ]
      },
      "properties": {
        "project_id": "atlanta-access-TMP",
        "host_region_code": 1,
        "city_id": "atlanta",
        "host_region": "Atlanta",
        "category": "access",
        "category_name": "ADA/microtransit access",
        "phase": "temporary",
        "area_id": "atl-vine-city",
        "area_short_code": "ATL-VC",
        "exact_area_name": "Vine City Station–Northside Drive approach",
        "analysis_radius_m": 250,
        "geometry_type": "line_extrusion",
        "length_m": 800,
        "width_m": 3,
        "height_m": 0.1,
        "bearing_deg": 216,
        "z_offset_m": 0.05,
        "color": "#F59E0B",
        "opacity": 0.55,
        "allocation_cents": 0,
        "render_enabled": "No",
        "design_description": "accessible shuttles; temporary ramps and staffed assistance",
        "implementation_status": "concept_only",
        "spatial_precision": "planning_anchor ±25–100 m",
        "evidence_class": "engineering_assumption",
        "source_url": "https://www.itsmarta.com/Vine-City.aspx"
      }
    },
    {
      "type": "Feature",
      "id": "boston-service-TMP",
      "geometry": {
        "type": "LineString",
        "coordinates": [
          [
            -71.26739875182112,
            42.08532948339989
          ],
          [
            -71.2597,
            42.0889
          ],
          [
            -71.2520003815279,
            42.09247000197524
          ]
        ]
      },
      "properties": {
        "project_id": "boston-service-TMP",
        "host_region_code": 2,
        "city_id": "boston",
        "host_region": "Boston",
        "category": "service",
        "category_name": "Extra transit service",
        "phase": "temporary",
        "area_id": "bos-foxboro-station",
        "area_short_code": "BOS-FXR",
        "exact_area_name": "Foxboro Station platform and stadium underpass",
        "analysis_radius_m": 250,
        "geometry_type": "animated_route",
        "length_m": 1500,
        "width_m": 2,
        "height_m": 0.5,
        "bearing_deg": 58,
        "z_offset_m": 0.05,
        "color": "#F59E0B",
        "opacity": 0.55,
        "allocation_cents": 132000000,
        "render_enabled": "Yes",
        "design_description": "extra rail/bus vehicle-hours; standby operators; event timetable",
        "implementation_status": "concept_only",
        "spatial_precision": "planning_anchor ±25–100 m",
        "evidence_class": "engineering_assumption",
        "source_url": "https://www.mbta.com/stops/place-FB-0191"
      }
    },
    {
      "type": "Feature",
      "id": "boston-buslane-TMP",
      "geometry": {
        "type": "LineString",
        "coordinates": [
          [
            -71.28350767369217,
            42.08787846308249
          ],
          [
            -71.2648,
            42.0916
          ],
          [
            -71.24609013183053,
            42.09531849816066
          ]
        ]
      },
      "properties": {
        "project_id": "boston-buslane-TMP",
        "host_region_code": 2,
        "city_id": "boston",
        "host_region": "Boston",
        "category": "buslane",
        "category_name": "Transit-priority lanes",
        "phase": "temporary",
        "area_id": "bos-patriot-place-gate-a",
        "area_short_code": "BOS-GA",
        "exact_area_name": "Patriot Place north plaza and Gate A",
        "analysis_radius_m": 300,
        "geometry_type": "line_extrusion",
        "length_m": 3200,
        "width_m": 3.5,
        "height_m": 0.1,
        "bearing_deg": 75,
        "z_offset_m": 0.05,
        "color": "#F59E0B",
        "opacity": 0.55,
        "allocation_cents": 64800000,
        "render_enabled": "Yes",
        "design_description": "cone- and paint-defined bus lane with enforcement",
        "implementation_status": "concept_only",
        "spatial_precision": "planning_anchor ±25–100 m",
        "evidence_class": "engineering_assumption",
        "source_url": "https://www.gillettestadium.com/"
      }
    },
    {
      "type": "Feature",
      "id": "boston-signals-TMP",
      "geometry": {
        "type": "Point",
        "coordinates": [
          -71.2648,
          42.0916
        ]
      },
      "properties": {
        "project_id": "boston-signals-TMP",
        "host_region_code": 2,
        "city_id": "boston",
        "host_region": "Boston",
        "category": "signals",
        "category_name": "Signal timing plans",
        "phase": "temporary",
        "area_id": "bos-patriot-place-gate-a",
        "area_short_code": "BOS-GA",
        "exact_area_name": "Patriot Place north plaza and Gate A",
        "analysis_radius_m": 300,
        "geometry_type": "point_model",
        "length_m": 1,
        "width_m": 1,
        "height_m": 3,
        "bearing_deg": 92,
        "z_offset_m": 0.05,
        "color": "#F59E0B",
        "opacity": 0.55,
        "allocation_cents": 6750000,
        "render_enabled": "Yes",
        "design_description": "police/manual traffic control and temporary timing plan",
        "implementation_status": "concept_only",
        "spatial_precision": "planning_anchor ±25–100 m",
        "evidence_class": "engineering_assumption",
        "source_url": "https://www.gillettestadium.com/"
      }
    },
    {
      "type": "Feature",
      "id": "boston-hub-TMP",
      "geometry": {
        "type": "Polygon",
        "coordinates": [
          [
            [
              -71.26416669879423,
              42.091723202641944
            ],
            [
              -71.26440316755125,
              42.0912135783692
            ],
            [
              -71.26543330288384,
              42.09147679493345
            ],
            [
              -71.26519683314551,
              42.09198641920617
            ],
            [
              -71.26416669879423,
              42.091723202641944
            ]
          ]
        ]
      },
      "properties": {
        "project_id": "boston-hub-TMP",
        "host_region_code": 2,
        "city_id": "boston",
        "host_region": "Boston",
        "category": "hub",
        "category_name": "Hub-to-stadium shuttle package",
        "phase": "temporary",
        "area_id": "bos-patriot-place-gate-a",
        "area_short_code": "BOS-GA",
        "exact_area_name": "Patriot Place north plaza and Gate A",
        "analysis_radius_m": 300,
        "geometry_type": "polygon_extrusion",
        "length_m": 90,
        "width_m": 60,
        "height_m": 3,
        "bearing_deg": 109,
        "z_offset_m": 0.05,
        "color": "#F59E0B",
        "opacity": 0.55,
        "allocation_cents": 90000000,
        "render_enabled": "Yes",
        "design_description": "pop-up shuttle zone; temporary shelters and dispatch",
        "implementation_status": "concept_only",
        "spatial_precision": "planning_anchor ±25–100 m",
        "evidence_class": "engineering_assumption",
        "source_url": "https://www.gillettestadium.com/"
      }
    },
    {
      "type": "Feature",
      "id": "boston-parkride-TMP",
      "geometry": {
        "type": "Polygon",
        "coordinates": [
          [
            [
              -71.2631890660769,
              42.09156423985092
            ],
            [
              -71.2642563684356,
              42.090474111354204
            ],
            [
              -71.26641095425406,
              42.09163574760105
            ],
            [
              -71.2653436323487,
              42.09272587609776
            ],
            [
              -71.2631890660769,
              42.09156423985092
            ]
          ]
        ]
      },
      "properties": {
        "project_id": "boston-parkride-TMP",
        "host_region_code": 2,
        "city_id": "boston",
        "host_region": "Boston",
        "category": "parkride",
        "category_name": "Park-and-ride package",
        "phase": "temporary",
        "area_id": "bos-patriot-place-gate-a",
        "area_short_code": "BOS-GA",
        "exact_area_name": "Patriot Place north plaza and Gate A",
        "analysis_radius_m": 300,
        "geometry_type": "polygon_extrusion",
        "length_m": 220,
        "width_m": 150,
        "height_m": 0.2,
        "bearing_deg": 126,
        "z_offset_m": 0.05,
        "color": "#F59E0B",
        "opacity": 0.55,
        "allocation_cents": 22500000,
        "render_enabled": "Yes",
        "design_description": "leased intercept lots and temporary signing",
        "implementation_status": "concept_only",
        "spatial_precision": "planning_anchor ±25–100 m",
        "evidence_class": "engineering_assumption",
        "source_url": "https://www.gillettestadium.com/"
      }
    },
    {
      "type": "Feature",
      "id": "boston-ped-TMP",
      "geometry": {
        "type": "LineString",
        "coordinates": [
          [
            -71.26552848017752,
            42.09463926442621
          ],
          [
            -71.2597,
            42.0889
          ],
          [
            -71.2538725744112,
            42.08316044070194
          ]
        ]
      },
      "properties": {
        "project_id": "boston-ped-TMP",
        "host_region_code": 2,
        "city_id": "boston",
        "host_region": "Boston",
        "category": "ped",
        "category_name": "Protected pedestrian corridor",
        "phase": "temporary",
        "area_id": "bos-foxboro-station",
        "area_short_code": "BOS-FXR",
        "exact_area_name": "Foxboro Station platform and stadium underpass",
        "analysis_radius_m": 250,
        "geometry_type": "line_extrusion",
        "length_m": 1600,
        "width_m": 6,
        "height_m": 0.15,
        "bearing_deg": 143,
        "z_offset_m": 0.05,
        "color": "#F59E0B",
        "opacity": 0.55,
        "allocation_cents": 0,
        "render_enabled": "No",
        "design_description": "barricaded protected corridor; marshals and lighting",
        "implementation_status": "concept_only",
        "spatial_precision": "planning_anchor ±25–100 m",
        "evidence_class": "engineering_assumption",
        "source_url": "https://www.mbta.com/stops/place-FB-0191"
      }
    },
    {
      "type": "Feature",
      "id": "boston-bike-TMP",
      "geometry": {
        "type": "LineString",
        "coordinates": [
          [
            -71.26632562981591,
            42.10240605336473
          ],
          [
            -71.2597,
            42.0889
          ],
          [
            -71.25307719096273,
            42.07539356568293
          ]
        ]
      },
      "properties": {
        "project_id": "boston-bike-TMP",
        "host_region_code": 2,
        "city_id": "boston",
        "host_region": "Boston",
        "category": "bike",
        "category_name": "Protected bicycle access",
        "phase": "temporary",
        "area_id": "bos-foxboro-station",
        "area_short_code": "BOS-FXR",
        "exact_area_name": "Foxboro Station platform and stadium underpass",
        "analysis_radius_m": 250,
        "geometry_type": "line_extrusion",
        "length_m": 3200,
        "width_m": 3,
        "height_m": 0.1,
        "bearing_deg": 160,
        "z_offset_m": 0.05,
        "color": "#F59E0B",
        "opacity": 0.55,
        "allocation_cents": 0,
        "render_enabled": "No",
        "design_description": "pop-up protected lane and attended bike valet",
        "implementation_status": "concept_only",
        "spatial_precision": "planning_anchor ±25–100 m",
        "evidence_class": "engineering_assumption",
        "source_url": "https://www.mbta.com/stops/place-FB-0191"
      }
    },
    {
      "type": "Feature",
      "id": "boston-tnc-TMP",
      "geometry": {
        "type": "Polygon",
        "coordinates": [
          [
            [
              -71.26450582742088,
              42.09129659840834
            ],
            [
              -71.26504982412929,
              42.09127544202311
            ],
            [
              -71.26509417540078,
              42.09190340094507
            ],
            [
              -71.26455017330667,
              42.091924557330294
            ],
            [
              -71.26450582742088,
              42.09129659840834
            ]
          ]
        ]
      },
      "properties": {
        "project_id": "boston-tnc-TMP",
        "host_region_code": 2,
        "city_id": "boston",
        "host_region": "Boston",
        "category": "tnc",
        "category_name": "Managed rideshare hub",
        "phase": "temporary",
        "area_id": "bos-patriot-place-gate-a",
        "area_short_code": "BOS-GA",
        "exact_area_name": "Patriot Place north plaza and Gate A",
        "analysis_radius_m": 300,
        "geometry_type": "polygon_extrusion",
        "length_m": 70,
        "width_m": 45,
        "height_m": 0.2,
        "bearing_deg": 177,
        "z_offset_m": 0.05,
        "color": "#F59E0B",
        "opacity": 0.55,
        "allocation_cents": 40000000,
        "render_enabled": "Yes",
        "design_description": "staffed geofenced pickup with temporary lane control",
        "implementation_status": "concept_only",
        "spatial_precision": "planning_anchor ±25–100 m",
        "evidence_class": "engineering_assumption",
        "source_url": "https://www.gillettestadium.com/"
      }
    },
    {
      "type": "Feature",
      "id": "boston-wayfinding-TMP",
      "geometry": {
        "type": "Point",
        "coordinates": [
          -71.2597,
          42.0889
        ]
      },
      "properties": {
        "project_id": "boston-wayfinding-TMP",
        "host_region_code": 2,
        "city_id": "boston",
        "host_region": "Boston",
        "category": "wayfinding",
        "category_name": "Multilingual wayfinding",
        "phase": "temporary",
        "area_id": "bos-foxboro-station",
        "area_short_code": "BOS-FXR",
        "exact_area_name": "Foxboro Station platform and stadium underpass",
        "analysis_radius_m": 250,
        "geometry_type": "point_model",
        "length_m": 1,
        "width_m": 1,
        "height_m": 2.5,
        "bearing_deg": 194,
        "z_offset_m": 0.05,
        "color": "#F59E0B",
        "opacity": 0.55,
        "allocation_cents": 13500000,
        "render_enabled": "Yes",
        "design_description": "portable signs; digital messages; multilingual ambassadors",
        "implementation_status": "concept_only",
        "spatial_precision": "planning_anchor ±25–100 m",
        "evidence_class": "engineering_assumption",
        "source_url": "https://www.mbta.com/stops/place-FB-0191"
      }
    },
    {
      "type": "Feature",
      "id": "boston-station-TMP",
      "geometry": {
        "type": "Point",
        "coordinates": [
          -71.2597,
          42.0889
        ]
      },
      "properties": {
        "project_id": "boston-station-TMP",
        "host_region_code": 2,
        "city_id": "boston",
        "host_region": "Boston",
        "category": "station",
        "category_name": "Station-capacity package",
        "phase": "temporary",
        "area_id": "bos-foxboro-station",
        "area_short_code": "BOS-FXR",
        "exact_area_name": "Foxboro Station platform and stadium underpass",
        "analysis_radius_m": 250,
        "geometry_type": "glb_model",
        "length_m": 120,
        "width_m": 45,
        "height_m": 6,
        "bearing_deg": 211,
        "z_offset_m": 0.05,
        "color": "#F59E0B",
        "opacity": 0.55,
        "allocation_cents": 0,
        "render_enabled": "No",
        "design_description": "temporary gates; queue barriers; portable fare equipment",
        "implementation_status": "concept_only",
        "spatial_precision": "planning_anchor ±25–100 m",
        "evidence_class": "engineering_assumption",
        "source_url": "https://www.mbta.com/stops/place-FB-0191"
      }
    },
    {
      "type": "Feature",
      "id": "boston-toc-TMP",
      "geometry": {
        "type": "Point",
        "coordinates": [
          -71.2648,
          42.0916
        ]
      },
      "properties": {
        "project_id": "boston-toc-TMP",
        "host_region_code": 2,
        "city_id": "boston",
        "host_region": "Boston",
        "category": "toc",
        "category_name": "Integrated traffic operations",
        "phase": "temporary",
        "area_id": "bos-patriot-place-gate-a",
        "area_short_code": "BOS-GA",
        "exact_area_name": "Patriot Place north plaza and Gate A",
        "analysis_radius_m": 300,
        "geometry_type": "glb_model",
        "length_m": 60,
        "width_m": 40,
        "height_m": 4,
        "bearing_deg": 228,
        "z_offset_m": 0.05,
        "color": "#F59E0B",
        "opacity": 0.55,
        "allocation_cents": 37500000,
        "render_enabled": "Yes",
        "design_description": "unified incident command and temporary sensor feeds",
        "implementation_status": "concept_only",
        "spatial_precision": "planning_anchor ±25–100 m",
        "evidence_class": "engineering_assumption",
        "source_url": "https://www.gillettestadium.com/"
      }
    },
    {
      "type": "Feature",
      "id": "boston-access-TMP",
      "geometry": {
        "type": "LineString",
        "coordinates": [
          [
            -71.25531157060867,
            42.09041849417989
          ],
          [
            -71.2597,
            42.0889
          ],
          [
            -71.26408821928676,
            42.087381338634565
          ]
        ]
      },
      "properties": {
        "project_id": "boston-access-TMP",
        "host_region_code": 2,
        "city_id": "boston",
        "host_region": "Boston",
        "category": "access",
        "category_name": "ADA/microtransit access",
        "phase": "temporary",
        "area_id": "bos-foxboro-station",
        "area_short_code": "BOS-FXR",
        "exact_area_name": "Foxboro Station platform and stadium underpass",
        "analysis_radius_m": 250,
        "geometry_type": "line_extrusion",
        "length_m": 800,
        "width_m": 3,
        "height_m": 0.1,
        "bearing_deg": 245,
        "z_offset_m": 0.05,
        "color": "#F59E0B",
        "opacity": 0.55,
        "allocation_cents": 0,
        "render_enabled": "No",
        "design_description": "accessible shuttles; temporary ramps and staffed assistance",
        "implementation_status": "concept_only",
        "spatial_precision": "planning_anchor ±25–100 m",
        "evidence_class": "engineering_assumption",
        "source_url": "https://www.mbta.com/stops/place-FB-0191"
      }
    },
    {
      "type": "Feature",
      "id": "dallas-service-TMP",
      "geometry": {
        "type": "LineString",
        "coordinates": [
          [
            -97.0988995647653,
            32.74754713950631
          ],
          [
            -97.0909,
            32.7479
          ],
          [
            -97.08290037190734,
            32.74825235234371
          ]
        ]
      },
      "properties": {
        "project_id": "dallas-service-TMP",
        "host_region_code": 3,
        "city_id": "dallas",
        "host_region": "Dallas",
        "category": "service",
        "category_name": "Extra transit service",
        "phase": "temporary",
        "area_id": "dal-att-way-east-plaza",
        "area_short_code": "DAL-EPL",
        "exact_area_name": "AT&T Way east plaza approach",
        "analysis_radius_m": 300,
        "geometry_type": "animated_route",
        "length_m": 1500,
        "width_m": 2,
        "height_m": 0.5,
        "bearing_deg": 87,
        "z_offset_m": 0.05,
        "color": "#F59E0B",
        "opacity": 0.55,
        "allocation_cents": 176000000,
        "render_enabled": "Yes",
        "design_description": "extra rail/bus vehicle-hours; standby operators; event timetable",
        "implementation_status": "concept_only",
        "spatial_precision": "planning_anchor ±25–100 m",
        "evidence_class": "engineering_assumption",
        "source_url": "https://attstadium.com/stadium-info/parking/"
      }
    },
    {
      "type": "Feature",
      "id": "dallas-buslane-TMP",
      "geometry": {
        "type": "LineString",
        "coordinates": [
          [
            -97.10808275271128,
            32.75407606235369
          ],
          [
            -97.0915,
            32.7506
          ],
          [
            -97.07491854190658,
            32.74712175414342
          ]
        ]
      },
      "properties": {
        "project_id": "dallas-buslane-TMP",
        "host_region_code": 3,
        "city_id": "dallas",
        "host_region": "Dallas",
        "category": "buslane",
        "category_name": "Transit-priority lanes",
        "phase": "temporary",
        "area_id": "dal-miller-litehouse",
        "area_short_code": "DAL-MLH",
        "exact_area_name": "Miller LiteHouse pickup at North Collins Street and Cowboys Way",
        "analysis_radius_m": 350,
        "geometry_type": "line_extrusion",
        "length_m": 3200,
        "width_m": 3.5,
        "height_m": 0.1,
        "bearing_deg": 104,
        "z_offset_m": 0.05,
        "color": "#F59E0B",
        "opacity": 0.55,
        "allocation_cents": 64800000,
        "render_enabled": "Yes",
        "design_description": "cone- and paint-defined bus lane with enforcement",
        "implementation_status": "concept_only",
        "spatial_precision": "planning_anchor ±25–100 m",
        "evidence_class": "engineering_assumption",
        "source_url": "https://attstadium.com/stadium-info/parking/"
      }
    },
    {
      "type": "Feature",
      "id": "dallas-signals-TMP",
      "geometry": {
        "type": "Point",
        "coordinates": [
          -97.0915,
          32.7506
        ]
      },
      "properties": {
        "project_id": "dallas-signals-TMP",
        "host_region_code": 3,
        "city_id": "dallas",
        "host_region": "Dallas",
        "category": "signals",
        "category_name": "Signal timing plans",
        "phase": "temporary",
        "area_id": "dal-miller-litehouse",
        "area_short_code": "DAL-MLH",
        "exact_area_name": "Miller LiteHouse pickup at North Collins Street and Cowboys Way",
        "analysis_radius_m": 350,
        "geometry_type": "point_model",
        "length_m": 1,
        "width_m": 1,
        "height_m": 3,
        "bearing_deg": 121,
        "z_offset_m": 0.05,
        "color": "#F59E0B",
        "opacity": 0.55,
        "allocation_cents": 9000000,
        "render_enabled": "Yes",
        "design_description": "police/manual traffic control and temporary timing plan",
        "implementation_status": "concept_only",
        "spatial_precision": "planning_anchor ±25–100 m",
        "evidence_class": "engineering_assumption",
        "source_url": "https://attstadium.com/stadium-info/parking/"
      }
    },
    {
      "type": "Feature",
      "id": "dallas-hub-TMP",
      "geometry": {
        "type": "Polygon",
        "coordinates": [
          [
            [
              -97.09094025651503,
              32.75047991617962
            ],
            [
              -97.09141651071252,
              32.75011926202916
            ],
            [
              -97.0920597462964,
              32.75072008254869
            ],
            [
              -97.09158348888649,
              32.751080736699144
            ],
            [
              -97.09094025651503,
              32.75047991617962
            ]
          ]
        ]
      },
      "properties": {
        "project_id": "dallas-hub-TMP",
        "host_region_code": 3,
        "city_id": "dallas",
        "host_region": "Dallas",
        "category": "hub",
        "category_name": "Hub-to-stadium shuttle package",
        "phase": "temporary",
        "area_id": "dal-miller-litehouse",
        "area_short_code": "DAL-MLH",
        "exact_area_name": "Miller LiteHouse pickup at North Collins Street and Cowboys Way",
        "analysis_radius_m": 350,
        "geometry_type": "polygon_extrusion",
        "length_m": 90,
        "width_m": 60,
        "height_m": 3,
        "bearing_deg": 138,
        "z_offset_m": 0.05,
        "color": "#F59E0B",
        "opacity": 0.55,
        "allocation_cents": 90000000,
        "render_enabled": "Yes",
        "design_description": "pop-up shuttle zone; temporary shelters and dispatch",
        "implementation_status": "concept_only",
        "spatial_precision": "planning_anchor ±25–100 m",
        "evidence_class": "engineering_assumption",
        "source_url": "https://attstadium.com/stadium-info/parking/"
      }
    },
    {
      "type": "Feature",
      "id": "dallas-parkride-TMP",
      "geometry": {
        "type": "Polygon",
        "coordinates": [
          [
            [
              -97.09027744074253,
              32.7499891651102
            ],
            [
              -97.09172947939334,
              32.74941969844443
            ],
            [
              -97.09272257919966,
              32.7512108287461
            ],
            [
              -97.09127051135056,
              32.75178029541188
            ],
            [
              -97.09027744074253,
              32.7499891651102
            ]
          ]
        ]
      },
      "properties": {
        "project_id": "dallas-parkride-TMP",
        "host_region_code": 3,
        "city_id": "dallas",
        "host_region": "Dallas",
        "category": "parkride",
        "category_name": "Park-and-ride package",
        "phase": "temporary",
        "area_id": "dal-miller-litehouse",
        "area_short_code": "DAL-MLH",
        "exact_area_name": "Miller LiteHouse pickup at North Collins Street and Cowboys Way",
        "analysis_radius_m": 350,
        "geometry_type": "polygon_extrusion",
        "length_m": 220,
        "width_m": 150,
        "height_m": 0.2,
        "bearing_deg": 155,
        "z_offset_m": 0.05,
        "color": "#F59E0B",
        "opacity": 0.55,
        "allocation_cents": 45000000,
        "render_enabled": "Yes",
        "design_description": "leased intercept lots and temporary signing",
        "implementation_status": "concept_only",
        "spatial_precision": "planning_anchor ±25–100 m",
        "evidence_class": "engineering_assumption",
        "source_url": "https://attstadium.com/stadium-info/parking/"
      }
    },
    {
      "type": "Feature",
      "id": "dallas-ped-TMP",
      "geometry": {
        "type": "LineString",
        "coordinates": [
          [
            -97.09208927529671,
            32.75501657791678
          ],
          [
            -97.0909,
            32.7479
          ],
          [
            -97.08971091470269,
            32.74078341085398
          ]
        ]
      },
      "properties": {
        "project_id": "dallas-ped-TMP",
        "host_region_code": 3,
        "city_id": "dallas",
        "host_region": "Dallas",
        "category": "ped",
        "category_name": "Protected pedestrian corridor",
        "phase": "temporary",
        "area_id": "dal-att-way-east-plaza",
        "area_short_code": "DAL-EPL",
        "exact_area_name": "AT&T Way east plaza approach",
        "analysis_radius_m": 300,
        "geometry_type": "line_extrusion",
        "length_m": 1600,
        "width_m": 6,
        "height_m": 0.15,
        "bearing_deg": 172,
        "z_offset_m": 0.05,
        "color": "#F59E0B",
        "opacity": 0.55,
        "allocation_cents": 0,
        "render_enabled": "No",
        "design_description": "barricaded protected corridor; marshals and lighting",
        "implementation_status": "concept_only",
        "spatial_precision": "planning_anchor ±25–100 m",
        "evidence_class": "engineering_assumption",
        "source_url": "https://attstadium.com/stadium-info/parking/"
      }
    },
    {
      "type": "Feature",
      "id": "dallas-bike-TMP",
      "geometry": {
        "type": "LineString",
        "coordinates": [
          [
            -97.08822622994386,
            32.76209606013372
          ],
          [
            -97.0909,
            32.7479
          ],
          [
            -97.09357291802284,
            32.73370388311635
          ]
        ]
      },
      "properties": {
        "project_id": "dallas-bike-TMP",
        "host_region_code": 3,
        "city_id": "dallas",
        "host_region": "Dallas",
        "category": "bike",
        "category_name": "Protected bicycle access",
        "phase": "temporary",
        "area_id": "dal-att-way-east-plaza",
        "area_short_code": "DAL-EPL",
        "exact_area_name": "AT&T Way east plaza approach",
        "analysis_radius_m": 300,
        "geometry_type": "line_extrusion",
        "length_m": 3200,
        "width_m": 3,
        "height_m": 0.1,
        "bearing_deg": 189,
        "z_offset_m": 0.05,
        "color": "#F59E0B",
        "opacity": 0.55,
        "allocation_cents": 0,
        "render_enabled": "No",
        "design_description": "pop-up protected lane and attended bike valet",
        "implementation_status": "concept_only",
        "spatial_precision": "planning_anchor ±25–100 m",
        "evidence_class": "engineering_assumption",
        "source_url": "https://attstadium.com/stadium-info/parking/"
      }
    },
    {
      "type": "Feature",
      "id": "dallas-tnc-TMP",
      "geometry": {
        "type": "Polygon",
        "coordinates": [
          [
            [
              -97.09144787798675,
              32.75022880557016
            ],
            [
              -97.09187988111877,
              32.75040601354573
            ],
            [
              -97.09155212277372,
              32.75097119384606
            ],
            [
              -97.09112011690061,
              32.750793985870494
            ],
            [
              -97.09144787798675,
              32.75022880557016
            ]
          ]
        ]
      },
      "properties": {
        "project_id": "dallas-tnc-TMP",
        "host_region_code": 3,
        "city_id": "dallas",
        "host_region": "Dallas",
        "category": "tnc",
        "category_name": "Managed rideshare hub",
        "phase": "temporary",
        "area_id": "dal-miller-litehouse",
        "area_short_code": "DAL-MLH",
        "exact_area_name": "Miller LiteHouse pickup at North Collins Street and Cowboys Way",
        "analysis_radius_m": 350,
        "geometry_type": "polygon_extrusion",
        "length_m": 70,
        "width_m": 45,
        "height_m": 0.2,
        "bearing_deg": 206,
        "z_offset_m": 0.05,
        "color": "#F59E0B",
        "opacity": 0.55,
        "allocation_cents": 60000000,
        "render_enabled": "Yes",
        "design_description": "staffed geofenced pickup with temporary lane control",
        "implementation_status": "concept_only",
        "spatial_precision": "planning_anchor ±25–100 m",
        "evidence_class": "engineering_assumption",
        "source_url": "https://attstadium.com/stadium-info/parking/"
      }
    },
    {
      "type": "Feature",
      "id": "dallas-wayfinding-TMP",
      "geometry": {
        "type": "Point",
        "coordinates": [
          -97.0909,
          32.7479
        ]
      },
      "properties": {
        "project_id": "dallas-wayfinding-TMP",
        "host_region_code": 3,
        "city_id": "dallas",
        "host_region": "Dallas",
        "category": "wayfinding",
        "category_name": "Multilingual wayfinding",
        "phase": "temporary",
        "area_id": "dal-att-way-east-plaza",
        "area_short_code": "DAL-EPL",
        "exact_area_name": "AT&T Way east plaza approach",
        "analysis_radius_m": 300,
        "geometry_type": "point_model",
        "length_m": 1,
        "width_m": 1,
        "height_m": 2.5,
        "bearing_deg": 223,
        "z_offset_m": 0.05,
        "color": "#F59E0B",
        "opacity": 0.55,
        "allocation_cents": 0,
        "render_enabled": "No",
        "design_description": "portable signs; digital messages; multilingual ambassadors",
        "implementation_status": "concept_only",
        "spatial_precision": "planning_anchor ±25–100 m",
        "evidence_class": "engineering_assumption",
        "source_url": "https://attstadium.com/stadium-info/parking/"
      }
    },
    {
      "type": "Feature",
      "id": "dallas-station-TMP",
      "geometry": {
        "type": "Point",
        "coordinates": [
          -97.0909,
          32.7479
        ]
      },
      "properties": {
        "project_id": "dallas-station-TMP",
        "host_region_code": 3,
        "city_id": "dallas",
        "host_region": "Dallas",
        "category": "station",
        "category_name": "Station-capacity package",
        "phase": "temporary",
        "area_id": "dal-att-way-east-plaza",
        "area_short_code": "DAL-EPL",
        "exact_area_name": "AT&T Way east plaza approach",
        "analysis_radius_m": 300,
        "geometry_type": "glb_model",
        "length_m": 120,
        "width_m": 45,
        "height_m": 6,
        "bearing_deg": 240,
        "z_offset_m": 0.05,
        "color": "#F59E0B",
        "opacity": 0.55,
        "allocation_cents": 0,
        "render_enabled": "No",
        "design_description": "temporary gates; queue barriers; portable fare equipment",
        "implementation_status": "concept_only",
        "spatial_precision": "planning_anchor ±25–100 m",
        "evidence_class": "engineering_assumption",
        "source_url": "https://attstadium.com/stadium-info/parking/"
      }
    },
    {
      "type": "Feature",
      "id": "dallas-toc-TMP",
      "geometry": {
        "type": "Point",
        "coordinates": [
          -97.0915,
          32.7506
        ]
      },
      "properties": {
        "project_id": "dallas-toc-TMP",
        "host_region_code": 3,
        "city_id": "dallas",
        "host_region": "Dallas",
        "category": "toc",
        "category_name": "Integrated traffic operations",
        "phase": "temporary",
        "area_id": "dal-miller-litehouse",
        "area_short_code": "DAL-MLH",
        "exact_area_name": "Miller LiteHouse pickup at North Collins Street and Cowboys Way",
        "analysis_radius_m": 350,
        "geometry_type": "glb_model",
        "length_m": 60,
        "width_m": 40,
        "height_m": 4,
        "bearing_deg": 257,
        "z_offset_m": 0.05,
        "color": "#F59E0B",
        "opacity": 0.55,
        "allocation_cents": 37500000,
        "render_enabled": "Yes",
        "design_description": "unified incident command and temporary sensor feeds",
        "implementation_status": "concept_only",
        "spatial_precision": "planning_anchor ±25–100 m",
        "evidence_class": "engineering_assumption",
        "source_url": "https://attstadium.com/stadium-info/parking/"
      }
    },
    {
      "type": "Feature",
      "id": "dallas-access-TMP",
      "geometry": {
        "type": "LineString",
        "coordinates": [
          [
            -97.08663811263344,
            32.747649274658166
          ],
          [
            -97.0909,
            32.7479
          ],
          [
            -97.0951619113499,
            32.74815058110967
          ]
        ]
      },
      "properties": {
        "project_id": "dallas-access-TMP",
        "host_region_code": 3,
        "city_id": "dallas",
        "host_region": "Dallas",
        "category": "access",
        "category_name": "ADA/microtransit access",
        "phase": "temporary",
        "area_id": "dal-att-way-east-plaza",
        "area_short_code": "DAL-EPL",
        "exact_area_name": "AT&T Way east plaza approach",
        "analysis_radius_m": 300,
        "geometry_type": "line_extrusion",
        "length_m": 800,
        "width_m": 3,
        "height_m": 0.1,
        "bearing_deg": 274,
        "z_offset_m": 0.05,
        "color": "#F59E0B",
        "opacity": 0.55,
        "allocation_cents": 0,
        "render_enabled": "No",
        "design_description": "accessible shuttles; temporary ramps and staffed assistance",
        "implementation_status": "concept_only",
        "spatial_precision": "planning_anchor ±25–100 m",
        "evidence_class": "engineering_assumption",
        "source_url": "https://attstadium.com/stadium-info/parking/"
      }
    },
    {
      "type": "Feature",
      "id": "houston-service-TMP",
      "geometry": {
        "type": "LineString",
        "coordinates": [
          [
            -95.41397049228449,
            29.688153283834367
          ],
          [
            -95.407,
            29.6852
          ],
          [
            -95.40002991735443,
            29.68224635133692
          ]
        ]
      },
      "properties": {
        "project_id": "houston-service-TMP",
        "host_region_code": 4,
        "city_id": "houston",
        "host_region": "Houston",
        "category": "service",
        "category_name": "Extra transit service",
        "phase": "temporary",
        "area_id": "hou-stadium-park-astrodome",
        "area_short_code": "HOU-SPA",
        "exact_area_name": "Stadium Park/Astrodome Station–Fannin Street approach",
        "analysis_radius_m": 250,
        "geometry_type": "animated_route",
        "length_m": 1500,
        "width_m": 2,
        "height_m": 0.5,
        "bearing_deg": 116,
        "z_offset_m": 0.05,
        "color": "#F59E0B",
        "opacity": 0.55,
        "allocation_cents": 88000000,
        "render_enabled": "Yes",
        "design_description": "extra rail/bus vehicle-hours; standby operators; event timetable",
        "implementation_status": "concept_only",
        "spatial_precision": "planning_anchor ±25–100 m",
        "evidence_class": "engineering_assumption",
        "source_url": "https://www.ridemetro.org/riding-metro/houston-attractions/reliant-park"
      }
    },
    {
      "type": "Feature",
      "id": "houston-buslane-TMP",
      "geometry": {
        "type": "LineString",
        "coordinates": [
          [
            -95.42620086599399,
            29.694401843032857
          ],
          [
            -95.4141,
            29.6846
          ],
          [
            -95.40200149401761,
            29.674797057631217
          ]
        ]
      },
      "properties": {
        "project_id": "houston-buslane-TMP",
        "host_region_code": 4,
        "city_id": "houston",
        "host_region": "Houston",
        "category": "buslane",
        "category_name": "Transit-priority lanes",
        "phase": "temporary",
        "area_id": "hou-kirby-nrg",
        "area_short_code": "HOU-KIR",
        "exact_area_name": "Kirby Drive and NRG Parkway west gate",
        "analysis_radius_m": 300,
        "geometry_type": "line_extrusion",
        "length_m": 3200,
        "width_m": 3.5,
        "height_m": 0.1,
        "bearing_deg": 133,
        "z_offset_m": 0.05,
        "color": "#F59E0B",
        "opacity": 0.55,
        "allocation_cents": 64800000,
        "render_enabled": "Yes",
        "design_description": "cone- and paint-defined bus lane with enforcement",
        "implementation_status": "concept_only",
        "spatial_precision": "planning_anchor ±25–100 m",
        "evidence_class": "engineering_assumption",
        "source_url": "https://www.reliantpark.com/maps/"
      }
    },
    {
      "type": "Feature",
      "id": "houston-signals-TMP",
      "geometry": {
        "type": "Point",
        "coordinates": [
          -95.4141,
          29.6846
        ]
      },
      "properties": {
        "project_id": "houston-signals-TMP",
        "host_region_code": 4,
        "city_id": "houston",
        "host_region": "Houston",
        "category": "signals",
        "category_name": "Signal timing plans",
        "phase": "temporary",
        "area_id": "hou-kirby-nrg",
        "area_short_code": "HOU-KIR",
        "exact_area_name": "Kirby Drive and NRG Parkway west gate",
        "analysis_radius_m": 300,
        "geometry_type": "point_model",
        "length_m": 1,
        "width_m": 1,
        "height_m": 3,
        "bearing_deg": 150,
        "z_offset_m": 0.05,
        "color": "#F59E0B",
        "opacity": 0.55,
        "allocation_cents": 9000000,
        "render_enabled": "Yes",
        "design_description": "police/manual traffic control and temporary timing plan",
        "implementation_status": "concept_only",
        "spatial_precision": "planning_anchor ±25–100 m",
        "evidence_class": "engineering_assumption",
        "source_url": "https://www.reliantpark.com/maps/"
      }
    },
    {
      "type": "Feature",
      "id": "houston-hub-TMP",
      "geometry": {
        "type": "Polygon",
        "coordinates": [
          [
            [
              -95.41369307637,
              29.68426674152225
            ],
            [
              -95.4142975816906,
              29.68414549534007
            ],
            [
              -95.41450692645469,
              29.68493325770948
            ],
            [
              -95.4139024163963,
              29.68505450389166
            ],
            [
              -95.41369307637,
              29.68426674152225
            ]
          ]
        ]
      },
      "properties": {
        "project_id": "houston-hub-TMP",
        "host_region_code": 4,
        "city_id": "houston",
        "host_region": "Houston",
        "category": "hub",
        "category_name": "Hub-to-stadium shuttle package",
        "phase": "temporary",
        "area_id": "hou-kirby-nrg",
        "area_short_code": "HOU-KIR",
        "exact_area_name": "Kirby Drive and NRG Parkway west gate",
        "analysis_radius_m": 300,
        "geometry_type": "polygon_extrusion",
        "length_m": 90,
        "width_m": 60,
        "height_m": 3,
        "bearing_deg": 167,
        "z_offset_m": 0.05,
        "color": "#F59E0B",
        "opacity": 0.55,
        "allocation_cents": 60000000,
        "render_enabled": "Yes",
        "design_description": "pop-up shuttle zone; temporary shelters and dispatch",
        "implementation_status": "concept_only",
        "spatial_precision": "planning_anchor ±25–100 m",
        "evidence_class": "engineering_assumption",
        "source_url": "https://www.reliantpark.com/maps/"
      }
    },
    {
      "type": "Feature",
      "id": "houston-parkride-TMP",
      "geometry": {
        "type": "Polygon",
        "coordinates": [
          [
            [
              -95.41340572749894,
              29.683567260512962
            ],
            [
              -95.4149529559264,
              29.683661255472753
            ],
            [
              -95.41479428684227,
              29.6856327349457
            ],
            [
              -95.41324702806689,
              29.68553873998591
            ],
            [
              -95.41340572749894,
              29.683567260512962
            ]
          ]
        ]
      },
      "properties": {
        "project_id": "houston-parkride-TMP",
        "host_region_code": 4,
        "city_id": "houston",
        "host_region": "Houston",
        "category": "parkride",
        "category_name": "Park-and-ride package",
        "phase": "temporary",
        "area_id": "hou-kirby-nrg",
        "area_short_code": "HOU-KIR",
        "exact_area_name": "Kirby Drive and NRG Parkway west gate",
        "analysis_radius_m": 300,
        "geometry_type": "polygon_extrusion",
        "length_m": 220,
        "width_m": 150,
        "height_m": 0.2,
        "bearing_deg": 184,
        "z_offset_m": 0.05,
        "color": "#F59E0B",
        "opacity": 0.55,
        "allocation_cents": 22500000,
        "render_enabled": "Yes",
        "design_description": "leased intercept lots and temporary signing",
        "implementation_status": "concept_only",
        "spatial_precision": "planning_anchor ±25–100 m",
        "evidence_class": "engineering_assumption",
        "source_url": "https://www.reliantpark.com/maps/"
      }
    },
    {
      "type": "Feature",
      "id": "houston-ped-TMP",
      "geometry": {
        "type": "LineString",
        "coordinates": [
          [
            -95.40403532302683,
            29.691909163528674
          ],
          [
            -95.407,
            29.6852
          ],
          [
            -95.40996428120813,
            29.67849077048036
          ]
        ]
      },
      "properties": {
        "project_id": "houston-ped-TMP",
        "host_region_code": 4,
        "city_id": "houston",
        "host_region": "Houston",
        "category": "ped",
        "category_name": "Protected pedestrian corridor",
        "phase": "temporary",
        "area_id": "hou-stadium-park-astrodome",
        "area_short_code": "HOU-SPA",
        "exact_area_name": "Stadium Park/Astrodome Station–Fannin Street approach",
        "analysis_radius_m": 250,
        "geometry_type": "line_extrusion",
        "length_m": 1600,
        "width_m": 6,
        "height_m": 0.15,
        "bearing_deg": 201,
        "z_offset_m": 0.05,
        "color": "#F59E0B",
        "opacity": 0.55,
        "allocation_cents": 0,
        "render_enabled": "No",
        "design_description": "barricaded protected corridor; marshals and lighting",
        "implementation_status": "concept_only",
        "spatial_precision": "planning_anchor ±25–100 m",
        "evidence_class": "engineering_assumption",
        "source_url": "https://www.ridemetro.org/riding-metro/houston-attractions/reliant-park"
      }
    },
    {
      "type": "Feature",
      "id": "houston-bike-TMP",
      "geometry": {
        "type": "LineString",
        "coordinates": [
          [
            -95.39681314448617,
            29.696525724046108
          ],
          [
            -95.407,
            29.6852
          ],
          [
            -95.41718455994334,
            29.673873496895457
          ]
        ]
      },
      "properties": {
        "project_id": "houston-bike-TMP",
        "host_region_code": 4,
        "city_id": "houston",
        "host_region": "Houston",
        "category": "bike",
        "category_name": "Protected bicycle access",
        "phase": "temporary",
        "area_id": "hou-stadium-park-astrodome",
        "area_short_code": "HOU-SPA",
        "exact_area_name": "Stadium Park/Astrodome Station–Fannin Street approach",
        "analysis_radius_m": 250,
        "geometry_type": "line_extrusion",
        "length_m": 3200,
        "width_m": 3,
        "height_m": 0.1,
        "bearing_deg": 218,
        "z_offset_m": 0.05,
        "color": "#F59E0B",
        "opacity": 0.55,
        "allocation_cents": 0,
        "render_enabled": "No",
        "design_description": "pop-up protected lane and attended bike valet",
        "implementation_status": "concept_only",
        "spatial_precision": "planning_anchor ±25–100 m",
        "evidence_class": "engineering_assumption",
        "source_url": "https://www.ridemetro.org/riding-metro/houston-attractions/reliant-park"
      }
    },
    {
      "type": "Feature",
      "id": "houston-tnc-TMP",
      "geometry": {
        "type": "Polygon",
        "coordinates": [
          [
            [
              -95.41426301078671,
              29.684254093455078
            ],
            [
              -95.414529899177,
              29.68458522901571
            ],
            [
              -95.41393698906799,
              29.684945905751274
            ],
            [
              -95.41367009972001,
              29.68461477019065
            ],
            [
              -95.41426301078671,
              29.684254093455078
            ]
          ]
        ]
      },
      "properties": {
        "project_id": "houston-tnc-TMP",
        "host_region_code": 4,
        "city_id": "houston",
        "host_region": "Houston",
        "category": "tnc",
        "category_name": "Managed rideshare hub",
        "phase": "temporary",
        "area_id": "hou-kirby-nrg",
        "area_short_code": "HOU-KIR",
        "exact_area_name": "Kirby Drive and NRG Parkway west gate",
        "analysis_radius_m": 300,
        "geometry_type": "polygon_extrusion",
        "length_m": 70,
        "width_m": 45,
        "height_m": 0.2,
        "bearing_deg": 235,
        "z_offset_m": 0.05,
        "color": "#F59E0B",
        "opacity": 0.55,
        "allocation_cents": 40000000,
        "render_enabled": "Yes",
        "design_description": "staffed geofenced pickup with temporary lane control",
        "implementation_status": "concept_only",
        "spatial_precision": "planning_anchor ±25–100 m",
        "evidence_class": "engineering_assumption",
        "source_url": "https://www.reliantpark.com/maps/"
      }
    },
    {
      "type": "Feature",
      "id": "houston-wayfinding-TMP",
      "geometry": {
        "type": "Point",
        "coordinates": [
          -95.407,
          29.6852
        ]
      },
      "properties": {
        "project_id": "houston-wayfinding-TMP",
        "host_region_code": 4,
        "city_id": "houston",
        "host_region": "Houston",
        "category": "wayfinding",
        "category_name": "Multilingual wayfinding",
        "phase": "temporary",
        "area_id": "hou-stadium-park-astrodome",
        "area_short_code": "HOU-SPA",
        "exact_area_name": "Stadium Park/Astrodome Station–Fannin Street approach",
        "analysis_radius_m": 250,
        "geometry_type": "point_model",
        "length_m": 1,
        "width_m": 1,
        "height_m": 2.5,
        "bearing_deg": 252,
        "z_offset_m": 0.05,
        "color": "#F59E0B",
        "opacity": 0.55,
        "allocation_cents": 27000000,
        "render_enabled": "Yes",
        "design_description": "portable signs; digital messages; multilingual ambassadors",
        "implementation_status": "concept_only",
        "spatial_precision": "planning_anchor ±25–100 m",
        "evidence_class": "engineering_assumption",
        "source_url": "https://www.ridemetro.org/riding-metro/houston-attractions/reliant-park"
      }
    },
    {
      "type": "Feature",
      "id": "houston-station-TMP",
      "geometry": {
        "type": "Point",
        "coordinates": [
          -95.407,
          29.6852
        ]
      },
      "properties": {
        "project_id": "houston-station-TMP",
        "host_region_code": 4,
        "city_id": "houston",
        "host_region": "Houston",
        "category": "station",
        "category_name": "Station-capacity package",
        "phase": "temporary",
        "area_id": "hou-stadium-park-astrodome",
        "area_short_code": "HOU-SPA",
        "exact_area_name": "Stadium Park/Astrodome Station–Fannin Street approach",
        "analysis_radius_m": 250,
        "geometry_type": "glb_model",
        "length_m": 120,
        "width_m": 45,
        "height_m": 6,
        "bearing_deg": 269,
        "z_offset_m": 0.05,
        "color": "#F59E0B",
        "opacity": 0.55,
        "allocation_cents": 25000000,
        "render_enabled": "Yes",
        "design_description": "temporary gates; queue barriers; portable fare equipment",
        "implementation_status": "concept_only",
        "spatial_precision": "planning_anchor ±25–100 m",
        "evidence_class": "engineering_assumption",
        "source_url": "https://www.ridemetro.org/riding-metro/houston-attractions/reliant-park"
      }
    },
    {
      "type": "Feature",
      "id": "houston-toc-TMP",
      "geometry": {
        "type": "Point",
        "coordinates": [
          -95.4141,
          29.6846
        ]
      },
      "properties": {
        "project_id": "houston-toc-TMP",
        "host_region_code": 4,
        "city_id": "houston",
        "host_region": "Houston",
        "category": "toc",
        "category_name": "Integrated traffic operations",
        "phase": "temporary",
        "area_id": "hou-kirby-nrg",
        "area_short_code": "HOU-KIR",
        "exact_area_name": "Kirby Drive and NRG Parkway west gate",
        "analysis_radius_m": 300,
        "geometry_type": "glb_model",
        "length_m": 60,
        "width_m": 40,
        "height_m": 4,
        "bearing_deg": 286,
        "z_offset_m": 0.05,
        "color": "#F59E0B",
        "opacity": 0.55,
        "allocation_cents": 37500000,
        "render_enabled": "Yes",
        "design_description": "unified incident command and temporary sensor feeds",
        "implementation_status": "concept_only",
        "spatial_precision": "planning_anchor ±25–100 m",
        "evidence_class": "engineering_assumption",
        "source_url": "https://www.reliantpark.com/maps/"
      }
    },
    {
      "type": "Feature",
      "id": "houston-access-TMP",
      "geometry": {
        "type": "LineString",
        "coordinates": [
          [
            -95.4035312565813,
            29.68324292454669
          ],
          [
            -95.407,
            29.6852
          ],
          [
            -95.41046887850045,
            29.687156985098987
          ]
        ]
      },
      "properties": {
        "project_id": "houston-access-TMP",
        "host_region_code": 4,
        "city_id": "houston",
        "host_region": "Houston",
        "category": "access",
        "category_name": "ADA/microtransit access",
        "phase": "temporary",
        "area_id": "hou-stadium-park-astrodome",
        "area_short_code": "HOU-SPA",
        "exact_area_name": "Stadium Park/Astrodome Station–Fannin Street approach",
        "analysis_radius_m": 250,
        "geometry_type": "line_extrusion",
        "length_m": 800,
        "width_m": 3,
        "height_m": 0.1,
        "bearing_deg": 303,
        "z_offset_m": 0.05,
        "color": "#F59E0B",
        "opacity": 0.55,
        "allocation_cents": 0,
        "render_enabled": "No",
        "design_description": "accessible shuttles; temporary ramps and staffed assistance",
        "implementation_status": "concept_only",
        "spatial_precision": "planning_anchor ±25–100 m",
        "evidence_class": "engineering_assumption",
        "source_url": "https://www.ridemetro.org/riding-metro/houston-attractions/reliant-park"
      }
    },
    {
      "type": "Feature",
      "id": "kansas-city-service-TMP",
      "geometry": {
        "type": "LineString",
        "coordinates": [
          [
            -94.48557624826782,
            39.052618820289766
          ],
          [
            -94.4806,
            39.0471
          ],
          [
            -94.47562452928358,
            39.041580968293616
          ]
        ]
      },
      "properties": {
        "project_id": "kansas-city-service-TMP",
        "host_region_code": 5,
        "city_id": "kansas-city",
        "host_region": "Kansas City",
        "category": "service",
        "category_name": "Extra transit service",
        "phase": "temporary",
        "area_id": "kc-blue-ridge-gate3",
        "area_short_code": "KC-BRC",
        "exact_area_name": "Blue Ridge Cutoff Gate 3 and bus zone",
        "analysis_radius_m": 350,
        "geometry_type": "animated_route",
        "length_m": 1500,
        "width_m": 2,
        "height_m": 0.5,
        "bearing_deg": 145,
        "z_offset_m": 0.05,
        "color": "#F59E0B",
        "opacity": 0.55,
        "allocation_cents": 132000000,
        "render_enabled": "Yes",
        "design_description": "extra rail/bus vehicle-hours; standby operators; event timetable",
        "implementation_status": "concept_only",
        "spatial_precision": "planning_anchor ±25–100 m",
        "evidence_class": "engineering_assumption",
        "source_url": "https://www.arrowheadstadiumkc.com/plan-your-visit/parking-tailgating/maps-directions"
      }
    },
    {
      "type": "Feature",
      "id": "kansas-city-buslane-TMP",
      "geometry": {
        "type": "LineString",
        "coordinates": [
          [
            -94.49282024001224,
            39.06276943798408
          ],
          [
            -94.4871,
            39.0491
          ],
          [
            -94.48138197370791,
            39.03543028271673
          ]
        ]
      },
      "properties": {
        "project_id": "kansas-city-buslane-TMP",
        "host_region_code": 5,
        "city_id": "kansas-city",
        "host_region": "Kansas City",
        "category": "buslane",
        "category_name": "Transit-priority lanes",
        "phase": "temporary",
        "area_id": "kc-west-plaza",
        "area_short_code": "KC-WPL",
        "exact_area_name": "Arrowhead west parking and plaza approach",
        "analysis_radius_m": 400,
        "geometry_type": "line_extrusion",
        "length_m": 3200,
        "width_m": 3.5,
        "height_m": 0.1,
        "bearing_deg": 162,
        "z_offset_m": 0.05,
        "color": "#F59E0B",
        "opacity": 0.55,
        "allocation_cents": 64800000,
        "render_enabled": "Yes",
        "design_description": "cone- and paint-defined bus lane with enforcement",
        "implementation_status": "concept_only",
        "spatial_precision": "planning_anchor ±25–100 m",
        "evidence_class": "engineering_assumption",
        "source_url": "https://www.arrowheadstadiumkc.com/plan-your-visit/parking-tailgating/maps-directions"
      }
    },
    {
      "type": "Feature",
      "id": "kansas-city-signals-TMP",
      "geometry": {
        "type": "Point",
        "coordinates": [
          -94.4871,
          39.0491
        ]
      },
      "properties": {
        "project_id": "kansas-city-signals-TMP",
        "host_region_code": 5,
        "city_id": "kansas-city",
        "host_region": "Kansas City",
        "category": "signals",
        "category_name": "Signal timing plans",
        "phase": "temporary",
        "area_id": "kc-west-plaza",
        "area_short_code": "KC-WPL",
        "exact_area_name": "Arrowhead west parking and plaza approach",
        "analysis_radius_m": 400,
        "geometry_type": "point_model",
        "length_m": 1,
        "width_m": 1,
        "height_m": 3,
        "bearing_deg": 179,
        "z_offset_m": 0.05,
        "color": "#F59E0B",
        "opacity": 0.55,
        "allocation_cents": 9000000,
        "render_enabled": "Yes",
        "design_description": "police/manual traffic control and temporary timing plan",
        "implementation_status": "concept_only",
        "spatial_precision": "planning_anchor ±25–100 m",
        "evidence_class": "engineering_assumption",
        "source_url": "https://www.arrowheadstadiumkc.com/plan-your-visit/parking-tailgating/maps-directions"
      }
    },
    {
      "type": "Feature",
      "id": "kansas-city-hub-TMP",
      "geometry": {
        "type": "Polygon",
        "coordinates": [
          [
            [
              -94.48690990424537,
              39.04863713442909
            ],
            [
              -94.48757704632634,
              39.048785699978865
            ],
            [
              -94.48729009854797,
              39.04956286444499
            ],
            [
              -94.48662294912624,
              39.04941429889522
            ],
            [
              -94.48690990424537,
              39.04863713442909
            ]
          ]
        ]
      },
      "properties": {
        "project_id": "kansas-city-hub-TMP",
        "host_region_code": 5,
        "city_id": "kansas-city",
        "host_region": "Kansas City",
        "category": "hub",
        "category_name": "Hub-to-stadium shuttle package",
        "phase": "temporary",
        "area_id": "kc-west-plaza",
        "area_short_code": "KC-WPL",
        "exact_area_name": "Arrowhead west parking and plaza approach",
        "analysis_radius_m": 400,
        "geometry_type": "polygon_extrusion",
        "length_m": 90,
        "width_m": 60,
        "height_m": 3,
        "bearing_deg": 196,
        "z_offset_m": 0.05,
        "color": "#F59E0B",
        "opacity": 0.55,
        "allocation_cents": 90000000,
        "render_enabled": "Yes",
        "design_description": "pop-up shuttle zone; temporary shelters and dispatch",
        "implementation_status": "concept_only",
        "spatial_precision": "planning_anchor ±25–100 m",
        "evidence_class": "engineering_assumption",
        "source_url": "https://www.arrowheadstadiumkc.com/plan-your-visit/parking-tailgating/maps-directions"
      }
    },
    {
      "type": "Feature",
      "id": "kansas-city-parkride-TMP",
      "geometry": {
        "type": "Polygon",
        "coordinates": [
          [
            [
              -94.48706541830452,
              39.04790432286397
            ],
            [
              -94.48852056039456,
              39.04863820921816
            ],
            [
              -94.48713459006697,
              39.05029566851492
            ],
            [
              -94.48567941382929,
              39.04956178216073
            ],
            [
              -94.48706541830452,
              39.04790432286397
            ]
          ]
        ]
      },
      "properties": {
        "project_id": "kansas-city-parkride-TMP",
        "host_region_code": 5,
        "city_id": "kansas-city",
        "host_region": "Kansas City",
        "category": "parkride",
        "category_name": "Park-and-ride package",
        "phase": "temporary",
        "area_id": "kc-west-plaza",
        "area_short_code": "KC-WPL",
        "exact_area_name": "Arrowhead west parking and plaza approach",
        "analysis_radius_m": 400,
        "geometry_type": "polygon_extrusion",
        "length_m": 220,
        "width_m": 150,
        "height_m": 0.2,
        "bearing_deg": 213,
        "z_offset_m": 0.05,
        "color": "#F59E0B",
        "opacity": 0.55,
        "allocation_cents": 45000000,
        "render_enabled": "Yes",
        "design_description": "leased intercept lots and temporary signing",
        "implementation_status": "concept_only",
        "spatial_precision": "planning_anchor ±25–100 m",
        "evidence_class": "engineering_assumption",
        "source_url": "https://www.arrowheadstadiumkc.com/plan-your-visit/parking-tailgating/maps-directions"
      }
    },
    {
      "type": "Feature",
      "id": "kansas-city-ped-TMP",
      "geometry": {
        "type": "LineString",
        "coordinates": [
          [
            -94.47351095233599,
            39.051719192920736
          ],
          [
            -94.4806,
            39.0471
          ],
          [
            -94.48768812050935,
            39.042480378015426
          ]
        ]
      },
      "properties": {
        "project_id": "kansas-city-ped-TMP",
        "host_region_code": 5,
        "city_id": "kansas-city",
        "host_region": "Kansas City",
        "category": "ped",
        "category_name": "Protected pedestrian corridor",
        "phase": "temporary",
        "area_id": "kc-blue-ridge-gate3",
        "area_short_code": "KC-BRC",
        "exact_area_name": "Blue Ridge Cutoff Gate 3 and bus zone",
        "analysis_radius_m": 350,
        "geometry_type": "line_extrusion",
        "length_m": 1600,
        "width_m": 6,
        "height_m": 0.15,
        "bearing_deg": 230,
        "z_offset_m": 0.05,
        "color": "#F59E0B",
        "opacity": 0.55,
        "allocation_cents": 0,
        "render_enabled": "No",
        "design_description": "barricaded protected corridor; marshals and lighting",
        "implementation_status": "concept_only",
        "spatial_precision": "planning_anchor ±25–100 m",
        "evidence_class": "engineering_assumption",
        "source_url": "https://www.arrowheadstadiumkc.com/plan-your-visit/parking-tailgating/maps-directions"
      }
    },
    {
      "type": "Feature",
      "id": "kansas-city-bike-TMP",
      "geometry": {
        "type": "LineString",
        "coordinates": [
          [
            -94.46356288196297,
            39.052714756695984
          ],
          [
            -94.4806,
            39.0471
          ],
          [
            -94.4976344091257,
            39.041482765162336
          ]
        ]
      },
      "properties": {
        "project_id": "kansas-city-bike-TMP",
        "host_region_code": 5,
        "city_id": "kansas-city",
        "host_region": "Kansas City",
        "category": "bike",
        "category_name": "Protected bicycle access",
        "phase": "temporary",
        "area_id": "kc-blue-ridge-gate3",
        "area_short_code": "KC-BRC",
        "exact_area_name": "Blue Ridge Cutoff Gate 3 and bus zone",
        "analysis_radius_m": 350,
        "geometry_type": "line_extrusion",
        "length_m": 3200,
        "width_m": 3,
        "height_m": 0.1,
        "bearing_deg": 247,
        "z_offset_m": 0.05,
        "color": "#F59E0B",
        "opacity": 0.55,
        "allocation_cents": 0,
        "render_enabled": "No",
        "design_description": "pop-up protected lane and attended bike valet",
        "implementation_status": "concept_only",
        "spatial_precision": "planning_anchor ±25–100 m",
        "evidence_class": "engineering_assumption",
        "source_url": "https://www.arrowheadstadiumkc.com/plan-your-visit/parking-tailgating/maps-directions"
      }
    },
    {
      "type": "Feature",
      "id": "kansas-city-tnc-TMP",
      "geometry": {
        "type": "Polygon",
        "coordinates": [
          [
            [
              -94.48747542894192,
              39.048866120774754
            ],
            [
              -94.48752983843936,
              39.0492681481733
            ],
            [
              -94.48672457086356,
              39.04933387783462
            ],
            [
              -94.48667016131547,
              39.04893185043608
            ],
            [
              -94.48747542894192,
              39.048866120774754
            ]
          ]
        ]
      },
      "properties": {
        "project_id": "kansas-city-tnc-TMP",
        "host_region_code": 5,
        "city_id": "kansas-city",
        "host_region": "Kansas City",
        "category": "tnc",
        "category_name": "Managed rideshare hub",
        "phase": "temporary",
        "area_id": "kc-west-plaza",
        "area_short_code": "KC-WPL",
        "exact_area_name": "Arrowhead west parking and plaza approach",
        "analysis_radius_m": 400,
        "geometry_type": "polygon_extrusion",
        "length_m": 70,
        "width_m": 45,
        "height_m": 0.2,
        "bearing_deg": 264,
        "z_offset_m": 0.05,
        "color": "#F59E0B",
        "opacity": 0.55,
        "allocation_cents": 60000000,
        "render_enabled": "Yes",
        "design_description": "staffed geofenced pickup with temporary lane control",
        "implementation_status": "concept_only",
        "spatial_precision": "planning_anchor ±25–100 m",
        "evidence_class": "engineering_assumption",
        "source_url": "https://www.arrowheadstadiumkc.com/plan-your-visit/parking-tailgating/maps-directions"
      }
    },
    {
      "type": "Feature",
      "id": "kansas-city-wayfinding-TMP",
      "geometry": {
        "type": "Point",
        "coordinates": [
          -94.4806,
          39.0471
        ]
      },
      "properties": {
        "project_id": "kansas-city-wayfinding-TMP",
        "host_region_code": 5,
        "city_id": "kansas-city",
        "host_region": "Kansas City",
        "category": "wayfinding",
        "category_name": "Multilingual wayfinding",
        "phase": "temporary",
        "area_id": "kc-blue-ridge-gate3",
        "area_short_code": "KC-BRC",
        "exact_area_name": "Blue Ridge Cutoff Gate 3 and bus zone",
        "analysis_radius_m": 350,
        "geometry_type": "point_model",
        "length_m": 1,
        "width_m": 1,
        "height_m": 2.5,
        "bearing_deg": 281,
        "z_offset_m": 0.05,
        "color": "#F59E0B",
        "opacity": 0.55,
        "allocation_cents": 0,
        "render_enabled": "No",
        "design_description": "portable signs; digital messages; multilingual ambassadors",
        "implementation_status": "concept_only",
        "spatial_precision": "planning_anchor ±25–100 m",
        "evidence_class": "engineering_assumption",
        "source_url": "https://www.arrowheadstadiumkc.com/plan-your-visit/parking-tailgating/maps-directions"
      }
    },
    {
      "type": "Feature",
      "id": "kansas-city-station-TMP",
      "geometry": {
        "type": "Point",
        "coordinates": [
          -94.4806,
          39.0471
        ]
      },
      "properties": {
        "project_id": "kansas-city-station-TMP",
        "host_region_code": 5,
        "city_id": "kansas-city",
        "host_region": "Kansas City",
        "category": "station",
        "category_name": "Station-capacity package",
        "phase": "temporary",
        "area_id": "kc-blue-ridge-gate3",
        "area_short_code": "KC-BRC",
        "exact_area_name": "Blue Ridge Cutoff Gate 3 and bus zone",
        "analysis_radius_m": 350,
        "geometry_type": "glb_model",
        "length_m": 120,
        "width_m": 45,
        "height_m": 6,
        "bearing_deg": 298,
        "z_offset_m": 0.05,
        "color": "#F59E0B",
        "opacity": 0.55,
        "allocation_cents": 0,
        "render_enabled": "No",
        "design_description": "temporary gates; queue barriers; portable fare equipment",
        "implementation_status": "concept_only",
        "spatial_precision": "planning_anchor ±25–100 m",
        "evidence_class": "engineering_assumption",
        "source_url": "https://www.arrowheadstadiumkc.com/plan-your-visit/parking-tailgating/maps-directions"
      }
    },
    {
      "type": "Feature",
      "id": "kansas-city-toc-TMP",
      "geometry": {
        "type": "Point",
        "coordinates": [
          -94.4871,
          39.0491
        ]
      },
      "properties": {
        "project_id": "kansas-city-toc-TMP",
        "host_region_code": 5,
        "city_id": "kansas-city",
        "host_region": "Kansas City",
        "category": "toc",
        "category_name": "Integrated traffic operations",
        "phase": "temporary",
        "area_id": "kc-west-plaza",
        "area_short_code": "KC-WPL",
        "exact_area_name": "Arrowhead west parking and plaza approach",
        "analysis_radius_m": 400,
        "geometry_type": "glb_model",
        "length_m": 60,
        "width_m": 40,
        "height_m": 4,
        "bearing_deg": 315,
        "z_offset_m": 0.05,
        "color": "#F59E0B",
        "opacity": 0.55,
        "allocation_cents": 18750000,
        "render_enabled": "Yes",
        "design_description": "unified incident command and temporary sensor feeds",
        "implementation_status": "concept_only",
        "spatial_precision": "planning_anchor ±25–100 m",
        "evidence_class": "engineering_assumption",
        "source_url": "https://www.arrowheadstadiumkc.com/plan-your-visit/parking-tailgating/maps-directions"
      }
    },
    {
      "type": "Feature",
      "id": "kansas-city-access-TMP",
      "geometry": {
        "type": "LineString",
        "coordinates": [
          [
            -94.47842797251606,
            39.04392731858654
          ],
          [
            -94.4806,
            39.0471
          ],
          [
            -94.48277222260988,
            39.05027264112575
          ]
        ]
      },
      "properties": {
        "project_id": "kansas-city-access-TMP",
        "host_region_code": 5,
        "city_id": "kansas-city",
        "host_region": "Kansas City",
        "category": "access",
        "category_name": "ADA/microtransit access",
        "phase": "temporary",
        "area_id": "kc-blue-ridge-gate3",
        "area_short_code": "KC-BRC",
        "exact_area_name": "Blue Ridge Cutoff Gate 3 and bus zone",
        "analysis_radius_m": 350,
        "geometry_type": "line_extrusion",
        "length_m": 800,
        "width_m": 3,
        "height_m": 0.1,
        "bearing_deg": 332,
        "z_offset_m": 0.05,
        "color": "#F59E0B",
        "opacity": 0.55,
        "allocation_cents": 0,
        "render_enabled": "No",
        "design_description": "accessible shuttles; temporary ramps and staffed assistance",
        "implementation_status": "concept_only",
        "spatial_precision": "planning_anchor ±25–100 m",
        "evidence_class": "engineering_assumption",
        "source_url": "https://www.arrowheadstadiumkc.com/plan-your-visit/parking-tailgating/maps-directions"
      }
    },
    {
      "type": "Feature",
      "id": "los-angeles-service-TMP",
      "geometry": {
        "type": "LineString",
        "coordinates": [
          [
            -118.34494905104498,
            33.95760045372816
          ],
          [
            -118.3441,
            33.9509
          ],
          [
            -118.34325108264404,
            33.94419954044393
          ]
        ]
      },
      "properties": {
        "project_id": "los-angeles-service-TMP",
        "host_region_code": 6,
        "city_id": "los-angeles",
        "host_region": "Los Angeles",
        "category": "service",
        "category_name": "Extra transit service",
        "phase": "temporary",
        "area_id": "la-sofi-south-plaza",
        "area_short_code": "LA-SPP",
        "exact_area_name": "SoFi south plaza at Pincay Drive and Prairie Avenue",
        "analysis_radius_m": 350,
        "geometry_type": "animated_route",
        "length_m": 1500,
        "width_m": 2,
        "height_m": 0.5,
        "bearing_deg": 174,
        "z_offset_m": 0.05,
        "color": "#F59E0B",
        "opacity": 0.55,
        "allocation_cents": 132000000,
        "render_enabled": "Yes",
        "design_description": "extra rail/bus vehicle-hours; standby operators; event timetable",
        "implementation_status": "concept_only",
        "spatial_precision": "planning_anchor ±25–100 m",
        "evidence_class": "engineering_assumption",
        "source_url": "https://www.sofistadium.com/plan-your-visit/maps"
      }
    },
    {
      "type": "Feature",
      "id": "los-angeles-buslane-TMP",
      "geometry": {
        "type": "LineString",
        "coordinates": [
          [
            -118.35239313416292,
            33.96930892702499
          ],
          [
            -118.3557,
            33.9552
          ],
          [
            -118.35900576935387,
            33.94109098458008
          ]
        ]
      },
      "properties": {
        "project_id": "los-angeles-buslane-TMP",
        "host_region_code": 6,
        "city_id": "los-angeles",
        "host_region": "Los Angeles",
        "category": "buslane",
        "category_name": "Transit-priority lanes",
        "phase": "temporary",
        "area_id": "la-downtown-inglewood",
        "area_short_code": "LA-DTI",
        "exact_area_name": "Downtown Inglewood K Line shuttle interchange",
        "analysis_radius_m": 400,
        "geometry_type": "line_extrusion",
        "length_m": 3200,
        "width_m": 3.5,
        "height_m": 0.1,
        "bearing_deg": 191,
        "z_offset_m": 0.05,
        "color": "#F59E0B",
        "opacity": 0.55,
        "allocation_cents": 64800000,
        "render_enabled": "Yes",
        "design_description": "cone- and paint-defined bus lane with enforcement",
        "implementation_status": "concept_only",
        "spatial_precision": "planning_anchor ±25–100 m",
        "evidence_class": "engineering_assumption",
        "source_url": "https://www.metro.net/riding/gameday/"
      }
    },
    {
      "type": "Feature",
      "id": "los-angeles-signals-TMP",
      "geometry": {
        "type": "Point",
        "coordinates": [
          -118.3557,
          33.9552
        ]
      },
      "properties": {
        "project_id": "los-angeles-signals-TMP",
        "host_region_code": 6,
        "city_id": "los-angeles",
        "host_region": "Los Angeles",
        "category": "signals",
        "category_name": "Signal timing plans",
        "phase": "temporary",
        "area_id": "la-downtown-inglewood",
        "area_short_code": "LA-DTI",
        "exact_area_name": "Downtown Inglewood K Line shuttle interchange",
        "analysis_radius_m": 400,
        "geometry_type": "point_model",
        "length_m": 1,
        "width_m": 1,
        "height_m": 3,
        "bearing_deg": 208,
        "z_offset_m": 0.05,
        "color": "#F59E0B",
        "opacity": 0.55,
        "allocation_cents": 9000000,
        "render_enabled": "Yes",
        "design_description": "police/manual traffic control and temporary timing plan",
        "implementation_status": "concept_only",
        "spatial_precision": "planning_anchor ±25–100 m",
        "evidence_class": "engineering_assumption",
        "source_url": "https://www.metro.net/riding/gameday/"
      }
    },
    {
      "type": "Feature",
      "id": "los-angeles-hub-TMP",
      "geometry": {
        "type": "Polygon",
        "coordinates": [
          [
            [
              -118.35581486890145,
              33.9547235956847
            ],
            [
              -118.3562743424492,
              33.955104718582135
            ],
            [
              -118.35558513135584,
              33.95567640292824
            ],
            [
              -118.35512565472096,
              33.95529528003081
            ],
            [
              -118.35581486890145,
              33.9547235956847
            ]
          ]
        ]
      },
      "properties": {
        "project_id": "los-angeles-hub-TMP",
        "host_region_code": 6,
        "city_id": "los-angeles",
        "host_region": "Los Angeles",
        "category": "hub",
        "category_name": "Hub-to-stadium shuttle package",
        "phase": "temporary",
        "area_id": "la-downtown-inglewood",
        "area_short_code": "LA-DTI",
        "exact_area_name": "Downtown Inglewood K Line shuttle interchange",
        "analysis_radius_m": 400,
        "geometry_type": "polygon_extrusion",
        "length_m": 90,
        "width_m": 60,
        "height_m": 3,
        "bearing_deg": 225,
        "z_offset_m": 0.05,
        "color": "#F59E0B",
        "opacity": 0.55,
        "allocation_cents": 90000000,
        "render_enabled": "Yes",
        "design_description": "pop-up shuttle zone; temporary shelters and dispatch",
        "implementation_status": "concept_only",
        "spatial_precision": "planning_anchor ±25–100 m",
        "evidence_class": "engineering_assumption",
        "source_url": "https://www.metro.net/riding/gameday/"
      }
    },
    {
      "type": "Feature",
      "id": "los-angeles-parkride-TMP",
      "geometry": {
        "type": "Polygon",
        "coordinates": [
          [
            [
              -118.3563705219757,
              33.95414121412236
            ],
            [
              -118.35713316956604,
              33.955330962098955
            ],
            [
              -118.35502947604475,
              33.956258775755515
            ],
            [
              -118.35426682013833,
              33.95506902777892
            ],
            [
              -118.3563705219757,
              33.95414121412236
            ]
          ]
        ]
      },
      "properties": {
        "project_id": "los-angeles-parkride-TMP",
        "host_region_code": 6,
        "city_id": "los-angeles",
        "host_region": "Los Angeles",
        "category": "parkride",
        "category_name": "Park-and-ride package",
        "phase": "temporary",
        "area_id": "la-downtown-inglewood",
        "area_short_code": "LA-DTI",
        "exact_area_name": "Downtown Inglewood K Line shuttle interchange",
        "analysis_radius_m": 400,
        "geometry_type": "polygon_extrusion",
        "length_m": 220,
        "width_m": 150,
        "height_m": 0.2,
        "bearing_deg": 242,
        "z_offset_m": 0.05,
        "color": "#F59E0B",
        "opacity": 0.55,
        "allocation_cents": 45000000,
        "render_enabled": "Yes",
        "design_description": "leased intercept lots and temporary signing",
        "implementation_status": "concept_only",
        "spatial_precision": "planning_anchor ±25–100 m",
        "evidence_class": "engineering_assumption",
        "source_url": "https://www.metro.net/riding/gameday/"
      }
    },
    {
      "type": "Feature",
      "id": "los-angeles-ped-TMP",
      "geometry": {
        "type": "LineString",
        "coordinates": [
          [
            -118.335595528406,
            33.952270960697035
          ],
          [
            -118.3441,
            33.9509
          ],
          [
            -118.35260419753143,
            33.949528454523076
          ]
        ]
      },
      "properties": {
        "project_id": "los-angeles-ped-TMP",
        "host_region_code": 6,
        "city_id": "los-angeles",
        "host_region": "Los Angeles",
        "category": "ped",
        "category_name": "Protected pedestrian corridor",
        "phase": "temporary",
        "area_id": "la-sofi-south-plaza",
        "area_short_code": "LA-SPP",
        "exact_area_name": "SoFi south plaza at Pincay Drive and Prairie Avenue",
        "analysis_radius_m": 350,
        "geometry_type": "line_extrusion",
        "length_m": 1600,
        "width_m": 6,
        "height_m": 0.15,
        "bearing_deg": 259,
        "z_offset_m": 0.05,
        "color": "#F59E0B",
        "opacity": 0.55,
        "allocation_cents": 0,
        "render_enabled": "No",
        "design_description": "barricaded protected corridor; marshals and lighting",
        "implementation_status": "concept_only",
        "spatial_precision": "planning_anchor ±25–100 m",
        "evidence_class": "engineering_assumption",
        "source_url": "https://www.sofistadium.com/plan-your-visit/maps"
      }
    },
    {
      "type": "Feature",
      "id": "los-angeles-bike-TMP",
      "geometry": {
        "type": "LineString",
        "coordinates": [
          [
            -118.32686820834296,
            33.94939640728952
          ],
          [
            -118.3441,
            33.9509
          ],
          [
            -118.36133240009056,
            33.95240119173368
          ]
        ]
      },
      "properties": {
        "project_id": "los-angeles-bike-TMP",
        "host_region_code": 6,
        "city_id": "los-angeles",
        "host_region": "Los Angeles",
        "category": "bike",
        "category_name": "Protected bicycle access",
        "phase": "temporary",
        "area_id": "la-sofi-south-plaza",
        "area_short_code": "LA-SPP",
        "exact_area_name": "SoFi south plaza at Pincay Drive and Prairie Avenue",
        "analysis_radius_m": 350,
        "geometry_type": "line_extrusion",
        "length_m": 3200,
        "width_m": 3,
        "height_m": 0.1,
        "bearing_deg": 276,
        "z_offset_m": 0.05,
        "color": "#F59E0B",
        "opacity": 0.55,
        "allocation_cents": 0,
        "render_enabled": "No",
        "design_description": "pop-up protected lane and attended bike valet",
        "implementation_status": "concept_only",
        "spatial_precision": "planning_anchor ±25–100 m",
        "evidence_class": "engineering_assumption",
        "source_url": "https://www.sofistadium.com/plan-your-visit/maps"
      }
    },
    {
      "type": "Feature",
      "id": "los-angeles-tnc-TMP",
      "geometry": {
        "type": "Polygon",
        "coordinates": [
          [
            [
              -118.35614412640706,
              33.955136796076516
            ],
            [
              -118.35595370451652,
              33.95550890268704
            ],
            [
              -118.35525587445905,
              33.955263202865765
            ],
            [
              -118.35544629579972,
              33.954891096255224
            ],
            [
              -118.35614412640706,
              33.955136796076516
            ]
          ]
        ]
      },
      "properties": {
        "project_id": "los-angeles-tnc-TMP",
        "host_region_code": 6,
        "city_id": "los-angeles",
        "host_region": "Los Angeles",
        "category": "tnc",
        "category_name": "Managed rideshare hub",
        "phase": "temporary",
        "area_id": "la-downtown-inglewood",
        "area_short_code": "LA-DTI",
        "exact_area_name": "Downtown Inglewood K Line shuttle interchange",
        "analysis_radius_m": 400,
        "geometry_type": "polygon_extrusion",
        "length_m": 70,
        "width_m": 45,
        "height_m": 0.2,
        "bearing_deg": 293,
        "z_offset_m": 0.05,
        "color": "#F59E0B",
        "opacity": 0.55,
        "allocation_cents": 60000000,
        "render_enabled": "Yes",
        "design_description": "staffed geofenced pickup with temporary lane control",
        "implementation_status": "concept_only",
        "spatial_precision": "planning_anchor ±25–100 m",
        "evidence_class": "engineering_assumption",
        "source_url": "https://www.metro.net/riding/gameday/"
      }
    },
    {
      "type": "Feature",
      "id": "los-angeles-wayfinding-TMP",
      "geometry": {
        "type": "Point",
        "coordinates": [
          -118.3441,
          33.9509
        ]
      },
      "properties": {
        "project_id": "los-angeles-wayfinding-TMP",
        "host_region_code": 6,
        "city_id": "los-angeles",
        "host_region": "Los Angeles",
        "category": "wayfinding",
        "category_name": "Multilingual wayfinding",
        "phase": "temporary",
        "area_id": "la-sofi-south-plaza",
        "area_short_code": "LA-SPP",
        "exact_area_name": "SoFi south plaza at Pincay Drive and Prairie Avenue",
        "analysis_radius_m": 350,
        "geometry_type": "point_model",
        "length_m": 1,
        "width_m": 1,
        "height_m": 2.5,
        "bearing_deg": 310,
        "z_offset_m": 0.05,
        "color": "#F59E0B",
        "opacity": 0.55,
        "allocation_cents": 13500000,
        "render_enabled": "Yes",
        "design_description": "portable signs; digital messages; multilingual ambassadors",
        "implementation_status": "concept_only",
        "spatial_precision": "planning_anchor ±25–100 m",
        "evidence_class": "engineering_assumption",
        "source_url": "https://www.sofistadium.com/plan-your-visit/maps"
      }
    },
    {
      "type": "Feature",
      "id": "los-angeles-station-TMP",
      "geometry": {
        "type": "Point",
        "coordinates": [
          -118.3441,
          33.9509
        ]
      },
      "properties": {
        "project_id": "los-angeles-station-TMP",
        "host_region_code": 6,
        "city_id": "los-angeles",
        "host_region": "Los Angeles",
        "category": "station",
        "category_name": "Station-capacity package",
        "phase": "temporary",
        "area_id": "la-sofi-south-plaza",
        "area_short_code": "LA-SPP",
        "exact_area_name": "SoFi south plaza at Pincay Drive and Prairie Avenue",
        "analysis_radius_m": 350,
        "geometry_type": "glb_model",
        "length_m": 120,
        "width_m": 45,
        "height_m": 6,
        "bearing_deg": 327,
        "z_offset_m": 0.05,
        "color": "#F59E0B",
        "opacity": 0.55,
        "allocation_cents": 0,
        "render_enabled": "No",
        "design_description": "temporary gates; queue barriers; portable fare equipment",
        "implementation_status": "concept_only",
        "spatial_precision": "planning_anchor ±25–100 m",
        "evidence_class": "engineering_assumption",
        "source_url": "https://www.sofistadium.com/plan-your-visit/maps"
      }
    },
    {
      "type": "Feature",
      "id": "los-angeles-toc-TMP",
      "geometry": {
        "type": "Point",
        "coordinates": [
          -118.3557,
          33.9552
        ]
      },
      "properties": {
        "project_id": "los-angeles-toc-TMP",
        "host_region_code": 6,
        "city_id": "los-angeles",
        "host_region": "Los Angeles",
        "category": "toc",
        "category_name": "Integrated traffic operations",
        "phase": "temporary",
        "area_id": "la-downtown-inglewood",
        "area_short_code": "LA-DTI",
        "exact_area_name": "Downtown Inglewood K Line shuttle interchange",
        "analysis_radius_m": 400,
        "geometry_type": "glb_model",
        "length_m": 60,
        "width_m": 40,
        "height_m": 4,
        "bearing_deg": 344,
        "z_offset_m": 0.05,
        "color": "#F59E0B",
        "opacity": 0.55,
        "allocation_cents": 37500000,
        "render_enabled": "Yes",
        "design_description": "unified incident command and temporary sensor feeds",
        "implementation_status": "concept_only",
        "spatial_precision": "planning_anchor ±25–100 m",
        "evidence_class": "engineering_assumption",
        "source_url": "https://www.metro.net/riding/gameday/"
      }
    },
    {
      "type": "Feature",
      "id": "los-angeles-access-TMP",
      "geometry": {
        "type": "LineString",
        "coordinates": [
          [
            -118.3441755963367,
            33.94730728611149
          ],
          [
            -118.3441,
            33.9509
          ],
          [
            -118.34402439728015,
            33.95449271384228
          ]
        ]
      },
      "properties": {
        "project_id": "los-angeles-access-TMP",
        "host_region_code": 6,
        "city_id": "los-angeles",
        "host_region": "Los Angeles",
        "category": "access",
        "category_name": "ADA/microtransit access",
        "phase": "temporary",
        "area_id": "la-sofi-south-plaza",
        "area_short_code": "LA-SPP",
        "exact_area_name": "SoFi south plaza at Pincay Drive and Prairie Avenue",
        "analysis_radius_m": 350,
        "geometry_type": "line_extrusion",
        "length_m": 800,
        "width_m": 3,
        "height_m": 0.1,
        "bearing_deg": 1,
        "z_offset_m": 0.05,
        "color": "#F59E0B",
        "opacity": 0.55,
        "allocation_cents": 0,
        "render_enabled": "No",
        "design_description": "accessible shuttles; temporary ramps and staffed assistance",
        "implementation_status": "concept_only",
        "spatial_precision": "planning_anchor ±25–100 m",
        "evidence_class": "engineering_assumption",
        "source_url": "https://www.sofistadium.com/plan-your-visit/maps"
      }
    },
    {
      "type": "Feature",
      "id": "miami-service-TMP",
      "geometry": {
        "type": "LineString",
        "coordinates": [
          [
            -80.2395719941114,
            25.963201747398497
          ],
          [
            -80.2425,
            25.957
          ],
          [
            -80.24542769733786,
            25.95079819372153
          ]
        ]
      },
      "properties": {
        "project_id": "miami-service-TMP",
        "host_region_code": 7,
        "city_id": "miami",
        "host_region": "Miami",
        "category": "service",
        "category_name": "Extra transit service",
        "phase": "temporary",
        "area_id": "mia-nw199-nw27",
        "area_short_code": "MIA-NW27",
        "exact_area_name": "NW 199th Street and NW 27th Avenue approach",
        "analysis_radius_m": 400,
        "geometry_type": "animated_route",
        "length_m": 1500,
        "width_m": 2,
        "height_m": 0.5,
        "bearing_deg": 203,
        "z_offset_m": 0.05,
        "color": "#F59E0B",
        "opacity": 0.55,
        "allocation_cents": 132000000,
        "render_enabled": "Yes",
        "design_description": "extra rail/bus vehicle-hours; standby operators; event timetable",
        "implementation_status": "concept_only",
        "spatial_precision": "planning_anchor ±25–100 m",
        "evidence_class": "engineering_assumption",
        "source_url": "https://www.hardrockstadium.com/parking/"
      }
    },
    {
      "type": "Feature",
      "id": "miami-buslane-TMP",
      "geometry": {
        "type": "LineString",
        "coordinates": [
          [
            -80.22802385685216,
            25.965910028252075
          ],
          [
            -80.2383,
            25.9549
          ],
          [
            -80.24857422088294,
            25.943889246605142
          ]
        ]
      },
      "properties": {
        "project_id": "miami-buslane-TMP",
        "host_region_code": 7,
        "city_id": "miami",
        "host_region": "Miami",
        "category": "buslane",
        "category_name": "Transit-priority lanes",
        "phase": "temporary",
        "area_id": "mia-south-gate",
        "area_short_code": "MIA-SG",
        "exact_area_name": "Hard Rock Stadium south-gate rideshare and shuttle zone",
        "analysis_radius_m": 350,
        "geometry_type": "line_extrusion",
        "length_m": 3200,
        "width_m": 3.5,
        "height_m": 0.1,
        "bearing_deg": 220,
        "z_offset_m": 0.05,
        "color": "#F59E0B",
        "opacity": 0.55,
        "allocation_cents": 64800000,
        "render_enabled": "Yes",
        "design_description": "cone- and paint-defined bus lane with enforcement",
        "implementation_status": "concept_only",
        "spatial_precision": "planning_anchor ±25–100 m",
        "evidence_class": "engineering_assumption",
        "source_url": "https://www.hardrockstadium.com/parking/"
      }
    },
    {
      "type": "Feature",
      "id": "miami-signals-TMP",
      "geometry": {
        "type": "Point",
        "coordinates": [
          -80.2383,
          25.9549
        ]
      },
      "properties": {
        "project_id": "miami-signals-TMP",
        "host_region_code": 7,
        "city_id": "miami",
        "host_region": "Miami",
        "category": "signals",
        "category_name": "Signal timing plans",
        "phase": "temporary",
        "area_id": "mia-south-gate",
        "area_short_code": "MIA-SG",
        "exact_area_name": "Hard Rock Stadium south-gate rideshare and shuttle zone",
        "analysis_radius_m": 350,
        "geometry_type": "point_model",
        "length_m": 1,
        "width_m": 1,
        "height_m": 3,
        "bearing_deg": 237,
        "z_offset_m": 0.05,
        "color": "#F59E0B",
        "opacity": 0.55,
        "allocation_cents": 6750000,
        "render_enabled": "Yes",
        "design_description": "police/manual traffic control and temporary timing plan",
        "implementation_status": "concept_only",
        "spatial_precision": "planning_anchor ±25–100 m",
        "evidence_class": "engineering_assumption",
        "source_url": "https://www.hardrockstadium.com/parking/"
      }
    },
    {
      "type": "Feature",
      "id": "miami-hub-TMP",
      "geometry": {
        "type": "Polygon",
        "coordinates": [
          [
            [
              -80.23864955594628,
              25.954529520350793
            ],
            [
              -80.2388147867253,
              25.955047629994887
            ],
            [
              -80.23795044375555,
              25.955270478319534
            ],
            [
              -80.23778521266372,
              25.954752368675432
            ],
            [
              -80.23864955594628,
              25.954529520350793
            ]
          ]
        ]
      },
      "properties": {
        "project_id": "miami-hub-TMP",
        "host_region_code": 7,
        "city_id": "miami",
        "host_region": "Miami",
        "category": "hub",
        "category_name": "Hub-to-stadium shuttle package",
        "phase": "temporary",
        "area_id": "mia-south-gate",
        "area_short_code": "MIA-SG",
        "exact_area_name": "Hard Rock Stadium south-gate rideshare and shuttle zone",
        "analysis_radius_m": 350,
        "geometry_type": "polygon_extrusion",
        "length_m": 90,
        "width_m": 60,
        "height_m": 3,
        "bearing_deg": 254,
        "z_offset_m": 0.05,
        "color": "#F59E0B",
        "opacity": 0.55,
        "allocation_cents": 90000000,
        "render_enabled": "Yes",
        "design_description": "pop-up shuttle zone; temporary shelters and dispatch",
        "implementation_status": "concept_only",
        "spatial_precision": "planning_anchor ±25–100 m",
        "evidence_class": "engineering_assumption",
        "source_url": "https://www.hardrockstadium.com/parking/"
      }
    },
    {
      "type": "Feature",
      "id": "miami-parkride-TMP",
      "geometry": {
        "type": "Polygon",
        "coordinates": [
          [
            [
              -80.23941190250346,
              25.954243607543034
            ],
            [
              -80.23938574786764,
              25.955590875242557
            ],
            [
              -80.23718809767266,
              25.955556384162975
            ],
            [
              -80.2372142523008,
              25.954209116463446
            ],
            [
              -80.23941190250346,
              25.954243607543034
            ]
          ]
        ]
      },
      "properties": {
        "project_id": "miami-parkride-TMP",
        "host_region_code": 7,
        "city_id": "miami",
        "host_region": "Miami",
        "category": "parkride",
        "category_name": "Park-and-ride package",
        "phase": "temporary",
        "area_id": "mia-south-gate",
        "area_short_code": "MIA-SG",
        "exact_area_name": "Hard Rock Stadium south-gate rideshare and shuttle zone",
        "analysis_radius_m": 350,
        "geometry_type": "polygon_extrusion",
        "length_m": 220,
        "width_m": 150,
        "height_m": 0.2,
        "bearing_deg": 271,
        "z_offset_m": 0.05,
        "color": "#F59E0B",
        "opacity": 0.55,
        "allocation_cents": 22500000,
        "render_enabled": "Yes",
        "design_description": "leased intercept lots and temporary signing",
        "implementation_status": "concept_only",
        "spatial_precision": "planning_anchor ±25–100 m",
        "evidence_class": "engineering_assumption",
        "source_url": "https://www.hardrockstadium.com/parking/"
      }
    },
    {
      "type": "Feature",
      "id": "miami-ped-TMP",
      "geometry": {
        "type": "LineString",
        "coordinates": [
          [
            -80.23489852445812,
            25.95477904404597
          ],
          [
            -80.2425,
            25.957
          ],
          [
            -80.25010176240103,
            25.959220559053545
          ]
        ]
      },
      "properties": {
        "project_id": "miami-ped-TMP",
        "host_region_code": 7,
        "city_id": "miami",
        "host_region": "Miami",
        "category": "ped",
        "category_name": "Protected pedestrian corridor",
        "phase": "temporary",
        "area_id": "mia-nw199-nw27",
        "area_short_code": "MIA-NW27",
        "exact_area_name": "NW 199th Street and NW 27th Avenue approach",
        "analysis_radius_m": 400,
        "geometry_type": "line_extrusion",
        "length_m": 1600,
        "width_m": 6,
        "height_m": 0.15,
        "bearing_deg": 288,
        "z_offset_m": 0.05,
        "color": "#F59E0B",
        "opacity": 0.55,
        "allocation_cents": 0,
        "render_enabled": "No",
        "design_description": "barricaded protected corridor; marshals and lighting",
        "implementation_status": "concept_only",
        "spatial_precision": "planning_anchor ±25–100 m",
        "evidence_class": "engineering_assumption",
        "source_url": "https://www.hardrockstadium.com/parking/"
      }
    },
    {
      "type": "Feature",
      "id": "miami-bike-TMP",
      "geometry": {
        "type": "LineString",
        "coordinates": [
          [
            -80.22940625528169,
            25.948755371547463
          ],
          [
            -80.2425,
            25.957
          ],
          [
            -80.25559557912565,
            25.96524345068925
          ]
        ]
      },
      "properties": {
        "project_id": "miami-bike-TMP",
        "host_region_code": 7,
        "city_id": "miami",
        "host_region": "Miami",
        "category": "bike",
        "category_name": "Protected bicycle access",
        "phase": "temporary",
        "area_id": "mia-nw199-nw27",
        "area_short_code": "MIA-NW27",
        "exact_area_name": "NW 199th Street and NW 27th Avenue approach",
        "analysis_radius_m": 400,
        "geometry_type": "line_extrusion",
        "length_m": 3200,
        "width_m": 3,
        "height_m": 0.1,
        "bearing_deg": 305,
        "z_offset_m": 0.05,
        "color": "#F59E0B",
        "opacity": 0.55,
        "allocation_cents": 0,
        "render_enabled": "No",
        "design_description": "pop-up protected lane and attended bike valet",
        "implementation_status": "concept_only",
        "spatial_precision": "planning_anchor ±25–100 m",
        "evidence_class": "engineering_assumption",
        "source_url": "https://www.hardrockstadium.com/parking/"
      }
    },
    {
      "type": "Feature",
      "id": "miami-tnc-TMP",
      "geometry": {
        "type": "Polygon",
        "coordinates": [
          [
            [
              -80.2386924248136,
              25.955023320394034
            ],
            [
              -80.23833814402059,
              25.955272196544936
            ],
            [
              -80.23790757646384,
              25.954776679072136
            ],
            [
              -80.23826185576544,
              25.95452780292123
            ],
            [
              -80.2386924248136,
              25.955023320394034
            ]
          ]
        ]
      },
      "properties": {
        "project_id": "miami-tnc-TMP",
        "host_region_code": 7,
        "city_id": "miami",
        "host_region": "Miami",
        "category": "tnc",
        "category_name": "Managed rideshare hub",
        "phase": "temporary",
        "area_id": "mia-south-gate",
        "area_short_code": "MIA-SG",
        "exact_area_name": "Hard Rock Stadium south-gate rideshare and shuttle zone",
        "analysis_radius_m": 350,
        "geometry_type": "polygon_extrusion",
        "length_m": 70,
        "width_m": 45,
        "height_m": 0.2,
        "bearing_deg": 322,
        "z_offset_m": 0.05,
        "color": "#F59E0B",
        "opacity": 0.55,
        "allocation_cents": 40000000,
        "render_enabled": "Yes",
        "design_description": "staffed geofenced pickup with temporary lane control",
        "implementation_status": "concept_only",
        "spatial_precision": "planning_anchor ±25–100 m",
        "evidence_class": "engineering_assumption",
        "source_url": "https://www.hardrockstadium.com/parking/"
      }
    },
    {
      "type": "Feature",
      "id": "miami-wayfinding-TMP",
      "geometry": {
        "type": "Point",
        "coordinates": [
          -80.2425,
          25.957
        ]
      },
      "properties": {
        "project_id": "miami-wayfinding-TMP",
        "host_region_code": 7,
        "city_id": "miami",
        "host_region": "Miami",
        "category": "wayfinding",
        "category_name": "Multilingual wayfinding",
        "phase": "temporary",
        "area_id": "mia-nw199-nw27",
        "area_short_code": "MIA-NW27",
        "exact_area_name": "NW 199th Street and NW 27th Avenue approach",
        "analysis_radius_m": 400,
        "geometry_type": "point_model",
        "length_m": 1,
        "width_m": 1,
        "height_m": 2.5,
        "bearing_deg": 339,
        "z_offset_m": 0.05,
        "color": "#F59E0B",
        "opacity": 0.55,
        "allocation_cents": 13500000,
        "render_enabled": "Yes",
        "design_description": "portable signs; digital messages; multilingual ambassadors",
        "implementation_status": "concept_only",
        "spatial_precision": "planning_anchor ±25–100 m",
        "evidence_class": "engineering_assumption",
        "source_url": "https://www.hardrockstadium.com/parking/"
      }
    },
    {
      "type": "Feature",
      "id": "miami-station-TMP",
      "geometry": {
        "type": "Point",
        "coordinates": [
          -80.2425,
          25.957
        ]
      },
      "properties": {
        "project_id": "miami-station-TMP",
        "host_region_code": 7,
        "city_id": "miami",
        "host_region": "Miami",
        "category": "station",
        "category_name": "Station-capacity package",
        "phase": "temporary",
        "area_id": "mia-nw199-nw27",
        "area_short_code": "MIA-NW27",
        "exact_area_name": "NW 199th Street and NW 27th Avenue approach",
        "analysis_radius_m": 400,
        "geometry_type": "glb_model",
        "length_m": 120,
        "width_m": 45,
        "height_m": 6,
        "bearing_deg": 356,
        "z_offset_m": 0.05,
        "color": "#F59E0B",
        "opacity": 0.55,
        "allocation_cents": 0,
        "render_enabled": "No",
        "design_description": "temporary gates; queue barriers; portable fare equipment",
        "implementation_status": "concept_only",
        "spatial_precision": "planning_anchor ±25–100 m",
        "evidence_class": "engineering_assumption",
        "source_url": "https://www.hardrockstadium.com/parking/"
      }
    },
    {
      "type": "Feature",
      "id": "miami-toc-TMP",
      "geometry": {
        "type": "Point",
        "coordinates": [
          -80.2383,
          25.9549
        ]
      },
      "properties": {
        "project_id": "miami-toc-TMP",
        "host_region_code": 7,
        "city_id": "miami",
        "host_region": "Miami",
        "category": "toc",
        "category_name": "Integrated traffic operations",
        "phase": "temporary",
        "area_id": "mia-south-gate",
        "area_short_code": "MIA-SG",
        "exact_area_name": "Hard Rock Stadium south-gate rideshare and shuttle zone",
        "analysis_radius_m": 350,
        "geometry_type": "glb_model",
        "length_m": 60,
        "width_m": 40,
        "height_m": 4,
        "bearing_deg": 13,
        "z_offset_m": 0.05,
        "color": "#F59E0B",
        "opacity": 0.55,
        "allocation_cents": 37500000,
        "render_enabled": "Yes",
        "design_description": "unified incident command and temporary sensor feeds",
        "implementation_status": "concept_only",
        "spatial_precision": "planning_anchor ±25–100 m",
        "evidence_class": "engineering_assumption",
        "source_url": "https://www.hardrockstadium.com/parking/"
      }
    },
    {
      "type": "Feature",
      "id": "miami-access-TMP",
      "geometry": {
        "type": "LineString",
        "coordinates": [
          [
            -80.24449815097041,
            25.953888130861674
          ],
          [
            -80.2425,
            25.957
          ],
          [
            -80.24050174336716,
            25.96011184171317
          ]
        ]
      },
      "properties": {
        "project_id": "miami-access-TMP",
        "host_region_code": 7,
        "city_id": "miami",
        "host_region": "Miami",
        "category": "access",
        "category_name": "ADA/microtransit access",
        "phase": "temporary",
        "area_id": "mia-nw199-nw27",
        "area_short_code": "MIA-NW27",
        "exact_area_name": "NW 199th Street and NW 27th Avenue approach",
        "analysis_radius_m": 400,
        "geometry_type": "line_extrusion",
        "length_m": 800,
        "width_m": 3,
        "height_m": 0.1,
        "bearing_deg": 30,
        "z_offset_m": 0.05,
        "color": "#F59E0B",
        "opacity": 0.55,
        "allocation_cents": 0,
        "render_enabled": "No",
        "design_description": "accessible shuttles; temporary ramps and staffed assistance",
        "implementation_status": "concept_only",
        "spatial_precision": "planning_anchor ±25–100 m",
        "evidence_class": "engineering_assumption",
        "source_url": "https://www.hardrockstadium.com/parking/"
      }
    },
    {
      "type": "Feature",
      "id": "nynj-service-TMP",
      "geometry": {
        "type": "LineString",
        "coordinates": [
          [
            -74.0628183428194,
            40.81181172345151
          ],
          [
            -74.069833,
            40.807664
          ],
          [
            -74.0768467803092,
            40.80351585179301
          ]
        ]
      },
      "properties": {
        "project_id": "nynj-service-TMP",
        "host_region_code": 8,
        "city_id": "nynj",
        "host_region": "New York/New Jersey",
        "category": "service",
        "category_name": "Extra transit service",
        "phase": "temporary",
        "area_id": "nynj-meadowlands-station",
        "area_short_code": "NYNJ-MRS",
        "exact_area_name": "Meadowlands Rail Station and aerial walkway",
        "analysis_radius_m": 250,
        "geometry_type": "animated_route",
        "length_m": 1500,
        "width_m": 2,
        "height_m": 0.5,
        "bearing_deg": 232,
        "z_offset_m": 0.05,
        "color": "#F59E0B",
        "opacity": 0.55,
        "allocation_cents": 132000000,
        "render_enabled": "Yes",
        "design_description": "extra rail/bus vehicle-hours; standby operators; event timetable",
        "implementation_status": "concept_only",
        "spatial_precision": "planning_anchor ±25–100 m",
        "evidence_class": "engineering_assumption",
        "source_url": "https://www.njtransit.com/meadowlands"
      }
    },
    {
      "type": "Feature",
      "id": "nynj-buslane-TMP",
      "geometry": {
        "type": "LineString",
        "coordinates": [
          [
            -74.0530196990573,
            40.81659948152588
          ],
          [
            -74.07075,
            40.81145
          ],
          [
            -74.08847754834395,
            40.806297804825434
          ]
        ]
      },
      "properties": {
        "project_id": "nynj-buslane-TMP",
        "host_region_code": 8,
        "city_id": "nynj",
        "host_region": "New York/New Jersey",
        "category": "buslane",
        "category_name": "Transit-priority lanes",
        "phase": "temporary",
        "area_id": "nynj-american-dream-corridor",
        "area_short_code": "NYNJ-ADM",
        "exact_area_name": "American Dream–MetLife protected corridor",
        "analysis_radius_m": 350,
        "geometry_type": "line_extrusion",
        "length_m": 3200,
        "width_m": 3.5,
        "height_m": 0.1,
        "bearing_deg": 249,
        "z_offset_m": 0.05,
        "color": "#F59E0B",
        "opacity": 0.55,
        "allocation_cents": 32400000,
        "render_enabled": "Yes",
        "design_description": "cone- and paint-defined bus lane with enforcement",
        "implementation_status": "concept_only",
        "spatial_precision": "planning_anchor ±25–100 m",
        "evidence_class": "engineering_assumption",
        "source_url": "https://www.njtransit.com/press-releases/new-jersey-interagency-transportation-after-action-report-aar-njny-stadium-fifa"
      }
    },
    {
      "type": "Feature",
      "id": "nynj-signals-TMP",
      "geometry": {
        "type": "Point",
        "coordinates": [
          -74.07075,
          40.81145
        ]
      },
      "properties": {
        "project_id": "nynj-signals-TMP",
        "host_region_code": 8,
        "city_id": "nynj",
        "host_region": "New York/New Jersey",
        "category": "signals",
        "category_name": "Signal timing plans",
        "phase": "temporary",
        "area_id": "nynj-american-dream-corridor",
        "area_short_code": "NYNJ-ADM",
        "exact_area_name": "American Dream–MetLife protected corridor",
        "analysis_radius_m": 350,
        "geometry_type": "point_model",
        "length_m": 1,
        "width_m": 1,
        "height_m": 3,
        "bearing_deg": 266,
        "z_offset_m": 0.05,
        "color": "#F59E0B",
        "opacity": 0.55,
        "allocation_cents": 9000000,
        "render_enabled": "Yes",
        "design_description": "police/manual traffic control and temporary timing plan",
        "implementation_status": "concept_only",
        "spatial_precision": "planning_anchor ±25–100 m",
        "evidence_class": "engineering_assumption",
        "source_url": "https://www.njtransit.com/press-releases/new-jersey-interagency-transportation-after-action-report-aar-njny-stadium-fifa"
      }
    },
    {
      "type": "Feature",
      "id": "nynj-hub-TMP",
      "geometry": {
        "type": "Polygon",
        "coordinates": [
          [
            [
              -74.07135050997542,
              40.811278345983354
            ],
            [
              -74.07119031438609,
              40.8118035208963
            ],
            [
              -74.07014949103659,
              40.81162165162305
            ],
            [
              -74.07030968618683,
              40.811096476710105
            ],
            [
              -74.07135050997542,
              40.811278345983354
            ]
          ]
        ]
      },
      "properties": {
        "project_id": "nynj-hub-TMP",
        "host_region_code": 8,
        "city_id": "nynj",
        "host_region": "New York/New Jersey",
        "category": "hub",
        "category_name": "Hub-to-stadium shuttle package",
        "phase": "temporary",
        "area_id": "nynj-american-dream-corridor",
        "area_short_code": "NYNJ-ADM",
        "exact_area_name": "American Dream–MetLife protected corridor",
        "analysis_radius_m": 350,
        "geometry_type": "polygon_extrusion",
        "length_m": 90,
        "width_m": 60,
        "height_m": 3,
        "bearing_deg": 283,
        "z_offset_m": 0.05,
        "color": "#F59E0B",
        "opacity": 0.55,
        "allocation_cents": 60000000,
        "render_enabled": "Yes",
        "design_description": "pop-up shuttle zone; temporary shelters and dispatch",
        "implementation_status": "concept_only",
        "spatial_precision": "planning_anchor ±25–100 m",
        "evidence_class": "engineering_assumption",
        "source_url": "https://www.njtransit.com/press-releases/new-jersey-interagency-transportation-after-action-report-aar-njny-stadium-fifa"
      }
    },
    {
      "type": "Feature",
      "id": "nynj-parkride-TMP",
      "geometry": {
        "type": "Polygon",
        "coordinates": [
          [
            [
              -74.07232575689439,
              40.811360594139984
            ],
            [
              -74.07143558234542,
              40.81252753992495
            ],
            [
              -74.06917425874492,
              40.811539393112575
            ],
            [
              -74.07006442003686,
              40.810372447327616
            ],
            [
              -74.07232575689439,
              40.811360594139984
            ]
          ]
        ]
      },
      "properties": {
        "project_id": "nynj-parkride-TMP",
        "host_region_code": 8,
        "city_id": "nynj",
        "host_region": "New York/New Jersey",
        "category": "parkride",
        "category_name": "Park-and-ride package",
        "phase": "temporary",
        "area_id": "nynj-american-dream-corridor",
        "area_short_code": "NYNJ-ADM",
        "exact_area_name": "American Dream–MetLife protected corridor",
        "analysis_radius_m": 350,
        "geometry_type": "polygon_extrusion",
        "length_m": 220,
        "width_m": 150,
        "height_m": 0.2,
        "bearing_deg": 300,
        "z_offset_m": 0.05,
        "color": "#F59E0B",
        "opacity": 0.55,
        "allocation_cents": 0,
        "render_enabled": "No",
        "design_description": "leased intercept lots and temporary signing",
        "implementation_status": "concept_only",
        "spatial_precision": "planning_anchor ±25–100 m",
        "evidence_class": "engineering_assumption",
        "source_url": "https://www.njtransit.com/press-releases/new-jersey-interagency-transportation-after-action-report-aar-njny-stadium-fifa"
      }
    },
    {
      "type": "Feature",
      "id": "nynj-ped-TMP",
      "geometry": {
        "type": "LineString",
        "coordinates": [
          [
            -74.06335822295505,
            40.802407929358715
          ],
          [
            -74.069833,
            40.807664
          ],
          [
            -74.07630880276783,
            40.81291970864942
          ]
        ]
      },
      "properties": {
        "project_id": "nynj-ped-TMP",
        "host_region_code": 8,
        "city_id": "nynj",
        "host_region": "New York/New Jersey",
        "category": "ped",
        "category_name": "Protected pedestrian corridor",
        "phase": "temporary",
        "area_id": "nynj-meadowlands-station",
        "area_short_code": "NYNJ-MRS",
        "exact_area_name": "Meadowlands Rail Station and aerial walkway",
        "analysis_radius_m": 250,
        "geometry_type": "line_extrusion",
        "length_m": 1600,
        "width_m": 6,
        "height_m": 0.15,
        "bearing_deg": 317,
        "z_offset_m": 0.05,
        "color": "#F59E0B",
        "opacity": 0.55,
        "allocation_cents": 21000000,
        "render_enabled": "Yes",
        "design_description": "barricaded protected corridor; marshals and lighting",
        "implementation_status": "concept_only",
        "spatial_precision": "planning_anchor ±25–100 m",
        "evidence_class": "engineering_assumption",
        "source_url": "https://www.njtransit.com/meadowlands"
      }
    },
    {
      "type": "Feature",
      "id": "nynj-bike-TMP",
      "geometry": {
        "type": "LineString",
        "coordinates": [
          [
            -74.06151031782775,
            40.794745294098774
          ],
          [
            -74.069833,
            40.807664
          ],
          [
            -74.07815892319,
            40.82058210766036
          ]
        ]
      },
      "properties": {
        "project_id": "nynj-bike-TMP",
        "host_region_code": 8,
        "city_id": "nynj",
        "host_region": "New York/New Jersey",
        "category": "bike",
        "category_name": "Protected bicycle access",
        "phase": "temporary",
        "area_id": "nynj-meadowlands-station",
        "area_short_code": "NYNJ-MRS",
        "exact_area_name": "Meadowlands Rail Station and aerial walkway",
        "analysis_radius_m": 250,
        "geometry_type": "line_extrusion",
        "length_m": 3200,
        "width_m": 3,
        "height_m": 0.1,
        "bearing_deg": 334,
        "z_offset_m": 0.05,
        "color": "#F59E0B",
        "opacity": 0.55,
        "allocation_cents": 0,
        "render_enabled": "No",
        "design_description": "pop-up protected lane and attended bike valet",
        "implementation_status": "concept_only",
        "spatial_precision": "planning_anchor ±25–100 m",
        "evidence_class": "engineering_assumption",
        "source_url": "https://www.njtransit.com/meadowlands"
      }
    },
    {
      "type": "Feature",
      "id": "nynj-tnc-TMP",
      "geometry": {
        "type": "Polygon",
        "coordinates": [
          [
            [
              -74.07107874866223,
              40.81172892043678
            ],
            [
              -74.07055122110759,
              40.81179215779869
            ],
            [
              -74.07042125416363,
              40.8111710789261
            ],
            [
              -74.07094877678034,
              40.811107841564194
            ],
            [
              -74.07107874866223,
              40.81172892043678
            ]
          ]
        ]
      },
      "properties": {
        "project_id": "nynj-tnc-TMP",
        "host_region_code": 8,
        "city_id": "nynj",
        "host_region": "New York/New Jersey",
        "category": "tnc",
        "category_name": "Managed rideshare hub",
        "phase": "temporary",
        "area_id": "nynj-american-dream-corridor",
        "area_short_code": "NYNJ-ADM",
        "exact_area_name": "American Dream–MetLife protected corridor",
        "analysis_radius_m": 350,
        "geometry_type": "polygon_extrusion",
        "length_m": 70,
        "width_m": 45,
        "height_m": 0.2,
        "bearing_deg": 351,
        "z_offset_m": 0.05,
        "color": "#F59E0B",
        "opacity": 0.55,
        "allocation_cents": 60000000,
        "render_enabled": "Yes",
        "design_description": "staffed geofenced pickup with temporary lane control",
        "implementation_status": "concept_only",
        "spatial_precision": "planning_anchor ±25–100 m",
        "evidence_class": "engineering_assumption",
        "source_url": "https://www.njtransit.com/press-releases/new-jersey-interagency-transportation-after-action-report-aar-njny-stadium-fifa"
      }
    },
    {
      "type": "Feature",
      "id": "nynj-wayfinding-TMP",
      "geometry": {
        "type": "Point",
        "coordinates": [
          -74.069833,
          40.807664
        ]
      },
      "properties": {
        "project_id": "nynj-wayfinding-TMP",
        "host_region_code": 8,
        "city_id": "nynj",
        "host_region": "New York/New Jersey",
        "category": "wayfinding",
        "category_name": "Multilingual wayfinding",
        "phase": "temporary",
        "area_id": "nynj-meadowlands-station",
        "area_short_code": "NYNJ-MRS",
        "exact_area_name": "Meadowlands Rail Station and aerial walkway",
        "analysis_radius_m": 250,
        "geometry_type": "point_model",
        "length_m": 1,
        "width_m": 1,
        "height_m": 2.5,
        "bearing_deg": 8,
        "z_offset_m": 0.05,
        "color": "#F59E0B",
        "opacity": 0.55,
        "allocation_cents": 13500000,
        "render_enabled": "Yes",
        "design_description": "portable signs; digital messages; multilingual ambassadors",
        "implementation_status": "concept_only",
        "spatial_precision": "planning_anchor ±25–100 m",
        "evidence_class": "engineering_assumption",
        "source_url": "https://www.njtransit.com/meadowlands"
      }
    },
    {
      "type": "Feature",
      "id": "nynj-station-TMP",
      "geometry": {
        "type": "Point",
        "coordinates": [
          -74.069833,
          40.807664
        ]
      },
      "properties": {
        "project_id": "nynj-station-TMP",
        "host_region_code": 8,
        "city_id": "nynj",
        "host_region": "New York/New Jersey",
        "category": "station",
        "category_name": "Station-capacity package",
        "phase": "temporary",
        "area_id": "nynj-meadowlands-station",
        "area_short_code": "NYNJ-MRS",
        "exact_area_name": "Meadowlands Rail Station and aerial walkway",
        "analysis_radius_m": 250,
        "geometry_type": "glb_model",
        "length_m": 120,
        "width_m": 45,
        "height_m": 6,
        "bearing_deg": 25,
        "z_offset_m": 0.05,
        "color": "#F59E0B",
        "opacity": 0.55,
        "allocation_cents": 50000000,
        "render_enabled": "Yes",
        "design_description": "temporary gates; queue barriers; portable fare equipment",
        "implementation_status": "concept_only",
        "spatial_precision": "planning_anchor ±25–100 m",
        "evidence_class": "engineering_assumption",
        "source_url": "https://www.njtransit.com/meadowlands"
      }
    },
    {
      "type": "Feature",
      "id": "nynj-toc-TMP",
      "geometry": {
        "type": "Point",
        "coordinates": [
          -74.07075,
          40.81145
        ]
      },
      "properties": {
        "project_id": "nynj-toc-TMP",
        "host_region_code": 8,
        "city_id": "nynj",
        "host_region": "New York/New Jersey",
        "category": "toc",
        "category_name": "Integrated traffic operations",
        "phase": "temporary",
        "area_id": "nynj-american-dream-corridor",
        "area_short_code": "NYNJ-ADM",
        "exact_area_name": "American Dream–MetLife protected corridor",
        "analysis_radius_m": 350,
        "geometry_type": "glb_model",
        "length_m": 60,
        "width_m": 40,
        "height_m": 4,
        "bearing_deg": 42,
        "z_offset_m": 0.05,
        "color": "#F59E0B",
        "opacity": 0.55,
        "allocation_cents": 37500000,
        "render_enabled": "Yes",
        "design_description": "unified incident command and temporary sensor feeds",
        "implementation_status": "concept_only",
        "spatial_precision": "planning_anchor ±25–100 m",
        "evidence_class": "engineering_assumption",
        "source_url": "https://www.njtransit.com/press-releases/new-jersey-interagency-transportation-after-action-report-aar-njny-stadium-fifa"
      }
    },
    {
      "type": "Feature",
      "id": "nynj-access-TMP",
      "geometry": {
        "type": "LineString",
        "coordinates": [
          [
            -74.07390210944783,
            40.80581326222635
          ],
          [
            -74.069833,
            40.807664
          ],
          [
            -74.06576366358442,
            40.809514594817344
          ]
        ]
      },
      "properties": {
        "project_id": "nynj-access-TMP",
        "host_region_code": 8,
        "city_id": "nynj",
        "host_region": "New York/New Jersey",
        "category": "access",
        "category_name": "ADA/microtransit access",
        "phase": "temporary",
        "area_id": "nynj-meadowlands-station",
        "area_short_code": "NYNJ-MRS",
        "exact_area_name": "Meadowlands Rail Station and aerial walkway",
        "analysis_radius_m": 250,
        "geometry_type": "line_extrusion",
        "length_m": 800,
        "width_m": 3,
        "height_m": 0.1,
        "bearing_deg": 59,
        "z_offset_m": 0.05,
        "color": "#F59E0B",
        "opacity": 0.55,
        "allocation_cents": 0,
        "render_enabled": "No",
        "design_description": "accessible shuttles; temporary ramps and staffed assistance",
        "implementation_status": "concept_only",
        "spatial_precision": "planning_anchor ±25–100 m",
        "evidence_class": "engineering_assumption",
        "source_url": "https://www.njtransit.com/meadowlands"
      }
    },
    {
      "type": "Feature",
      "id": "philadelphia-service-TMP",
      "geometry": {
        "type": "LineString",
        "coordinates": [
          [
            -75.16492523772928,
            39.90575363286758
          ],
          [
            -75.1736,
            39.9047
          ],
          [
            -75.18227449538406,
            39.90364572081864
          ]
        ]
      },
      "properties": {
        "project_id": "philadelphia-service-TMP",
        "host_region_code": 9,
        "city_id": "philadelphia",
        "host_region": "Philadelphia",
        "category": "service",
        "category_name": "Extra transit service",
        "phase": "temporary",
        "area_id": "phi-nrg-station",
        "area_short_code": "PHI-NRG",
        "exact_area_name": "NRG Station and Broad Street queue zone",
        "analysis_radius_m": 250,
        "geometry_type": "animated_route",
        "length_m": 1500,
        "width_m": 2,
        "height_m": 0.5,
        "bearing_deg": 261,
        "z_offset_m": 0.05,
        "color": "#F59E0B",
        "opacity": 0.55,
        "allocation_cents": 132000000,
        "render_enabled": "Yes",
        "design_description": "extra rail/bus vehicle-hours; standby operators; event timetable",
        "implementation_status": "concept_only",
        "spatial_precision": "planning_anchor ±25–100 m",
        "evidence_class": "engineering_assumption",
        "source_url": "https://wwww.septa.org/news/infrastructure-improvements-for-fifa/"
      }
    },
    {
      "type": "Feature",
      "id": "philadelphia-buslane-TMP",
      "geometry": {
        "type": "LineString",
        "coordinates": [
          [
            -75.15109758815107,
            39.89805818071168
          ],
          [
            -75.16965,
            39.90006
          ],
          [
            -75.18820349502509,
            39.902058862943605
          ]
        ]
      },
      "properties": {
        "project_id": "philadelphia-buslane-TMP",
        "host_region_code": 9,
        "city_id": "philadelphia",
        "host_region": "Philadelphia",
        "category": "buslane",
        "category_name": "Transit-priority lanes",
        "phase": "temporary",
        "area_id": "phi-lots-de",
        "area_short_code": "PHI-DE",
        "exact_area_name": "Lincoln Financial Field Lots D/E east approach",
        "analysis_radius_m": 300,
        "geometry_type": "line_extrusion",
        "length_m": 3200,
        "width_m": 3.5,
        "height_m": 0.1,
        "bearing_deg": 278,
        "z_offset_m": 0.05,
        "color": "#F59E0B",
        "opacity": 0.55,
        "allocation_cents": 48600000,
        "render_enabled": "Yes",
        "design_description": "cone- and paint-defined bus lane with enforcement",
        "implementation_status": "concept_only",
        "spatial_precision": "planning_anchor ±25–100 m",
        "evidence_class": "engineering_assumption",
        "source_url": "https://www.lincolnfinancialfield.com/lots-de/"
      }
    },
    {
      "type": "Feature",
      "id": "philadelphia-signals-TMP",
      "geometry": {
        "type": "Point",
        "coordinates": [
          -75.16965,
          39.90006
        ]
      },
      "properties": {
        "project_id": "philadelphia-signals-TMP",
        "host_region_code": 9,
        "city_id": "philadelphia",
        "host_region": "Philadelphia",
        "category": "signals",
        "category_name": "Signal timing plans",
        "phase": "temporary",
        "area_id": "phi-lots-de",
        "area_short_code": "PHI-DE",
        "exact_area_name": "Lincoln Financial Field Lots D/E east approach",
        "analysis_radius_m": 300,
        "geometry_type": "point_model",
        "length_m": 1,
        "width_m": 1,
        "height_m": 3,
        "bearing_deg": 295,
        "z_offset_m": 0.05,
        "color": "#F59E0B",
        "opacity": 0.55,
        "allocation_cents": 6750000,
        "render_enabled": "Yes",
        "design_description": "police/manual traffic control and temporary timing plan",
        "implementation_status": "concept_only",
        "spatial_precision": "planning_anchor ±25–100 m",
        "evidence_class": "engineering_assumption",
        "source_url": "https://www.lincolnfinancialfield.com/lots-de/"
      }
    },
    {
      "type": "Feature",
      "id": "philadelphia-hub-TMP",
      "geometry": {
        "type": "Polygon",
        "coordinates": [
          [
            [
              -75.1702766435922,
              39.90013021621057
            ],
            [
              -75.16980652853414,
              39.900530763223585
            ],
            [
              -75.16902335998098,
              39.89998978199792
            ],
            [
              -75.16949347132764,
              39.899589234984894
            ],
            [
              -75.1702766435922,
              39.90013021621057
            ]
          ]
        ]
      },
      "properties": {
        "project_id": "philadelphia-hub-TMP",
        "host_region_code": 9,
        "city_id": "philadelphia",
        "host_region": "Philadelphia",
        "category": "hub",
        "category_name": "Hub-to-stadium shuttle package",
        "phase": "temporary",
        "area_id": "phi-lots-de",
        "area_short_code": "PHI-DE",
        "exact_area_name": "Lincoln Financial Field Lots D/E east approach",
        "analysis_radius_m": 300,
        "geometry_type": "polygon_extrusion",
        "length_m": 90,
        "width_m": 60,
        "height_m": 3,
        "bearing_deg": 312,
        "z_offset_m": 0.05,
        "color": "#F59E0B",
        "opacity": 0.55,
        "allocation_cents": 30000000,
        "render_enabled": "Yes",
        "design_description": "pop-up shuttle zone; temporary shelters and dispatch",
        "implementation_status": "concept_only",
        "spatial_precision": "planning_anchor ±25–100 m",
        "evidence_class": "engineering_assumption",
        "source_url": "https://www.lincolnfinancialfield.com/lots-de/"
      }
    },
    {
      "type": "Feature",
      "id": "philadelphia-parkride-TMP",
      "geometry": {
        "type": "Polygon",
        "coordinates": [
          [
            [
              -75.17106618731113,
              39.90056000288153
            ],
            [
              -75.16956061186055,
              39.90125400274339
            ],
            [
              -75.16823384007442,
              39.899559988471616
            ],
            [
              -75.16973937830589,
              39.89886598860976
            ],
            [
              -75.17106618731113,
              39.90056000288153
            ]
          ]
        ]
      },
      "properties": {
        "project_id": "philadelphia-parkride-TMP",
        "host_region_code": 9,
        "city_id": "philadelphia",
        "host_region": "Philadelphia",
        "category": "parkride",
        "category_name": "Park-and-ride package",
        "phase": "temporary",
        "area_id": "phi-lots-de",
        "area_short_code": "PHI-DE",
        "exact_area_name": "Lincoln Financial Field Lots D/E east approach",
        "analysis_radius_m": 300,
        "geometry_type": "polygon_extrusion",
        "length_m": 220,
        "width_m": 150,
        "height_m": 0.2,
        "bearing_deg": 329,
        "z_offset_m": 0.05,
        "color": "#F59E0B",
        "opacity": 0.55,
        "allocation_cents": 0,
        "render_enabled": "No",
        "design_description": "leased intercept lots and temporary signing",
        "implementation_status": "concept_only",
        "spatial_precision": "planning_anchor ±25–100 m",
        "evidence_class": "engineering_assumption",
        "source_url": "https://www.lincolnfinancialfield.com/lots-de/"
      }
    },
    {
      "type": "Feature",
      "id": "philadelphia-ped-TMP",
      "geometry": {
        "type": "LineString",
        "coordinates": [
          [
            -75.17133383942823,
            39.897726926096304
          ],
          [
            -75.1736,
            39.9047
          ],
          [
            -75.17586662190126,
            39.91167302978615
          ]
        ]
      },
      "properties": {
        "project_id": "philadelphia-ped-TMP",
        "host_region_code": 9,
        "city_id": "philadelphia",
        "host_region": "Philadelphia",
        "category": "ped",
        "category_name": "Protected pedestrian corridor",
        "phase": "temporary",
        "area_id": "phi-nrg-station",
        "area_short_code": "PHI-NRG",
        "exact_area_name": "NRG Station and Broad Street queue zone",
        "analysis_radius_m": 250,
        "geometry_type": "line_extrusion",
        "length_m": 1600,
        "width_m": 6,
        "height_m": 0.15,
        "bearing_deg": 346,
        "z_offset_m": 0.05,
        "color": "#F59E0B",
        "opacity": 0.55,
        "allocation_cents": 0,
        "render_enabled": "No",
        "design_description": "barricaded protected corridor; marshals and lighting",
        "implementation_status": "concept_only",
        "spatial_precision": "planning_anchor ±25–100 m",
        "evidence_class": "engineering_assumption",
        "source_url": "https://wwww.septa.org/news/infrastructure-improvements-for-fifa/"
      }
    },
    {
      "type": "Feature",
      "id": "philadelphia-bike-TMP",
      "geometry": {
        "type": "LineString",
        "coordinates": [
          [
            -75.17458039004715,
            39.89034664908394
          ],
          [
            -75.1736,
            39.9047
          ],
          [
            -75.17261919909033,
            39.91905334265717
          ]
        ]
      },
      "properties": {
        "project_id": "philadelphia-bike-TMP",
        "host_region_code": 9,
        "city_id": "philadelphia",
        "host_region": "Philadelphia",
        "category": "bike",
        "category_name": "Protected bicycle access",
        "phase": "temporary",
        "area_id": "phi-nrg-station",
        "area_short_code": "PHI-NRG",
        "exact_area_name": "NRG Station and Broad Street queue zone",
        "analysis_radius_m": 250,
        "geometry_type": "line_extrusion",
        "length_m": 3200,
        "width_m": 3,
        "height_m": 0.1,
        "bearing_deg": 3,
        "z_offset_m": 0.05,
        "color": "#F59E0B",
        "opacity": 0.55,
        "allocation_cents": 0,
        "render_enabled": "No",
        "design_description": "pop-up protected lane and attended bike valet",
        "implementation_status": "concept_only",
        "spatial_precision": "planning_anchor ±25–100 m",
        "evidence_class": "engineering_assumption",
        "source_url": "https://wwww.septa.org/news/infrastructure-improvements-for-fifa/"
      }
    },
    {
      "type": "Feature",
      "id": "philadelphia-tnc-TMP",
      "geometry": {
        "type": "Polygon",
        "coordinates": [
          [
            [
              -75.16975740516676,
              39.900424578170174
            ],
            [
              -75.16926225092371,
              39.90028631930518
            ],
            [
              -75.16954259625892,
              39.89969542113465
            ],
            [
              -75.17003774623224,
              39.89983367999964
            ],
            [
              -75.16975740516676,
              39.900424578170174
            ]
          ]
        ]
      },
      "properties": {
        "project_id": "philadelphia-tnc-TMP",
        "host_region_code": 9,
        "city_id": "philadelphia",
        "host_region": "Philadelphia",
        "category": "tnc",
        "category_name": "Managed rideshare hub",
        "phase": "temporary",
        "area_id": "phi-lots-de",
        "area_short_code": "PHI-DE",
        "exact_area_name": "Lincoln Financial Field Lots D/E east approach",
        "analysis_radius_m": 300,
        "geometry_type": "polygon_extrusion",
        "length_m": 70,
        "width_m": 45,
        "height_m": 0.2,
        "bearing_deg": 20,
        "z_offset_m": 0.05,
        "color": "#F59E0B",
        "opacity": 0.55,
        "allocation_cents": 20000000,
        "render_enabled": "Yes",
        "design_description": "staffed geofenced pickup with temporary lane control",
        "implementation_status": "concept_only",
        "spatial_precision": "planning_anchor ±25–100 m",
        "evidence_class": "engineering_assumption",
        "source_url": "https://www.lincolnfinancialfield.com/lots-de/"
      }
    },
    {
      "type": "Feature",
      "id": "philadelphia-wayfinding-TMP",
      "geometry": {
        "type": "Point",
        "coordinates": [
          -75.1736,
          39.9047
        ]
      },
      "properties": {
        "project_id": "philadelphia-wayfinding-TMP",
        "host_region_code": 9,
        "city_id": "philadelphia",
        "host_region": "Philadelphia",
        "category": "wayfinding",
        "category_name": "Multilingual wayfinding",
        "phase": "temporary",
        "area_id": "phi-nrg-station",
        "area_short_code": "PHI-NRG",
        "exact_area_name": "NRG Station and Broad Street queue zone",
        "analysis_radius_m": 250,
        "geometry_type": "point_model",
        "length_m": 1,
        "width_m": 1,
        "height_m": 2.5,
        "bearing_deg": 37,
        "z_offset_m": 0.05,
        "color": "#F59E0B",
        "opacity": 0.55,
        "allocation_cents": 13500000,
        "render_enabled": "Yes",
        "design_description": "portable signs; digital messages; multilingual ambassadors",
        "implementation_status": "concept_only",
        "spatial_precision": "planning_anchor ±25–100 m",
        "evidence_class": "engineering_assumption",
        "source_url": "https://wwww.septa.org/news/infrastructure-improvements-for-fifa/"
      }
    },
    {
      "type": "Feature",
      "id": "philadelphia-station-TMP",
      "geometry": {
        "type": "Point",
        "coordinates": [
          -75.1736,
          39.9047
        ]
      },
      "properties": {
        "project_id": "philadelphia-station-TMP",
        "host_region_code": 9,
        "city_id": "philadelphia",
        "host_region": "Philadelphia",
        "category": "station",
        "category_name": "Station-capacity package",
        "phase": "temporary",
        "area_id": "phi-nrg-station",
        "area_short_code": "PHI-NRG",
        "exact_area_name": "NRG Station and Broad Street queue zone",
        "analysis_radius_m": 250,
        "geometry_type": "glb_model",
        "length_m": 120,
        "width_m": 45,
        "height_m": 6,
        "bearing_deg": 54,
        "z_offset_m": 0.05,
        "color": "#F59E0B",
        "opacity": 0.55,
        "allocation_cents": 50000000,
        "render_enabled": "Yes",
        "design_description": "temporary gates; queue barriers; portable fare equipment",
        "implementation_status": "concept_only",
        "spatial_precision": "planning_anchor ±25–100 m",
        "evidence_class": "engineering_assumption",
        "source_url": "https://wwww.septa.org/news/infrastructure-improvements-for-fifa/"
      }
    },
    {
      "type": "Feature",
      "id": "philadelphia-toc-TMP",
      "geometry": {
        "type": "Point",
        "coordinates": [
          -75.16965,
          39.90006
        ]
      },
      "properties": {
        "project_id": "philadelphia-toc-TMP",
        "host_region_code": 9,
        "city_id": "philadelphia",
        "host_region": "Philadelphia",
        "category": "toc",
        "category_name": "Integrated traffic operations",
        "phase": "temporary",
        "area_id": "phi-lots-de",
        "area_short_code": "PHI-DE",
        "exact_area_name": "Lincoln Financial Field Lots D/E east approach",
        "analysis_radius_m": 300,
        "geometry_type": "glb_model",
        "length_m": 60,
        "width_m": 40,
        "height_m": 4,
        "bearing_deg": 71,
        "z_offset_m": 0.05,
        "color": "#F59E0B",
        "opacity": 0.55,
        "allocation_cents": 37500000,
        "render_enabled": "Yes",
        "design_description": "unified incident command and temporary sensor feeds",
        "implementation_status": "concept_only",
        "spatial_precision": "planning_anchor ±25–100 m",
        "evidence_class": "engineering_assumption",
        "source_url": "https://www.lincolnfinancialfield.com/lots-de/"
      }
    },
    {
      "type": "Feature",
      "id": "philadelphia-access-TMP",
      "geometry": {
        "type": "LineString",
        "coordinates": [
          [
            -75.17828127621237,
            39.90457450288377
          ],
          [
            -75.1736,
            39.9047
          ],
          [
            -75.16891870665094,
            39.904825308893635
          ]
        ]
      },
      "properties": {
        "project_id": "philadelphia-access-TMP",
        "host_region_code": 9,
        "city_id": "philadelphia",
        "host_region": "Philadelphia",
        "category": "access",
        "category_name": "ADA/microtransit access",
        "phase": "temporary",
        "area_id": "phi-nrg-station",
        "area_short_code": "PHI-NRG",
        "exact_area_name": "NRG Station and Broad Street queue zone",
        "analysis_radius_m": 250,
        "geometry_type": "line_extrusion",
        "length_m": 800,
        "width_m": 3,
        "height_m": 0.1,
        "bearing_deg": 88,
        "z_offset_m": 0.05,
        "color": "#F59E0B",
        "opacity": 0.55,
        "allocation_cents": 0,
        "render_enabled": "No",
        "design_description": "accessible shuttles; temporary ramps and staffed assistance",
        "implementation_status": "concept_only",
        "spatial_precision": "planning_anchor ±25–100 m",
        "evidence_class": "engineering_assumption",
        "source_url": "https://wwww.septa.org/news/infrastructure-improvements-for-fifa/"
      }
    },
    {
      "type": "Feature",
      "id": "sf-bay-service-TMP",
      "geometry": {
        "type": "LineString",
        "coordinates": [
          [
            -121.9669384209415,
            37.40116341813312
          ],
          [
            -121.974908,
            37.403468
          ],
          [
            -121.98287806924642,
            37.40577204694069
          ]
        ]
      },
      "properties": {
        "project_id": "sf-bay-service-TMP",
        "host_region_code": 10,
        "city_id": "sf-bay",
        "host_region": "San Francisco Bay Area",
        "category": "service",
        "category_name": "Extra transit service",
        "phase": "temporary",
        "area_id": "sf-great-america-station",
        "area_short_code": "SF-GA",
        "exact_area_name": "Great America VTA station platform queue",
        "analysis_radius_m": 250,
        "geometry_type": "animated_route",
        "length_m": 1500,
        "width_m": 2,
        "height_m": 0.5,
        "bearing_deg": 290,
        "z_offset_m": 0.05,
        "color": "#F59E0B",
        "opacity": 0.55,
        "allocation_cents": 132000000,
        "render_enabled": "Yes",
        "design_description": "extra rail/bus vehicle-hours; standby operators; event timetable",
        "implementation_status": "concept_only",
        "spatial_precision": "planning_anchor ±25–100 m",
        "evidence_class": "engineering_assumption",
        "source_url": "https://www.vta.org/go/stations/great-america"
      }
    },
    {
      "type": "Feature",
      "id": "sf-bay-buslane-TMP",
      "geometry": {
        "type": "LineString",
        "coordinates": [
          [
            -121.95515158150488,
            37.394849206783235
          ],
          [
            -121.9696,
            37.4035
          ],
          [
            -121.98405175471655,
            37.412149034736835
          ]
        ]
      },
      "properties": {
        "project_id": "sf-bay-buslane-TMP",
        "host_region_code": 10,
        "city_id": "sf-bay",
        "host_region": "San Francisco Bay Area",
        "category": "buslane",
        "category_name": "Transit-priority lanes",
        "phase": "temporary",
        "area_id": "sf-tasman-debartolo",
        "area_short_code": "SF-TAS",
        "exact_area_name": "Tasman Drive and Marie P. DeBartolo Way east plaza",
        "analysis_radius_m": 300,
        "geometry_type": "line_extrusion",
        "length_m": 3200,
        "width_m": 3.5,
        "height_m": 0.1,
        "bearing_deg": 307,
        "z_offset_m": 0.05,
        "color": "#F59E0B",
        "opacity": 0.55,
        "allocation_cents": 64800000,
        "render_enabled": "Yes",
        "design_description": "cone- and paint-defined bus lane with enforcement",
        "implementation_status": "concept_only",
        "spatial_precision": "planning_anchor ±25–100 m",
        "evidence_class": "engineering_assumption",
        "source_url": "https://www.vta.org/media/37311"
      }
    },
    {
      "type": "Feature",
      "id": "sf-bay-signals-TMP",
      "geometry": {
        "type": "Point",
        "coordinates": [
          -121.9696,
          37.4035
        ]
      },
      "properties": {
        "project_id": "sf-bay-signals-TMP",
        "host_region_code": 10,
        "city_id": "sf-bay",
        "host_region": "San Francisco Bay Area",
        "category": "signals",
        "category_name": "Signal timing plans",
        "phase": "temporary",
        "area_id": "sf-tasman-debartolo",
        "area_short_code": "SF-TAS",
        "exact_area_name": "Tasman Drive and Marie P. DeBartolo Way east plaza",
        "analysis_radius_m": 300,
        "geometry_type": "point_model",
        "length_m": 1,
        "width_m": 1,
        "height_m": 3,
        "bearing_deg": 324,
        "z_offset_m": 0.05,
        "color": "#F59E0B",
        "opacity": 0.55,
        "allocation_cents": 9000000,
        "render_enabled": "Yes",
        "design_description": "police/manual traffic control and temporary timing plan",
        "implementation_status": "concept_only",
        "spatial_precision": "planning_anchor ±25–100 m",
        "evidence_class": "engineering_assumption",
        "source_url": "https://www.vta.org/media/37311"
      }
    },
    {
      "type": "Feature",
      "id": "sf-bay-hub-TMP",
      "geometry": {
        "type": "Polygon",
        "coordinates": [
          [
            [
              -121.97008644641016,
              37.40379447880095
            ],
            [
              -121.96944490399272,
              37.40396995651045
            ],
            [
              -121.96911355780131,
              37.403205520101366
            ],
            [
              -121.96975509367377,
              37.40303004239187
            ],
            [
              -121.97008644641016,
              37.40379447880095
            ]
          ]
        ]
      },
      "properties": {
        "project_id": "sf-bay-hub-TMP",
        "host_region_code": 10,
        "city_id": "sf-bay",
        "host_region": "San Francisco Bay Area",
        "category": "hub",
        "category_name": "Hub-to-stadium shuttle package",
        "phase": "temporary",
        "area_id": "sf-tasman-debartolo",
        "area_short_code": "SF-TAS",
        "exact_area_name": "Tasman Drive and Marie P. DeBartolo Way east plaza",
        "analysis_radius_m": 300,
        "geometry_type": "polygon_extrusion",
        "length_m": 90,
        "width_m": 60,
        "height_m": 3,
        "bearing_deg": 341,
        "z_offset_m": 0.05,
        "color": "#F59E0B",
        "opacity": 0.55,
        "allocation_cents": 30000000,
        "render_enabled": "Yes",
        "design_description": "pop-up shuttle zone; temporary shelters and dispatch",
        "implementation_status": "concept_only",
        "spatial_precision": "planning_anchor ±25–100 m",
        "evidence_class": "engineering_assumption",
        "source_url": "https://www.vta.org/media/37311"
      }
    },
    {
      "type": "Feature",
      "id": "sf-bay-parkride-TMP",
      "geometry": {
        "type": "Polygon",
        "coordinates": [
          [
            [
              -121.97049103854305,
              37.40446402876342
            ],
            [
              -121.96879578684896,
              37.40451105489036
            ],
            [
              -121.96870898441159,
              37.402535965170195
            ],
            [
              -121.97040419142105,
              37.402488939043245
            ],
            [
              -121.97049103854305,
              37.40446402876342
            ]
          ]
        ]
      },
      "properties": {
        "project_id": "sf-bay-parkride-TMP",
        "host_region_code": 10,
        "city_id": "sf-bay",
        "host_region": "San Francisco Bay Area",
        "category": "parkride",
        "category_name": "Park-and-ride package",
        "phase": "temporary",
        "area_id": "sf-tasman-debartolo",
        "area_short_code": "SF-TAS",
        "exact_area_name": "Tasman Drive and Marie P. DeBartolo Way east plaza",
        "analysis_radius_m": 300,
        "geometry_type": "polygon_extrusion",
        "length_m": 220,
        "width_m": 150,
        "height_m": 0.2,
        "bearing_deg": 358,
        "z_offset_m": 0.05,
        "color": "#F59E0B",
        "opacity": 0.55,
        "allocation_cents": 22500000,
        "render_enabled": "Yes",
        "design_description": "leased intercept lots and temporary signing",
        "implementation_status": "concept_only",
        "spatial_precision": "planning_anchor ±25–100 m",
        "evidence_class": "engineering_assumption",
        "source_url": "https://www.vta.org/media/37311"
      }
    },
    {
      "type": "Feature",
      "id": "sf-bay-ped-TMP",
      "geometry": {
        "type": "LineString",
        "coordinates": [
          [
            -121.97724924923007,
            37.39652632945306
          ],
          [
            -121.974908,
            37.403468
          ],
          [
            -121.97256631693698,
            37.410409624375646
          ]
        ]
      },
      "properties": {
        "project_id": "sf-bay-ped-TMP",
        "host_region_code": 10,
        "city_id": "sf-bay",
        "host_region": "San Francisco Bay Area",
        "category": "ped",
        "category_name": "Protected pedestrian corridor",
        "phase": "temporary",
        "area_id": "sf-great-america-station",
        "area_short_code": "SF-GA",
        "exact_area_name": "Great America VTA station platform queue",
        "analysis_radius_m": 250,
        "geometry_type": "line_extrusion",
        "length_m": 1600,
        "width_m": 6,
        "height_m": 0.15,
        "bearing_deg": 15,
        "z_offset_m": 0.05,
        "color": "#F59E0B",
        "opacity": 0.55,
        "allocation_cents": 0,
        "render_enabled": "No",
        "design_description": "barricaded protected corridor; marshals and lighting",
        "implementation_status": "concept_only",
        "spatial_precision": "planning_anchor ±25–100 m",
        "evidence_class": "engineering_assumption",
        "source_url": "https://www.vta.org/go/stations/great-america"
      }
    },
    {
      "type": "Feature",
      "id": "sf-bay-bike-TMP",
      "geometry": {
        "type": "LineString",
        "coordinates": [
          [
            -121.98449451406131,
            37.39127857993045
          ],
          [
            -121.974908,
            37.403468
          ],
          [
            -121.96531836652665,
            37.41565664585897
          ]
        ]
      },
      "properties": {
        "project_id": "sf-bay-bike-TMP",
        "host_region_code": 10,
        "city_id": "sf-bay",
        "host_region": "San Francisco Bay Area",
        "category": "bike",
        "category_name": "Protected bicycle access",
        "phase": "temporary",
        "area_id": "sf-great-america-station",
        "area_short_code": "SF-GA",
        "exact_area_name": "Great America VTA station platform queue",
        "analysis_radius_m": 250,
        "geometry_type": "line_extrusion",
        "length_m": 3200,
        "width_m": 3,
        "height_m": 0.1,
        "bearing_deg": 32,
        "z_offset_m": 0.05,
        "color": "#F59E0B",
        "opacity": 0.55,
        "allocation_cents": 0,
        "render_enabled": "No",
        "design_description": "pop-up protected lane and attended bike valet",
        "implementation_status": "concept_only",
        "spatial_precision": "planning_anchor ±25–100 m",
        "evidence_class": "engineering_assumption",
        "source_url": "https://www.vta.org/go/stations/great-america"
      }
    },
    {
      "type": "Feature",
      "id": "sf-bay-tnc-TMP",
      "geometry": {
        "type": "Polygon",
        "coordinates": [
          [
            [
              -121.96946821724943,
              37.40385881386447
            ],
            [
              -121.96913436179857,
              37.403553728646536
            ],
            [
              -121.96973178270468,
              37.40314118514942
            ],
            [
              -121.97006563631741,
              37.40344627036736
            ],
            [
              -121.96946821724943,
              37.40385881386447
            ]
          ]
        ]
      },
      "properties": {
        "project_id": "sf-bay-tnc-TMP",
        "host_region_code": 10,
        "city_id": "sf-bay",
        "host_region": "San Francisco Bay Area",
        "category": "tnc",
        "category_name": "Managed rideshare hub",
        "phase": "temporary",
        "area_id": "sf-tasman-debartolo",
        "area_short_code": "SF-TAS",
        "exact_area_name": "Tasman Drive and Marie P. DeBartolo Way east plaza",
        "analysis_radius_m": 300,
        "geometry_type": "polygon_extrusion",
        "length_m": 70,
        "width_m": 45,
        "height_m": 0.2,
        "bearing_deg": 49,
        "z_offset_m": 0.05,
        "color": "#F59E0B",
        "opacity": 0.55,
        "allocation_cents": 40000000,
        "render_enabled": "Yes",
        "design_description": "staffed geofenced pickup with temporary lane control",
        "implementation_status": "concept_only",
        "spatial_precision": "planning_anchor ±25–100 m",
        "evidence_class": "engineering_assumption",
        "source_url": "https://www.vta.org/media/37311"
      }
    },
    {
      "type": "Feature",
      "id": "sf-bay-wayfinding-TMP",
      "geometry": {
        "type": "Point",
        "coordinates": [
          -121.974908,
          37.403468
        ]
      },
      "properties": {
        "project_id": "sf-bay-wayfinding-TMP",
        "host_region_code": 10,
        "city_id": "sf-bay",
        "host_region": "San Francisco Bay Area",
        "category": "wayfinding",
        "category_name": "Multilingual wayfinding",
        "phase": "temporary",
        "area_id": "sf-great-america-station",
        "area_short_code": "SF-GA",
        "exact_area_name": "Great America VTA station platform queue",
        "analysis_radius_m": 250,
        "geometry_type": "point_model",
        "length_m": 1,
        "width_m": 1,
        "height_m": 2.5,
        "bearing_deg": 66,
        "z_offset_m": 0.05,
        "color": "#F59E0B",
        "opacity": 0.55,
        "allocation_cents": 27000000,
        "render_enabled": "Yes",
        "design_description": "portable signs; digital messages; multilingual ambassadors",
        "implementation_status": "concept_only",
        "spatial_precision": "planning_anchor ±25–100 m",
        "evidence_class": "engineering_assumption",
        "source_url": "https://www.vta.org/go/stations/great-america"
      }
    },
    {
      "type": "Feature",
      "id": "sf-bay-station-TMP",
      "geometry": {
        "type": "Point",
        "coordinates": [
          -121.974908,
          37.403468
        ]
      },
      "properties": {
        "project_id": "sf-bay-station-TMP",
        "host_region_code": 10,
        "city_id": "sf-bay",
        "host_region": "San Francisco Bay Area",
        "category": "station",
        "category_name": "Station-capacity package",
        "phase": "temporary",
        "area_id": "sf-great-america-station",
        "area_short_code": "SF-GA",
        "exact_area_name": "Great America VTA station platform queue",
        "analysis_radius_m": 250,
        "geometry_type": "glb_model",
        "length_m": 120,
        "width_m": 45,
        "height_m": 6,
        "bearing_deg": 83,
        "z_offset_m": 0.05,
        "color": "#F59E0B",
        "opacity": 0.55,
        "allocation_cents": 25000000,
        "render_enabled": "Yes",
        "design_description": "temporary gates; queue barriers; portable fare equipment",
        "implementation_status": "concept_only",
        "spatial_precision": "planning_anchor ±25–100 m",
        "evidence_class": "engineering_assumption",
        "source_url": "https://www.vta.org/go/stations/great-america"
      }
    },
    {
      "type": "Feature",
      "id": "sf-bay-toc-TMP",
      "geometry": {
        "type": "Point",
        "coordinates": [
          -121.9696,
          37.4035
        ]
      },
      "properties": {
        "project_id": "sf-bay-toc-TMP",
        "host_region_code": 10,
        "city_id": "sf-bay",
        "host_region": "San Francisco Bay Area",
        "category": "toc",
        "category_name": "Integrated traffic operations",
        "phase": "temporary",
        "area_id": "sf-tasman-debartolo",
        "area_short_code": "SF-TAS",
        "exact_area_name": "Tasman Drive and Marie P. DeBartolo Way east plaza",
        "analysis_radius_m": 300,
        "geometry_type": "glb_model",
        "length_m": 60,
        "width_m": 40,
        "height_m": 4,
        "bearing_deg": 100,
        "z_offset_m": 0.05,
        "color": "#F59E0B",
        "opacity": 0.55,
        "allocation_cents": 37500000,
        "render_enabled": "Yes",
        "design_description": "unified incident command and temporary sensor feeds",
        "implementation_status": "concept_only",
        "spatial_precision": "planning_anchor ±25–100 m",
        "evidence_class": "engineering_assumption",
        "source_url": "https://www.vta.org/media/37311"
      }
    },
    {
      "type": "Feature",
      "id": "sf-bay-access-TMP",
      "geometry": {
        "type": "LineString",
        "coordinates": [
          [
            -121.97893843563591,
            37.405099238017435
          ],
          [
            -121.974908,
            37.403468
          ],
          [
            -121.97087773985322,
            37.401836625184025
          ]
        ]
      },
      "properties": {
        "project_id": "sf-bay-access-TMP",
        "host_region_code": 10,
        "city_id": "sf-bay",
        "host_region": "San Francisco Bay Area",
        "category": "access",
        "category_name": "ADA/microtransit access",
        "phase": "temporary",
        "area_id": "sf-great-america-station",
        "area_short_code": "SF-GA",
        "exact_area_name": "Great America VTA station platform queue",
        "analysis_radius_m": 250,
        "geometry_type": "line_extrusion",
        "length_m": 800,
        "width_m": 3,
        "height_m": 0.1,
        "bearing_deg": 117,
        "z_offset_m": 0.05,
        "color": "#F59E0B",
        "opacity": 0.55,
        "allocation_cents": 0,
        "render_enabled": "No",
        "design_description": "accessible shuttles; temporary ramps and staffed assistance",
        "implementation_status": "concept_only",
        "spatial_precision": "planning_anchor ±25–100 m",
        "evidence_class": "engineering_assumption",
        "source_url": "https://www.vta.org/go/stations/great-america"
      }
    },
    {
      "type": "Feature",
      "id": "seattle-service-TMP",
      "geometry": {
        "type": "LineString",
        "coordinates": [
          [
            -122.32064659226937,
            47.58661505972854
          ],
          [
            -122.3272,
            47.5917
          ],
          [
            -122.33375468132125,
            47.596784566946965
          ]
        ]
      },
      "properties": {
        "project_id": "seattle-service-TMP",
        "host_region_code": 11,
        "city_id": "seattle",
        "host_region": "Seattle",
        "category": "service",
        "category_name": "Extra transit service",
        "phase": "temporary",
        "area_id": "sea-stadium-station",
        "area_short_code": "SEA-STA",
        "exact_area_name": "Stadium Station and Royal Brougham Way approach",
        "analysis_radius_m": 250,
        "geometry_type": "animated_route",
        "length_m": 1500,
        "width_m": 2,
        "height_m": 0.5,
        "bearing_deg": 319,
        "z_offset_m": 0.05,
        "color": "#F59E0B",
        "opacity": 0.55,
        "allocation_cents": 132000000,
        "render_enabled": "Yes",
        "design_description": "extra rail/bus vehicle-hours; standby operators; event timetable",
        "implementation_status": "concept_only",
        "spatial_precision": "planning_anchor ±25–100 m",
        "evidence_class": "engineering_assumption",
        "source_url": "https://www.soundtransit.org/ride-with-us/popular-destinations/lumen-field"
      }
    },
    {
      "type": "Feature",
      "id": "seattle-buslane-TMP",
      "geometry": {
        "type": "LineString",
        "coordinates": [
          [
            -122.32413365095086,
            47.57936924401441
          ],
          [
            -122.3328,
            47.5925
          ],
          [
            -122.34147069902484,
            47.60563010291981
          ]
        ]
      },
      "properties": {
        "project_id": "seattle-buslane-TMP",
        "host_region_code": 11,
        "city_id": "seattle",
        "host_region": "Seattle",
        "category": "buslane",
        "category_name": "Transit-priority lanes",
        "phase": "temporary",
        "area_id": "sea-occidental-south",
        "area_short_code": "SEA-OCC",
        "exact_area_name": "Occidental Avenue South plaza approach",
        "analysis_radius_m": 300,
        "geometry_type": "line_extrusion",
        "length_m": 3200,
        "width_m": 3.5,
        "height_m": 0.1,
        "bearing_deg": 336,
        "z_offset_m": 0.05,
        "color": "#F59E0B",
        "opacity": 0.55,
        "allocation_cents": 48600000,
        "render_enabled": "Yes",
        "design_description": "cone- and paint-defined bus lane with enforcement",
        "implementation_status": "concept_only",
        "spatial_precision": "planning_anchor ±25–100 m",
        "evidence_class": "engineering_assumption",
        "source_url": "https://www.lumenfield.com/multi-day-events/taylor-swift-2023"
      }
    },
    {
      "type": "Feature",
      "id": "seattle-signals-TMP",
      "geometry": {
        "type": "Point",
        "coordinates": [
          -122.3328,
          47.5925
        ]
      },
      "properties": {
        "project_id": "seattle-signals-TMP",
        "host_region_code": 11,
        "city_id": "seattle",
        "host_region": "Seattle",
        "category": "signals",
        "category_name": "Signal timing plans",
        "phase": "temporary",
        "area_id": "sea-occidental-south",
        "area_short_code": "SEA-OCC",
        "exact_area_name": "Occidental Avenue South plaza approach",
        "analysis_radius_m": 300,
        "geometry_type": "point_model",
        "length_m": 1,
        "width_m": 1,
        "height_m": 3,
        "bearing_deg": 353,
        "z_offset_m": 0.05,
        "color": "#F59E0B",
        "opacity": 0.55,
        "allocation_cents": 9000000,
        "render_enabled": "Yes",
        "design_description": "police/manual traffic control and temporary timing plan",
        "implementation_status": "concept_only",
        "spatial_precision": "planning_anchor ±25–100 m",
        "evidence_class": "engineering_assumption",
        "source_url": "https://www.lumenfield.com/multi-day-events/taylor-swift-2023"
      }
    },
    {
      "type": "Feature",
      "id": "seattle-hub-TMP",
      "geometry": {
        "type": "Polygon",
        "coordinates": [
          [
            [
              -122.33308945209093,
              47.592944897058956
            ],
            [
              -122.3323023739427,
              47.59285130257172
            ],
            [
              -122.33251055301669,
              47.59205510150093
            ],
            [
              -122.33329761919009,
              47.59214869598816
            ],
            [
              -122.33308945209093,
              47.592944897058956
            ]
          ]
        ]
      },
      "properties": {
        "project_id": "seattle-hub-TMP",
        "host_region_code": 11,
        "city_id": "seattle",
        "host_region": "Seattle",
        "category": "hub",
        "category_name": "Hub-to-stadium shuttle package",
        "phase": "temporary",
        "area_id": "sea-occidental-south",
        "area_short_code": "SEA-OCC",
        "exact_area_name": "Occidental Avenue South plaza approach",
        "analysis_radius_m": 300,
        "geometry_type": "polygon_extrusion",
        "length_m": 90,
        "width_m": 60,
        "height_m": 3,
        "bearing_deg": 10,
        "z_offset_m": 0.05,
        "color": "#F59E0B",
        "opacity": 0.55,
        "allocation_cents": 0,
        "render_enabled": "No",
        "design_description": "pop-up shuttle zone; temporary shelters and dispatch",
        "implementation_status": "concept_only",
        "spatial_precision": "planning_anchor ±25–100 m",
        "evidence_class": "engineering_assumption",
        "source_url": "https://www.lumenfield.com/multi-day-events/taylor-swift-2023"
      }
    },
    {
      "type": "Feature",
      "id": "seattle-parkride-TMP",
      "geometry": {
        "type": "Polygon",
        "coordinates": [
          [
            [
              -122.33302494156989,
              47.59368630984433
            ],
            [
              -122.3312446493581,
              47.59307456993725
            ],
            [
              -122.33257507640405,
              47.5913136794239
            ],
            [
              -122.33435530871274,
              47.591925419330984
            ],
            [
              -122.33302494156989,
              47.59368630984433
            ]
          ]
        ]
      },
      "properties": {
        "project_id": "seattle-parkride-TMP",
        "host_region_code": 11,
        "city_id": "seattle",
        "host_region": "Seattle",
        "category": "parkride",
        "category_name": "Park-and-ride package",
        "phase": "temporary",
        "area_id": "sea-occidental-south",
        "area_short_code": "SEA-OCC",
        "exact_area_name": "Occidental Avenue South plaza approach",
        "analysis_radius_m": 300,
        "geometry_type": "polygon_extrusion",
        "length_m": 220,
        "width_m": 150,
        "height_m": 0.2,
        "bearing_deg": 27,
        "z_offset_m": 0.05,
        "color": "#F59E0B",
        "opacity": 0.55,
        "allocation_cents": 0,
        "render_enabled": "No",
        "design_description": "leased intercept lots and temporary signing",
        "implementation_status": "concept_only",
        "spatial_precision": "planning_anchor ±25–100 m",
        "evidence_class": "engineering_assumption",
        "source_url": "https://www.lumenfield.com/multi-day-events/taylor-swift-2023"
      }
    },
    {
      "type": "Feature",
      "id": "seattle-ped-TMP",
      "geometry": {
        "type": "LineString",
        "coordinates": [
          [
            -122.33460156513274,
            47.586530210426936
          ],
          [
            -122.3272,
            47.5917
          ],
          [
            -122.31979697245475,
            47.59686931336071
          ]
        ]
      },
      "properties": {
        "project_id": "seattle-ped-TMP",
        "host_region_code": 11,
        "city_id": "seattle",
        "host_region": "Seattle",
        "category": "ped",
        "category_name": "Protected pedestrian corridor",
        "phase": "temporary",
        "area_id": "sea-stadium-station",
        "area_short_code": "SEA-STA",
        "exact_area_name": "Stadium Station and Royal Brougham Way approach",
        "analysis_radius_m": 250,
        "geometry_type": "line_extrusion",
        "length_m": 1600,
        "width_m": 6,
        "height_m": 0.15,
        "bearing_deg": 44,
        "z_offset_m": 0.05,
        "color": "#F59E0B",
        "opacity": 0.55,
        "allocation_cents": 21000000,
        "render_enabled": "Yes",
        "design_description": "barricaded protected corridor; marshals and lighting",
        "implementation_status": "concept_only",
        "spatial_precision": "planning_anchor ±25–100 m",
        "evidence_class": "engineering_assumption",
        "source_url": "https://www.soundtransit.org/ride-with-us/popular-destinations/lumen-field"
      }
    },
    {
      "type": "Feature",
      "id": "seattle-bike-TMP",
      "geometry": {
        "type": "LineString",
        "coordinates": [
          [
            -122.34583745534442,
            47.58473030016379
          ],
          [
            -122.3272,
            47.5917
          ],
          [
            -122.30855758084749,
            47.59866668018609
          ]
        ]
      },
      "properties": {
        "project_id": "seattle-bike-TMP",
        "host_region_code": 11,
        "city_id": "seattle",
        "host_region": "Seattle",
        "category": "bike",
        "category_name": "Protected bicycle access",
        "phase": "temporary",
        "area_id": "sea-stadium-station",
        "area_short_code": "SEA-STA",
        "exact_area_name": "Stadium Station and Royal Brougham Way approach",
        "analysis_radius_m": 250,
        "geometry_type": "line_extrusion",
        "length_m": 3200,
        "width_m": 3,
        "height_m": 0.1,
        "bearing_deg": 61,
        "z_offset_m": 0.05,
        "color": "#F59E0B",
        "opacity": 0.55,
        "allocation_cents": 0,
        "render_enabled": "No",
        "design_description": "pop-up protected lane and attended bike valet",
        "implementation_status": "concept_only",
        "spatial_precision": "planning_anchor ±25–100 m",
        "evidence_class": "engineering_assumption",
        "source_url": "https://www.soundtransit.org/ride-with-us/popular-destinations/lumen-field"
      }
    },
    {
      "type": "Feature",
      "id": "seattle-tnc-TMP",
      "geometry": {
        "type": "Polygon",
        "coordinates": [
          [
            [
              -122.3324062915606,
              47.5927630727783
            ],
            [
              -122.33228166695164,
              47.59236766455537
            ],
            [
              -122.33319370792663,
              47.59223692538063
            ],
            [
              -122.33331833222422,
              47.59263233360357
            ],
            [
              -122.3324062915606,
              47.5927630727783
            ]
          ]
        ]
      },
      "properties": {
        "project_id": "seattle-tnc-TMP",
        "host_region_code": 11,
        "city_id": "seattle",
        "host_region": "Seattle",
        "category": "tnc",
        "category_name": "Managed rideshare hub",
        "phase": "temporary",
        "area_id": "sea-occidental-south",
        "area_short_code": "SEA-OCC",
        "exact_area_name": "Occidental Avenue South plaza approach",
        "analysis_radius_m": 300,
        "geometry_type": "polygon_extrusion",
        "length_m": 70,
        "width_m": 45,
        "height_m": 0.2,
        "bearing_deg": 78,
        "z_offset_m": 0.05,
        "color": "#F59E0B",
        "opacity": 0.55,
        "allocation_cents": 20000000,
        "render_enabled": "Yes",
        "design_description": "staffed geofenced pickup with temporary lane control",
        "implementation_status": "concept_only",
        "spatial_precision": "planning_anchor ±25–100 m",
        "evidence_class": "engineering_assumption",
        "source_url": "https://www.lumenfield.com/multi-day-events/taylor-swift-2023"
      }
    },
    {
      "type": "Feature",
      "id": "seattle-wayfinding-TMP",
      "geometry": {
        "type": "Point",
        "coordinates": [
          -122.3272,
          47.5917
        ]
      },
      "properties": {
        "project_id": "seattle-wayfinding-TMP",
        "host_region_code": 11,
        "city_id": "seattle",
        "host_region": "Seattle",
        "category": "wayfinding",
        "category_name": "Multilingual wayfinding",
        "phase": "temporary",
        "area_id": "sea-stadium-station",
        "area_short_code": "SEA-STA",
        "exact_area_name": "Stadium Station and Royal Brougham Way approach",
        "analysis_radius_m": 250,
        "geometry_type": "point_model",
        "length_m": 1,
        "width_m": 1,
        "height_m": 2.5,
        "bearing_deg": 95,
        "z_offset_m": 0.05,
        "color": "#F59E0B",
        "opacity": 0.55,
        "allocation_cents": 13500000,
        "render_enabled": "Yes",
        "design_description": "portable signs; digital messages; multilingual ambassadors",
        "implementation_status": "concept_only",
        "spatial_precision": "planning_anchor ±25–100 m",
        "evidence_class": "engineering_assumption",
        "source_url": "https://www.soundtransit.org/ride-with-us/popular-destinations/lumen-field"
      }
    },
    {
      "type": "Feature",
      "id": "seattle-station-TMP",
      "geometry": {
        "type": "Point",
        "coordinates": [
          -122.3272,
          47.5917
        ]
      },
      "properties": {
        "project_id": "seattle-station-TMP",
        "host_region_code": 11,
        "city_id": "seattle",
        "host_region": "Seattle",
        "category": "station",
        "category_name": "Station-capacity package",
        "phase": "temporary",
        "area_id": "sea-stadium-station",
        "area_short_code": "SEA-STA",
        "exact_area_name": "Stadium Station and Royal Brougham Way approach",
        "analysis_radius_m": 250,
        "geometry_type": "glb_model",
        "length_m": 120,
        "width_m": 45,
        "height_m": 6,
        "bearing_deg": 112,
        "z_offset_m": 0.05,
        "color": "#F59E0B",
        "opacity": 0.55,
        "allocation_cents": 50000000,
        "render_enabled": "Yes",
        "design_description": "temporary gates; queue barriers; portable fare equipment",
        "implementation_status": "concept_only",
        "spatial_precision": "planning_anchor ±25–100 m",
        "evidence_class": "engineering_assumption",
        "source_url": "https://www.soundtransit.org/ride-with-us/popular-destinations/lumen-field"
      }
    },
    {
      "type": "Feature",
      "id": "seattle-toc-TMP",
      "geometry": {
        "type": "Point",
        "coordinates": [
          -122.3328,
          47.5925
        ]
      },
      "properties": {
        "project_id": "seattle-toc-TMP",
        "host_region_code": 11,
        "city_id": "seattle",
        "host_region": "Seattle",
        "category": "toc",
        "category_name": "Integrated traffic operations",
        "phase": "temporary",
        "area_id": "sea-occidental-south",
        "area_short_code": "SEA-OCC",
        "exact_area_name": "Occidental Avenue South plaza approach",
        "analysis_radius_m": 300,
        "geometry_type": "glb_model",
        "length_m": 60,
        "width_m": 40,
        "height_m": 4,
        "bearing_deg": 129,
        "z_offset_m": 0.05,
        "color": "#F59E0B",
        "opacity": 0.55,
        "allocation_cents": 37500000,
        "render_enabled": "Yes",
        "design_description": "unified incident command and temporary sensor feeds",
        "implementation_status": "concept_only",
        "spatial_precision": "planning_anchor ±25–100 m",
        "evidence_class": "engineering_assumption",
        "source_url": "https://www.lumenfield.com/multi-day-events/taylor-swift-2023"
      }
    },
    {
      "type": "Feature",
      "id": "seattle-access-TMP",
      "geometry": {
        "type": "LineString",
        "coordinates": [
          [
            -122.33017955610552,
            47.59467890991364
          ],
          [
            -122.3272,
            47.5917
          ],
          [
            -122.3242207830824,
            47.588721012938954
          ]
        ]
      },
      "properties": {
        "project_id": "seattle-access-TMP",
        "host_region_code": 11,
        "city_id": "seattle",
        "host_region": "Seattle",
        "category": "access",
        "category_name": "ADA/microtransit access",
        "phase": "temporary",
        "area_id": "sea-stadium-station",
        "area_short_code": "SEA-STA",
        "exact_area_name": "Stadium Station and Royal Brougham Way approach",
        "analysis_radius_m": 250,
        "geometry_type": "line_extrusion",
        "length_m": 800,
        "width_m": 3,
        "height_m": 0.1,
        "bearing_deg": 146,
        "z_offset_m": 0.05,
        "color": "#F59E0B",
        "opacity": 0.55,
        "allocation_cents": 0,
        "render_enabled": "No",
        "design_description": "accessible shuttles; temporary ramps and staffed assistance",
        "implementation_status": "concept_only",
        "spatial_precision": "planning_anchor ±25–100 m",
        "evidence_class": "engineering_assumption",
        "source_url": "https://www.soundtransit.org/ride-with-us/popular-destinations/lumen-field"
      }
    }
  ]
}
